series_id,task,actor,method,source_record_path,source_record_sha256,source_round,task_rates,episode_counts_by_rate,success_counts_by_rate,evaluation_role,bank_role,bank_sha256,checkpoint_path,checkpoint_sha256,dataset_path,dataset_sha256,exclusion_code,exclusion_reason,canonical_replacement_series_id,canonical_replacement_source,overlap_do_not_pool_with,copy_difference,implementation_audit_status,record_validation_status_by_rate,gate_90_of_100,gate_success_count,gate_episode_count,report_paths
S001,parcel,act:ACT-A:model_seed0,ACT,outputs/paper/act/diag.jsonl,c10c7cc0db5145ffa7c0ae28998c7651581fa448f511e5b9a5ffa499cfea4a55,,[1.0],"{""1.0"":50}","{""1.0"":47}",development,"[""UNKNOWN_LEGACY_UNSTAMPED""]","[""UNKNOWN_NOT_RECORDED""]",outputs/paper/act/act_stow.pt,0d9400462d8ff4d3d99614d48a1d6c365de3e3df8faa9bf88f91677130a0d4af,outputs/paper/demos/expert_episodes.pt,5c443c62d21471897edad0132dbc46bc24f19ea63d77fd2b8f9c6e53bd605fa2,DEVELOPMENT_OR_CHECKPOINT_SELECTION,"Development/qualification evidence, not protected final evidence. Retained for provenance and original gate accounting; excluded from the canonical manuscript endpoint dataset.",NONE_DIFFERENT_ESTIMAND_OR_DEVELOPMENT_ONLY,,,,NOT_DOCUMENTED,"{""1.0"":""COUNTS_ONLY""}",NOT_ASSESSABLE_NO_100_EPISODE_GATE,47,50,"[""experiments/paper/results/README.md"",""outputs/paper/act/results.jsonl""]"
S002,parcel,act:subset100:model_seed0,ACT,outputs/paper/act_demoscale/act_n100/diag.jsonl,566f1d76a040c0d9263aa3dd94df5eb62f54937c193be2b31ee7674784bf4108,,[1.0],"{""1.0"":50}","{""1.0"":26}",development,"[""UNKNOWN_LEGACY_UNSTAMPED""]","[""UNKNOWN_NOT_RECORDED""]",outputs/paper/act_demoscale/act_n100/act_n100.pt,1d1e770441ee7b449d424b068fc6c8b6ffa8873daaa9ed4b2521a7e513328de3,outputs/paper/act_demoscale/demos_n100.pt,1223b95dbe671b1d1eb9a0692e15453816cf1f97047c2ec089e60d3825a04ea6,DEVELOPMENT_OR_CHECKPOINT_SELECTION,"Development/qualification evidence, not protected final evidence. Retained for provenance and original gate accounting; excluded from the canonical manuscript endpoint dataset.",NONE_DIFFERENT_ESTIMAND_OR_DEVELOPMENT_ONLY,,,,NOT_DOCUMENTED,"{""1.0"":""COUNTS_ONLY""}",NOT_ASSESSABLE_NO_100_EPISODE_GATE,26,50,"[""experiments/paper/results/README.md"",""outputs/paper/act_demoscale/act_n100/results.jsonl""]"
S003,parcel,act:subset50:model_seed0,ACT,outputs/paper/act_demoscale/act_n50/diag.jsonl,d6980fd4f01bf9b6c66e590f91e5f4bef5c410c90c5e24e7f603f1ce0d6e4b89,,[1.0],"{""1.0"":50}","{""1.0"":17}",development,"[""UNKNOWN_LEGACY_UNSTAMPED""]","[""UNKNOWN_NOT_RECORDED""]",outputs/paper/act_demoscale/act_n50/act_n50.pt,63e28243b6eb764d014a981abadfdb4d123c769ac421e48dd06330ae77cedb12,outputs/paper/act_demoscale/demos_n50.pt,b9568372c4460961513917ac324f2cc8473c3aa80dd366a4f7a24f68591ab8e0,DEVELOPMENT_OR_CHECKPOINT_SELECTION,"Development/qualification evidence, not protected final evidence. Retained for provenance and original gate accounting; excluded from the canonical manuscript endpoint dataset.",NONE_DIFFERENT_ESTIMAND_OR_DEVELOPMENT_ONLY,,,,NOT_DOCUMENTED,"{""1.0"":""COUNTS_ONLY""}",NOT_ASSESSABLE_NO_100_EPISODE_GATE,17,50,"[""experiments/paper/results/README.md"",""outputs/paper/act_demoscale/act_n50/results.jsonl""]"
S004,parcel,act:subset100:model_seed0,ACT,outputs/paper/act_demoscale/eval/act_n100.jsonl,555c805f7240a7f31c2307ac55cfa643ea7e4c9e9eede74b9e852e8cea225c6f,,"[1.0,1.5,2.0]","{""1.0"":100,""1.5"":100,""2.0"":100}","{""1.0"":44,""1.5"":65,""2.0"":44}",legacy_released_replication,"[""UNKNOWN_LEGACY_UNSTAMPED""]","[""UNKNOWN_NOT_RECORDED""]",outputs/paper/act_demoscale/act_n100/act_n100.pt,1d1e770441ee7b449d424b068fc6c8b6ffa8873daaa9ed4b2521a7e513328de3,outputs/paper/act_demoscale/demos_n100.pt,1223b95dbe671b1d1eb9a0692e15453816cf1f97047c2ec089e60d3825a04ea6,DUPLICATE_LOCAL_OUTPUT_COPY,Local output counterpart of the tracked archival release. Select the tracked release and retain this source without concatenation.,S186,data/records/replication/act_n100.jsonl.gz,,,NOT_DOCUMENTED,"{""1.0"":""COUNTS_ONLY"",""1.5"":""COUNTS_ONLY"",""2.0"":""COUNTS_ONLY""}",FAIL_90_OF_100,44,100,"[""experiments/paper/results/README.md""]"
S005,parcel,act:subset50:model_seed0,ACT,outputs/paper/act_demoscale/eval/act_n50.jsonl,53c5863037af368b8d1f853b10f842729cea579d64f55e51b4aa78c1a74ba953,,"[1.0,1.5,2.0]","{""1.0"":100,""1.5"":100,""2.0"":100}","{""1.0"":27,""1.5"":23,""2.0"":46}",legacy_released_replication,"[""UNKNOWN_LEGACY_UNSTAMPED""]","[""UNKNOWN_NOT_RECORDED""]",outputs/paper/act_demoscale/act_n50/act_n50.pt,63e28243b6eb764d014a981abadfdb4d123c769ac421e48dd06330ae77cedb12,outputs/paper/act_demoscale/demos_n50.pt,b9568372c4460961513917ac324f2cc8473c3aa80dd366a4f7a24f68591ab8e0,DUPLICATE_LOCAL_OUTPUT_COPY,Local output counterpart of the tracked archival release. Select the tracked release and retain this source without concatenation.,S187,data/records/replication/act_n50.jsonl.gz,,,NOT_DOCUMENTED,"{""1.0"":""COUNTS_ONLY"",""1.5"":""COUNTS_ONLY"",""2.0"":""COUNTS_ONLY""}",FAIL_90_OF_100,27,100,"[""experiments/paper/results/README.md""]"
S006,parcel,act:ACT-B:model_seed1,ACT,outputs/paper/act_multiseed/act_seed2/diag.jsonl,90e059c9df91ad2f99b21d924e4af4eb57c572f5223a45f438891dba7b3fbf22,,[1.0],"{""1.0"":50}","{""1.0"":30}",development,"[""UNKNOWN_LEGACY_UNSTAMPED""]","[""UNKNOWN_NOT_RECORDED""]",outputs/paper/act_multiseed/act_seed2/act_seed2.pt,062e0d175e498f287a1e47487347e2f4ca68699765acfb366785f874e4105c25,outputs/paper/demos/expert_episodes.pt,5c443c62d21471897edad0132dbc46bc24f19ea63d77fd2b8f9c6e53bd605fa2,DEVELOPMENT_OR_CHECKPOINT_SELECTION,"Development/qualification evidence, not protected final evidence. Retained for provenance and original gate accounting; excluded from the canonical manuscript endpoint dataset.",NONE_DIFFERENT_ESTIMAND_OR_DEVELOPMENT_ONLY,,,,NOT_DOCUMENTED,"{""1.0"":""COUNTS_ONLY""}",NOT_ASSESSABLE_NO_100_EPISODE_GATE,30,50,"[""experiments/paper/results/README.md"",""outputs/paper/act_multiseed/act_seed2/results.jsonl""]"
S007,parcel,act:ACT-C:model_seed2,ACT,outputs/paper/act_multiseed/act_seed3/diag.jsonl,1287d20f783800bbe746784400fd039182c65d8fa6b39a9d0291fadbc05473f4,,[1.0],"{""1.0"":50}","{""1.0"":24}",development,"[""UNKNOWN_LEGACY_UNSTAMPED""]","[""UNKNOWN_NOT_RECORDED""]",outputs/paper/act_multiseed/act_seed3/act_seed3.pt,8dfcc8afc622ba09b52ab4d4360be17c89325115e7dd5b6df16267be6127b593,outputs/paper/demos/expert_episodes.pt,5c443c62d21471897edad0132dbc46bc24f19ea63d77fd2b8f9c6e53bd605fa2,DEVELOPMENT_OR_CHECKPOINT_SELECTION,"Development/qualification evidence, not protected final evidence. Retained for provenance and original gate accounting; excluded from the canonical manuscript endpoint dataset.",NONE_DIFFERENT_ESTIMAND_OR_DEVELOPMENT_ONLY,,,,NOT_DOCUMENTED,"{""1.0"":""COUNTS_ONLY""}",NOT_ASSESSABLE_NO_100_EPISODE_GATE,24,50,"[""experiments/paper/results/README.md"",""outputs/paper/act_multiseed/act_seed3/results.jsonl""]"
S008,parcel,act:ACT-A:model_seed0,ACT,outputs/paper/act_multiseed/eval/act_seed1_rerun.jsonl,1f7465b87b0ec31060390e02ae4ec61a6ffb990dbe6f5d4d9762701a3358fe4f,,"[1.0,1.5,2.0]","{""1.0"":100,""1.5"":100,""2.0"":100}","{""1.0"":100,""1.5"":91,""2.0"":53}",legacy_released_replication,"[""UNKNOWN_LEGACY_UNSTAMPED""]","[""UNKNOWN_NOT_RECORDED""]",outputs/paper/act/act_stow.pt,0d9400462d8ff4d3d99614d48a1d6c365de3e3df8faa9bf88f91677130a0d4af,outputs/paper/demos/expert_episodes.pt,5c443c62d21471897edad0132dbc46bc24f19ea63d77fd2b8f9c6e53bd605fa2,OVERLAPPING_DETERMINISM_RERUN,"Same ACT-A checkpoint and shared evaluation draws at rates 1, 1.5, 2; designated determinism rerun, not an independent sample. Canonical main release already covers these conditions.",S180,data/records/act_episodes.jsonl.gz,,,NOT_DOCUMENTED,"{""1.0"":""COUNTS_ONLY"",""1.5"":""COUNTS_ONLY"",""2.0"":""COUNTS_ONLY""}",PASS_OBSERVED_90_OF_100,100,100,"[""experiments/paper/results/README.md""]"
S009,parcel,act:ACT-B:model_seed1,ACT,outputs/paper/act_multiseed/eval/act_seed2.jsonl,c13c82a2543419c7e8ecab2b1ef4d7bfbc195e2a01363f44cca2501fe344323b,,"[1.0,1.5,2.0]","{""1.0"":100,""1.5"":100,""2.0"":100}","{""1.0"":70,""1.5"":58,""2.0"":36}",legacy_released_replication,"[""UNKNOWN_LEGACY_UNSTAMPED""]","[""UNKNOWN_NOT_RECORDED""]",outputs/paper/act_multiseed/act_seed2/act_seed2.pt,062e0d175e498f287a1e47487347e2f4ca68699765acfb366785f874e4105c25,outputs/paper/demos/expert_episodes.pt,5c443c62d21471897edad0132dbc46bc24f19ea63d77fd2b8f9c6e53bd605fa2,DUPLICATE_LOCAL_OUTPUT_COPY,Local output counterpart of the tracked archival release. Select the tracked release and retain this source without concatenation.,S189,data/records/replication/act_seed2.jsonl.gz,,,NOT_DOCUMENTED,"{""1.0"":""COUNTS_ONLY"",""1.5"":""COUNTS_ONLY"",""2.0"":""COUNTS_ONLY""}",FAIL_90_OF_100,70,100,"[""experiments/paper/results/README.md""]"
S010,parcel,act:ACT-C:model_seed2,ACT,outputs/paper/act_multiseed/eval/act_seed3.jsonl,bf9fea267b0e2e7cf4e5d4892204583c4c4c50e84989169a9a2e3654998797b9,,"[1.0,1.5,2.0]","{""1.0"":100,""1.5"":100,""2.0"":100}","{""1.0"":62,""1.5"":44,""2.0"":14}",legacy_released_replication,"[""UNKNOWN_LEGACY_UNSTAMPED""]","[""UNKNOWN_NOT_RECORDED""]",outputs/paper/act_multiseed/act_seed3/act_seed3.pt,8dfcc8afc622ba09b52ab4d4360be17c89325115e7dd5b6df16267be6127b593,outputs/paper/demos/expert_episodes.pt,5c443c62d21471897edad0132dbc46bc24f19ea63d77fd2b8f9c6e53bd605fa2,DUPLICATE_LOCAL_OUTPUT_COPY,Local output counterpart of the tracked archival release. Select the tracked release and retain this source without concatenation.,S190,data/records/replication/act_seed3.jsonl.gz,,,NOT_DOCUMENTED,"{""1.0"":""COUNTS_ONLY"",""1.5"":""COUNTS_ONLY"",""2.0"":""COUNTS_ONLY""}",FAIL_90_OF_100,62,100,"[""experiments/paper/results/README.md""]"
S011,parcel,dagger:eval_round0,DAgger,outputs/paper/dagger/diag.jsonl,6d5099c46cf759c00777c134f426802df2ef4652185508d4b985b2ef43ecf977,eval_round0,[1.0],"{""1.0"":50}","{""1.0"":0}",development,"[""UNKNOWN_LEGACY_UNSTAMPED""]","[""UNKNOWN_NOT_RECORDED""]",outputs/paper/dagger/student_round0.pt,c18b4a8ff6951ff3e0c7443e101b0149f7f8aef34f1539f39dfa711824a9a6e1,outputs/paper/demos/expert_episodes.pt,5c443c62d21471897edad0132dbc46bc24f19ea63d77fd2b8f9c6e53bd605fa2,DEVELOPMENT_OR_CHECKPOINT_SELECTION,"Development/qualification evidence, not protected final evidence. Retained for provenance and original gate accounting; excluded from the canonical manuscript endpoint dataset.",NONE_DIFFERENT_ESTIMAND_OR_DEVELOPMENT_ONLY,,,,NOT_DOCUMENTED_FOR_PARCEL_RUN,"{""1.0"":""COUNTS_ONLY""}",NOT_ASSESSABLE_NO_100_EPISODE_GATE,0,50,"[""experiments/paper/results/README.md"",""outputs/paper/dagger/results.jsonl""]"
S012,parcel,dagger:eval_round1,DAgger,outputs/paper/dagger/diag.jsonl,6d5099c46cf759c00777c134f426802df2ef4652185508d4b985b2ef43ecf977,eval_round1,[1.0],"{""1.0"":50}","{""1.0"":0}",development,"[""UNKNOWN_LEGACY_UNSTAMPED""]","[""UNKNOWN_NOT_RECORDED""]",outputs/paper/dagger/student_round1.pt,7ba61f9b573d2d6ed212693a59def84b85816948d2f069b2d230b1d5f63c1ed3,outputs/paper/demos/expert_episodes.pt,5c443c62d21471897edad0132dbc46bc24f19ea63d77fd2b8f9c6e53bd605fa2,DEVELOPMENT_OR_CHECKPOINT_SELECTION,"Development/qualification evidence, not protected final evidence. Retained for provenance and original gate accounting; excluded from the canonical manuscript endpoint dataset.",NONE_DIFFERENT_ESTIMAND_OR_DEVELOPMENT_ONLY,,,,NOT_DOCUMENTED_FOR_PARCEL_RUN,"{""1.0"":""COUNTS_ONLY""}",NOT_ASSESSABLE_NO_100_EPISODE_GATE,0,50,"[""experiments/paper/results/README.md"",""outputs/paper/dagger/results.jsonl""]"
S013,parcel,dagger:eval_round2,DAgger,outputs/paper/dagger/diag.jsonl,6d5099c46cf759c00777c134f426802df2ef4652185508d4b985b2ef43ecf977,eval_round2,[1.0],"{""1.0"":50}","{""1.0"":0}",development,"[""UNKNOWN_LEGACY_UNSTAMPED""]","[""UNKNOWN_NOT_RECORDED""]",outputs/paper/dagger/student_round2.pt,1bd3ebdf27a9e427047dc2e00341ee4acd6ae243a69b7193d1b3415f79169192,outputs/paper/demos/expert_episodes.pt,5c443c62d21471897edad0132dbc46bc24f19ea63d77fd2b8f9c6e53bd605fa2,DEVELOPMENT_OR_CHECKPOINT_SELECTION,"Development/qualification evidence, not protected final evidence. Retained for provenance and original gate accounting; excluded from the canonical manuscript endpoint dataset.",NONE_DIFFERENT_ESTIMAND_OR_DEVELOPMENT_ONLY,,,,NOT_DOCUMENTED_FOR_PARCEL_RUN,"{""1.0"":""COUNTS_ONLY""}",NOT_ASSESSABLE_NO_100_EPISODE_GATE,0,50,"[""experiments/paper/results/README.md"",""outputs/paper/dagger/results.jsonl""]"
S014,parcel,dagger:eval_round3,DAgger,outputs/paper/dagger/diag.jsonl,6d5099c46cf759c00777c134f426802df2ef4652185508d4b985b2ef43ecf977,eval_round3,[1.0],"{""1.0"":50}","{""1.0"":2}",development,"[""UNKNOWN_LEGACY_UNSTAMPED""]","[""UNKNOWN_NOT_RECORDED""]",outputs/paper/dagger/student_round3.pt,ec812cfdf722a1cb1ff3c7f2631bc7c18548845a0954eef34f90653a6ec33237,outputs/paper/demos/expert_episodes.pt,5c443c62d21471897edad0132dbc46bc24f19ea63d77fd2b8f9c6e53bd605fa2,DEVELOPMENT_OR_CHECKPOINT_SELECTION,"Development/qualification evidence, not protected final evidence. Retained for provenance and original gate accounting; excluded from the canonical manuscript endpoint dataset.",NONE_DIFFERENT_ESTIMAND_OR_DEVELOPMENT_ONLY,,,,NOT_DOCUMENTED_FOR_PARCEL_RUN,"{""1.0"":""COUNTS_ONLY""}",NOT_ASSESSABLE_NO_100_EPISODE_GATE,2,50,"[""experiments/paper/results/README.md"",""outputs/paper/dagger/results.jsonl""]"
S015,parcel,dagger:eval_round4,DAgger,outputs/paper/dagger/diag.jsonl,6d5099c46cf759c00777c134f426802df2ef4652185508d4b985b2ef43ecf977,eval_round4,[1.0],"{""1.0"":50}","{""1.0"":1}",development,"[""UNKNOWN_LEGACY_UNSTAMPED""]","[""UNKNOWN_NOT_RECORDED""]",outputs/paper/dagger/student_round4.pt,988c4d65563c0cf0b843e75c67bb83cf2253bc7df5e2640be7abccf32589e3af,outputs/paper/demos/expert_episodes.pt,5c443c62d21471897edad0132dbc46bc24f19ea63d77fd2b8f9c6e53bd605fa2,DEVELOPMENT_OR_CHECKPOINT_SELECTION,"Development/qualification evidence, not protected final evidence. Retained for provenance and original gate accounting; excluded from the canonical manuscript endpoint dataset.",NONE_DIFFERENT_ESTIMAND_OR_DEVELOPMENT_ONLY,,,,NOT_DOCUMENTED_FOR_PARCEL_RUN,"{""1.0"":""COUNTS_ONLY""}",NOT_ASSESSABLE_NO_100_EPISODE_GATE,1,50,"[""experiments/paper/results/README.md"",""outputs/paper/dagger/results.jsonl""]"
S016,parcel,dagger:eval_round0,DAgger,outputs/paper/dagger/diag_ext.jsonl,d3ec9b321d52ed4121459cef1ede6d0ebfe8b53aca34c41cd3d5ff95639df933,eval_round0,[1.0],"{""1.0"":50}","{""1.0"":5}",development,"[""UNKNOWN_LEGACY_UNSTAMPED""]","[""UNKNOWN_NOT_RECORDED""]",outputs/paper/dagger/student_round0_ext.pt,676eb1b07afb6546876f578686ac5a0e0f4c964f4a384fd6488ecca2e06027bc,outputs/paper/demos/expert_episodes.pt,5c443c62d21471897edad0132dbc46bc24f19ea63d77fd2b8f9c6e53bd605fa2,DEVELOPMENT_OR_CHECKPOINT_SELECTION,"Development/qualification evidence, not protected final evidence. Retained for provenance and original gate accounting; excluded from the canonical manuscript endpoint dataset.",NONE_DIFFERENT_ESTIMAND_OR_DEVELOPMENT_ONLY,,,,NOT_DOCUMENTED_FOR_PARCEL_RUN,"{""1.0"":""COUNTS_ONLY""}",NOT_ASSESSABLE_NO_100_EPISODE_GATE,5,50,"[""experiments/paper/results/README.md"",""outputs/paper/dagger/results_ext.jsonl""]"
S017,parcel,dagger:eval_round5,DAgger,outputs/paper/dagger/diag_ext.jsonl,d3ec9b321d52ed4121459cef1ede6d0ebfe8b53aca34c41cd3d5ff95639df933,eval_round5,[1.0],"{""1.0"":50}","{""1.0"":0}",development,"[""UNKNOWN_LEGACY_UNSTAMPED""]","[""UNKNOWN_NOT_RECORDED""]",outputs/paper/dagger/student_round5_ext.pt,5704b890e647b63400750979d5b540e625eebf226373f7a4695dcd997ed48a5a,outputs/paper/demos/expert_episodes.pt,5c443c62d21471897edad0132dbc46bc24f19ea63d77fd2b8f9c6e53bd605fa2,DEVELOPMENT_OR_CHECKPOINT_SELECTION,"Development/qualification evidence, not protected final evidence. Retained for provenance and original gate accounting; excluded from the canonical manuscript endpoint dataset.",NONE_DIFFERENT_ESTIMAND_OR_DEVELOPMENT_ONLY,,,,NOT_DOCUMENTED_FOR_PARCEL_RUN,"{""1.0"":""COUNTS_ONLY""}",NOT_ASSESSABLE_NO_100_EPISODE_GATE,0,50,"[""experiments/paper/results/README.md"",""outputs/paper/dagger/results_ext.jsonl""]"
S018,parcel,dagger:eval_round6,DAgger,outputs/paper/dagger/diag_ext.jsonl,d3ec9b321d52ed4121459cef1ede6d0ebfe8b53aca34c41cd3d5ff95639df933,eval_round6,[1.0],"{""1.0"":50}","{""1.0"":4}",development,"[""UNKNOWN_LEGACY_UNSTAMPED""]","[""UNKNOWN_NOT_RECORDED""]",outputs/paper/dagger/student_round6_ext.pt,1f4edfa354f435dcc44136871c4e68a4522d6a7c4c3a513615a78eb732623704,outputs/paper/demos/expert_episodes.pt,5c443c62d21471897edad0132dbc46bc24f19ea63d77fd2b8f9c6e53bd605fa2,DEVELOPMENT_OR_CHECKPOINT_SELECTION,"Development/qualification evidence, not protected final evidence. Retained for provenance and original gate accounting; excluded from the canonical manuscript endpoint dataset.",NONE_DIFFERENT_ESTIMAND_OR_DEVELOPMENT_ONLY,,,,NOT_DOCUMENTED_FOR_PARCEL_RUN,"{""1.0"":""COUNTS_ONLY""}",NOT_ASSESSABLE_NO_100_EPISODE_GATE,4,50,"[""experiments/paper/results/README.md"",""outputs/paper/dagger/results_ext.jsonl""]"
S019,parcel,dagger:eval_round7,DAgger,outputs/paper/dagger/diag_ext.jsonl,d3ec9b321d52ed4121459cef1ede6d0ebfe8b53aca34c41cd3d5ff95639df933,eval_round7,[1.0],"{""1.0"":50}","{""1.0"":0}",development,"[""UNKNOWN_LEGACY_UNSTAMPED""]","[""UNKNOWN_NOT_RECORDED""]",outputs/paper/dagger/student_round7_ext.pt,655243c425ba7ca6b27332c6439304c803b3c7b5d8aca276caabed0750bf5422,outputs/paper/demos/expert_episodes.pt,5c443c62d21471897edad0132dbc46bc24f19ea63d77fd2b8f9c6e53bd605fa2,DEVELOPMENT_OR_CHECKPOINT_SELECTION,"Development/qualification evidence, not protected final evidence. Retained for provenance and original gate accounting; excluded from the canonical manuscript endpoint dataset.",NONE_DIFFERENT_ESTIMAND_OR_DEVELOPMENT_ONLY,,,,NOT_DOCUMENTED_FOR_PARCEL_RUN,"{""1.0"":""COUNTS_ONLY""}",NOT_ASSESSABLE_NO_100_EPISODE_GATE,0,50,"[""experiments/paper/results/README.md"",""outputs/paper/dagger/results_ext.jsonl""]"
S020,parcel,dagger:eval_round8,DAgger,outputs/paper/dagger/diag_ext.jsonl,d3ec9b321d52ed4121459cef1ede6d0ebfe8b53aca34c41cd3d5ff95639df933,eval_round8,[1.0],"{""1.0"":50}","{""1.0"":2}",development,"[""UNKNOWN_LEGACY_UNSTAMPED""]","[""UNKNOWN_NOT_RECORDED""]",outputs/paper/dagger/student_round8_ext.pt,486d2c954f4f2f1098c863e52ba9cea128f22a188f4e1d7229810efe76666742,outputs/paper/demos/expert_episodes.pt,5c443c62d21471897edad0132dbc46bc24f19ea63d77fd2b8f9c6e53bd605fa2,DEVELOPMENT_OR_CHECKPOINT_SELECTION,"Development/qualification evidence, not protected final evidence. Retained for provenance and original gate accounting; excluded from the canonical manuscript endpoint dataset.",NONE_DIFFERENT_ESTIMAND_OR_DEVELOPMENT_ONLY,,,,NOT_DOCUMENTED_FOR_PARCEL_RUN,"{""1.0"":""COUNTS_ONLY""}",NOT_ASSESSABLE_NO_100_EPISODE_GATE,2,50,"[""experiments/paper/results/README.md"",""outputs/paper/dagger/results_ext.jsonl""]"
S021,parcel,dagger:eval_round9,DAgger,outputs/paper/dagger/diag_ext.jsonl,d3ec9b321d52ed4121459cef1ede6d0ebfe8b53aca34c41cd3d5ff95639df933,eval_round9,[1.0],"{""1.0"":50}","{""1.0"":0}",development,"[""UNKNOWN_LEGACY_UNSTAMPED""]","[""UNKNOWN_NOT_RECORDED""]",outputs/paper/dagger/student_round9_ext.pt,41c3bc7368d36cc655f6e0790cbcbb642431a5d6d671691e057f50527bb3a05e,outputs/paper/demos/expert_episodes.pt,5c443c62d21471897edad0132dbc46bc24f19ea63d77fd2b8f9c6e53bd605fa2,DEVELOPMENT_OR_CHECKPOINT_SELECTION,"Development/qualification evidence, not protected final evidence. Retained for provenance and original gate accounting; excluded from the canonical manuscript endpoint dataset.",NONE_DIFFERENT_ESTIMAND_OR_DEVELOPMENT_ONLY,,,,NOT_DOCUMENTED_FOR_PARCEL_RUN,"{""1.0"":""COUNTS_ONLY""}",NOT_ASSESSABLE_NO_100_EPISODE_GATE,0,50,"[""experiments/paper/results/README.md"",""outputs/paper/dagger/results_ext.jsonl""]"
S022,parcel,dagger:eval_round10,DAgger,outputs/paper/dagger/diag_ext.jsonl,d3ec9b321d52ed4121459cef1ede6d0ebfe8b53aca34c41cd3d5ff95639df933,eval_round10,[1.0],"{""1.0"":50}","{""1.0"":2}",development,"[""UNKNOWN_LEGACY_UNSTAMPED""]","[""UNKNOWN_NOT_RECORDED""]",outputs/paper/dagger/student_round10_ext.pt,06c333fc1a86b41b6cfc98589f005c539add186c9e7098ecbed9f4ca020718e4,outputs/paper/demos/expert_episodes.pt,5c443c62d21471897edad0132dbc46bc24f19ea63d77fd2b8f9c6e53bd605fa2,DEVELOPMENT_OR_CHECKPOINT_SELECTION,"Development/qualification evidence, not protected final evidence. Retained for provenance and original gate accounting; excluded from the canonical manuscript endpoint dataset.",NONE_DIFFERENT_ESTIMAND_OR_DEVELOPMENT_ONLY,,,,NOT_DOCUMENTED_FOR_PARCEL_RUN,"{""1.0"":""COUNTS_ONLY""}",NOT_ASSESSABLE_NO_100_EPISODE_GATE,2,50,"[""experiments/paper/results/README.md"",""outputs/paper/dagger/results_ext.jsonl""]"
S023,parcel,dagger:eval_round11,DAgger,outputs/paper/dagger/diag_ext.jsonl,d3ec9b321d52ed4121459cef1ede6d0ebfe8b53aca34c41cd3d5ff95639df933,eval_round11,[1.0],"{""1.0"":50}","{""1.0"":0}",development,"[""UNKNOWN_LEGACY_UNSTAMPED""]","[""UNKNOWN_NOT_RECORDED""]",outputs/paper/dagger/student_round11_ext.pt,7aa4d5b58aab4641b2f37b08b56916712f4006303c8bb237d8f8ce71b778c3d1,outputs/paper/demos/expert_episodes.pt,5c443c62d21471897edad0132dbc46bc24f19ea63d77fd2b8f9c6e53bd605fa2,DEVELOPMENT_OR_CHECKPOINT_SELECTION,"Development/qualification evidence, not protected final evidence. Retained for provenance and original gate accounting; excluded from the canonical manuscript endpoint dataset.",NONE_DIFFERENT_ESTIMAND_OR_DEVELOPMENT_ONLY,,,,NOT_DOCUMENTED_FOR_PARCEL_RUN,"{""1.0"":""COUNTS_ONLY""}",NOT_ASSESSABLE_NO_100_EPISODE_GATE,0,50,"[""experiments/paper/results/README.md"",""outputs/paper/dagger/results_ext.jsonl""]"
S024,parcel,dagger:eval_round12,DAgger,outputs/paper/dagger/diag_ext.jsonl,d3ec9b321d52ed4121459cef1ede6d0ebfe8b53aca34c41cd3d5ff95639df933,eval_round12,[1.0],"{""1.0"":50}","{""1.0"":1}",development,"[""UNKNOWN_LEGACY_UNSTAMPED""]","[""UNKNOWN_NOT_RECORDED""]",outputs/paper/dagger/student_round12_ext.pt,142ab315b5be1a8f9cc8fd0ebdc1a8ac27b1fbdc3c252e8e980c5d2dd4342a27,outputs/paper/demos/expert_episodes.pt,5c443c62d21471897edad0132dbc46bc24f19ea63d77fd2b8f9c6e53bd605fa2,DEVELOPMENT_OR_CHECKPOINT_SELECTION,"Development/qualification evidence, not protected final evidence. Retained for provenance and original gate accounting; excluded from the canonical manuscript endpoint dataset.",NONE_DIFFERENT_ESTIMAND_OR_DEVELOPMENT_ONLY,,,,NOT_DOCUMENTED_FOR_PARCEL_RUN,"{""1.0"":""COUNTS_ONLY""}",NOT_ASSESSABLE_NO_100_EPISODE_GATE,1,50,"[""experiments/paper/results/README.md"",""outputs/paper/dagger/results_ext.jsonl""]"
S025,parcel,dp,Diffusion Policy,outputs/paper/dp/diag.jsonl,3744d4ac8603b7bbf3497fc2c6f02a36e9eddea39284a87494038c4b68759b4f,,[1.0],"{""1.0"":50}","{""1.0"":34}",development,"[""UNKNOWN_LEGACY_UNSTAMPED""]","[""UNKNOWN_NOT_RECORDED""]",outputs/paper/dp/dp_stow.pt,e0c456d7b856d7f21bf502707ec295b25baa89c06f56d2ed76392a5376550f27,outputs/paper/demos/expert_episodes.pt,5c443c62d21471897edad0132dbc46bc24f19ea63d77fd2b8f9c6e53bd605fa2,DEVELOPMENT_OR_CHECKPOINT_SELECTION,"Development/qualification evidence, not protected final evidence. Retained for provenance and original gate accounting; excluded from the canonical manuscript endpoint dataset.",NONE_DIFFERENT_ESTIMAND_OR_DEVELOPMENT_ONLY,,,,NOT_DOCUMENTED,"{""1.0"":""COUNTS_ONLY""}",NOT_ASSESSABLE_NO_100_EPISODE_GATE,34,50,"[""experiments/paper/results/README.md"",""outputs/paper/dp/results.jsonl""]"
S026,parcel,act:ACT-A:model_seed0,ACT,outputs/paper/eval/act.jsonl,123131fb139f3180a3c1f6887dd0ee35ce792f8cc535b4d17a9934f708f00cf0,,"[0.5,1.0,1.5,2.0,2.25,2.5,3.0]","{""0.5"":100,""1.0"":100,""1.5"":100,""2.0"":100,""2.25"":100,""2.5"":100,""3.0"":100}","{""0.5"":84,""1.0"":100,""1.5"":91,""2.0"":53,""2.25"":36,""2.5"":0,""3.0"":0}",legacy_released_final,"[""UNKNOWN_LEGACY_UNSTAMPED""]","[""UNKNOWN_NOT_RECORDED""]",outputs/paper/act/act_stow.pt,0d9400462d8ff4d3d99614d48a1d6c365de3e3df8faa9bf88f91677130a0d4af,outputs/paper/demos/expert_episodes.pt,5c443c62d21471897edad0132dbc46bc24f19ea63d77fd2b8f9c6e53bd605fa2,DUPLICATE_LOCAL_OUTPUT_COPY,Local output counterpart of the tracked archival release. Select the tracked release and retain this source without concatenation.,S180,data/records/act_episodes.jsonl.gz,,,NOT_DOCUMENTED,"{""0.5"":""COUNTS_ONLY"",""1.0"":""COUNTS_ONLY"",""1.5"":""COUNTS_ONLY"",""2.0"":""COUNTS_ONLY"",""2.25"":""COUNTS_ONLY"",""2.5"":""COUNTS_ONLY"",""3.0"":""COUNTS_ONLY""}",PASS_OBSERVED_90_OF_100,100,100,"[""experiments/paper/results/README.md"",""outputs/paper/eval/summary.jsonl""]"
S027,parcel,dagger:released_final,DAgger,outputs/paper/eval/dagger.jsonl,6e4d9b808b4aa4afaa7548103cbc814fb27f06eb0141d919cf32038e3a39dc35,,"[0.5,1.0,1.5,2.0,2.25,2.5,3.0]","{""0.5"":100,""1.0"":100,""1.5"":100,""2.0"":100,""2.25"":100,""2.5"":100,""3.0"":100}","{""0.5"":2,""1.0"":3,""1.5"":1,""2.0"":3,""2.25"":1,""2.5"":0,""3.0"":0}",legacy_released_final,"[""UNKNOWN_LEGACY_UNSTAMPED""]","[""UNKNOWN_NOT_RECORDED""]",outputs/paper/dagger/student_final.pt,710aae85ff1889d573732f455012fc28cc68571938de7bb686143a3bca9efff8,outputs/paper/demos/expert_episodes.pt,5c443c62d21471897edad0132dbc46bc24f19ea63d77fd2b8f9c6e53bd605fa2,DUPLICATE_LOCAL_OUTPUT_COPY,Local output counterpart of the tracked archival release. Select the tracked release and retain this source without concatenation.,S181,data/records/dagger_episodes.jsonl.gz,,,NOT_DOCUMENTED_FOR_PARCEL_RUN,"{""0.5"":""COUNTS_ONLY"",""1.0"":""COUNTS_ONLY"",""1.5"":""COUNTS_ONLY"",""2.0"":""FAIL_PAIRING_STANDALONE_COUNTS_RETAINED"",""2.25"":""COUNTS_ONLY"",""2.5"":""FAIL_PAIRING_STANDALONE_COUNTS_RETAINED"",""3.0"":""COUNTS_ONLY""}",FAIL_90_OF_100,3,100,"[""experiments/paper/results/README.md"",""outputs/paper/eval/summary.jsonl""]"
S028,parcel,dp,Diffusion Policy,outputs/paper/eval/dp.jsonl,707323d999645a36407e2826aca3b448fd15cbe2e0401a96eecd895e30d2b523,,"[0.5,1.0,1.5,2.0,2.25,2.5,3.0]","{""0.5"":100,""1.0"":100,""1.5"":100,""2.0"":100,""2.25"":100,""2.5"":100,""3.0"":100}","{""0.5"":59,""1.0"":68,""1.5"":73,""2.0"":54,""2.25"":9,""2.5"":2,""3.0"":0}",legacy_released_final,"[""UNKNOWN_LEGACY_UNSTAMPED""]","[""UNKNOWN_NOT_RECORDED""]",outputs/paper/dp/dp_stow.pt,e0c456d7b856d7f21bf502707ec295b25baa89c06f56d2ed76392a5376550f27,outputs/paper/demos/expert_episodes.pt,5c443c62d21471897edad0132dbc46bc24f19ea63d77fd2b8f9c6e53bd605fa2,DUPLICATE_LOCAL_OUTPUT_COPY,Local output counterpart of the tracked archival release. Select the tracked release and retain this source without concatenation.,S182,data/records/dp_episodes.jsonl.gz,,,NOT_DOCUMENTED,"{""0.5"":""FAIL_PAIRING_STANDALONE_COUNTS_RETAINED"",""1.0"":""FAIL_PAIRING_STANDALONE_COUNTS_RETAINED"",""1.5"":""FAIL_PAIRING_STANDALONE_COUNTS_RETAINED"",""2.0"":""FAIL_PAIRING_STANDALONE_COUNTS_RETAINED"",""2.25"":""FAIL_PAIRING_STANDALONE_COUNTS_RETAINED"",""2.5"":""FAIL_PAIRING_STANDALONE_COUNTS_RETAINED"",""3.0"":""FAIL_PAIRING_STANDALONE_COUNTS_RETAINED""}",FAIL_90_OF_100,68,100,"[""experiments/paper/results/README.md"",""outputs/paper/eval/summary.jsonl""]"
S029,parcel,expert,expert,outputs/paper/eval/expert.jsonl,77d28a4d3674fe592d098eb467af4f376529e7252f61c2438402795a2b616d5e,,"[0.5,1.0,1.5,2.0,2.25,2.5,3.0]","{""0.5"":100,""1.0"":100,""1.5"":100,""2.0"":100,""2.25"":100,""2.5"":100,""3.0"":100}","{""0.5"":100,""1.0"":100,""1.5"":99,""2.0"":84,""2.25"":80,""2.5"":29,""3.0"":0}",legacy_released_final,"[""UNKNOWN_LEGACY_UNSTAMPED""]","[""UNKNOWN_NOT_RECORDED""]",N/A_SCRIPTED_EXPERT,N/A_SCRIPTED_EXPERT,N/A_SCRIPTED_EXPERT,N/A_SCRIPTED_EXPERT,DUPLICATE_LOCAL_OUTPUT_COPY,Local output counterpart of the tracked archival release. Select the tracked release and retain this source without concatenation.,S183,data/records/expert_episodes.jsonl.gz,,,NOT_DOCUMENTED,"{""0.5"":""COUNTS_ONLY"",""1.0"":""COUNTS_ONLY"",""1.5"":""COUNTS_ONLY"",""2.0"":""COUNTS_ONLY"",""2.25"":""COUNTS_ONLY"",""2.5"":""COUNTS_ONLY"",""3.0"":""COUNTS_ONLY""}",PASS_OBSERVED_90_OF_100,100,100,"[""experiments/paper/results/README.md"",""outputs/paper/eval/summary.jsonl""]"
S030,parcel,expert,expert,outputs/paper/expert/diag_r1.5.jsonl,572ca2fe612a9d53e900b4564685ecbba73ed07fbf724fce2b2444db24f33c2f,,"[1.0,1.5,2.0]","{""1.0"":32,""1.5"":32,""2.0"":32}","{""1.0"":31,""1.5"":32,""2.0"":27}",development,"[""UNKNOWN_LEGACY_UNSTAMPED""]","[""UNKNOWN_NOT_RECORDED""]",N/A_SCRIPTED_EXPERT,N/A_SCRIPTED_EXPERT,N/A_SCRIPTED_EXPERT,N/A_SCRIPTED_EXPERT,DEVELOPMENT_OR_CHECKPOINT_SELECTION,"Development/qualification evidence, not protected final evidence. Retained for provenance and original gate accounting; excluded from the canonical manuscript endpoint dataset.",NONE_DIFFERENT_ESTIMAND_OR_DEVELOPMENT_ONLY,,,,NOT_DOCUMENTED,"{""1.0"":""COUNTS_ONLY"",""1.5"":""COUNTS_ONLY"",""2.0"":""COUNTS_ONLY""}",NOT_ASSESSABLE_NO_100_EPISODE_GATE,31,32,"[""experiments/paper/results/README.md"",""outputs/paper/expert/diag_r1.5_summary.jsonl""]"
S031,parcel,expert,expert,outputs/paper/expert/sweep.jsonl,18e43051f392d5201c87a2fed309a04613a3497c4ba77f70981a9bb55abfd159,,"[0.5,0.75,1.0,1.25,1.5,2.0,2.5,3.0,4.0,5.0,6.0]","{""0.5"":64,""0.75"":64,""1.0"":64,""1.25"":64,""1.5"":64,""2.0"":64,""2.5"":64,""3.0"":64,""4.0"":64,""5.0"":64,""6.0"":64}","{""0.5"":63,""0.75"":63,""1.0"":63,""1.25"":64,""1.5"":64,""2.0"":58,""2.5"":19,""3.0"":1,""4.0"":0,""5.0"":0,""6.0"":3}",expert_calibration_or_setup,"[""UNKNOWN_LEGACY_UNSTAMPED""]","[""UNKNOWN_NOT_RECORDED""]",N/A_SCRIPTED_EXPERT,N/A_SCRIPTED_EXPERT,N/A_SCRIPTED_EXPERT,N/A_SCRIPTED_EXPERT,CALIBRATION_OR_SETUP,Calibration/setup evidence is not a protected final learner-comparison series.,NONE_DIFFERENT_ESTIMAND_OR_DEVELOPMENT_ONLY,,,,NOT_DOCUMENTED,"{""0.5"":""COUNTS_ONLY"",""0.75"":""COUNTS_ONLY"",""1.0"":""COUNTS_ONLY"",""1.25"":""COUNTS_ONLY"",""1.5"":""COUNTS_ONLY"",""2.0"":""COUNTS_ONLY"",""2.5"":""COUNTS_ONLY"",""3.0"":""COUNTS_ONLY"",""4.0"":""COUNTS_ONLY"",""5.0"":""COUNTS_ONLY"",""6.0"":""COUNTS_ONLY""}",NOT_ASSESSABLE_NO_100_EPISODE_GATE,63,64,"[""experiments/paper/results/README.md"",""outputs/paper/expert/sweep_summary.jsonl""]"
S032,parcel,expert,expert,outputs/paper/expert/validate50.jsonl,4ecc56da73b509e388b9d9f3d1020aa473e29fb1e4a03f776aecd1d1a9ee62f2,,[0.5],"{""0.5"":50}","{""0.5"":32}",expert_calibration_or_setup,"[""UNKNOWN_LEGACY_UNSTAMPED""]","[""UNKNOWN_NOT_RECORDED""]",N/A_SCRIPTED_EXPERT,N/A_SCRIPTED_EXPERT,N/A_SCRIPTED_EXPERT,N/A_SCRIPTED_EXPERT,CALIBRATION_OR_SETUP,Calibration/setup evidence is not a protected final learner-comparison series.,NONE_DIFFERENT_ESTIMAND_OR_DEVELOPMENT_ONLY,,,,NOT_DOCUMENTED,"{""0.5"":""COUNTS_ONLY""}",NOT_ASSESSABLE_NO_100_EPISODE_GATE,0,0,"[""experiments/paper/results/README.md"",""outputs/paper/expert/validate50_summary.jsonl""]"
S033,parcel,expert,expert,outputs/paper/expert/validate50b.jsonl,89d12fc22c9d6cbe128fbe815aa4f30f9eac4c9819af029c07e3280b5e178986,,[0.5],"{""0.5"":50}","{""0.5"":21}",expert_calibration_or_setup,"[""UNKNOWN_LEGACY_UNSTAMPED""]","[""UNKNOWN_NOT_RECORDED""]",N/A_SCRIPTED_EXPERT,N/A_SCRIPTED_EXPERT,N/A_SCRIPTED_EXPERT,N/A_SCRIPTED_EXPERT,CALIBRATION_OR_SETUP,Calibration/setup evidence is not a protected final learner-comparison series.,NONE_DIFFERENT_ESTIMAND_OR_DEVELOPMENT_ONLY,,,,NOT_DOCUMENTED,"{""0.5"":""COUNTS_ONLY""}",NOT_ASSESSABLE_NO_100_EPISODE_GATE,0,0,"[""experiments/paper/results/README.md"",""outputs/paper/expert/validate50b_summary.jsonl""]"
S034,parcel,expert,expert,outputs/paper/expert/validate50c.jsonl,961e6583afb43581d95cc6e74a2528af1990d309038f4be8581a4e2392fdc4b7,,[0.5],"{""0.5"":50}","{""0.5"":16}",expert_calibration_or_setup,"[""UNKNOWN_LEGACY_UNSTAMPED""]","[""UNKNOWN_NOT_RECORDED""]",N/A_SCRIPTED_EXPERT,N/A_SCRIPTED_EXPERT,N/A_SCRIPTED_EXPERT,N/A_SCRIPTED_EXPERT,CALIBRATION_OR_SETUP,Calibration/setup evidence is not a protected final learner-comparison series.,NONE_DIFFERENT_ESTIMAND_OR_DEVELOPMENT_ONLY,,,,NOT_DOCUMENTED,"{""0.5"":""COUNTS_ONLY""}",NOT_ASSESSABLE_NO_100_EPISODE_GATE,0,0,"[""experiments/paper/results/README.md"",""outputs/paper/expert/validate50c_summary.jsonl""]"
S035,parcel,expert,expert,outputs/paper/expert/validate50d.jsonl,360c450e6dfed240a394d985838c2c5215267e6124758667a300bfd80aa65fc0,,[0.5],"{""0.5"":50}","{""0.5"":38}",expert_calibration_or_setup,"[""UNKNOWN_LEGACY_UNSTAMPED""]","[""UNKNOWN_NOT_RECORDED""]",N/A_SCRIPTED_EXPERT,N/A_SCRIPTED_EXPERT,N/A_SCRIPTED_EXPERT,N/A_SCRIPTED_EXPERT,CALIBRATION_OR_SETUP,Calibration/setup evidence is not a protected final learner-comparison series.,NONE_DIFFERENT_ESTIMAND_OR_DEVELOPMENT_ONLY,,,,NOT_DOCUMENTED,"{""0.5"":""COUNTS_ONLY""}",NOT_ASSESSABLE_NO_100_EPISODE_GATE,0,0,"[""experiments/paper/results/README.md"",""outputs/paper/expert/validate50d_summary.jsonl""]"
S036,parcel,expert,expert,outputs/paper/expert/validate_n32.jsonl,10a7b39c8e02285470b7ad36fde334899b8cb68feb07fdbabd8263083f0f0e23,,[0.5],"{""0.5"":32}","{""0.5"":32}",expert_calibration_or_setup,"[""UNKNOWN_LEGACY_UNSTAMPED""]","[""UNKNOWN_NOT_RECORDED""]",N/A_SCRIPTED_EXPERT,N/A_SCRIPTED_EXPERT,N/A_SCRIPTED_EXPERT,N/A_SCRIPTED_EXPERT,CALIBRATION_OR_SETUP,Calibration/setup evidence is not a protected final learner-comparison series.,NONE_DIFFERENT_ESTIMAND_OR_DEVELOPMENT_ONLY,,,,NOT_DOCUMENTED,"{""0.5"":""COUNTS_ONLY""}",NOT_ASSESSABLE_NO_100_EPISODE_GATE,0,0,"[""experiments/paper/results/README.md"",""outputs/paper/expert/validate_n32_summary.jsonl""]"
S037,parcel,expert,expert,outputs/paper/expert/validate_n64.jsonl,5b2e7189186f2172d0a4ecb40ba5184c8504dbbf8400efdb05335bc340880a6b,,[0.5],"{""0.5"":64}","{""0.5"":19}",expert_calibration_or_setup,"[""UNKNOWN_LEGACY_UNSTAMPED""]","[""UNKNOWN_NOT_RECORDED""]",N/A_SCRIPTED_EXPERT,N/A_SCRIPTED_EXPERT,N/A_SCRIPTED_EXPERT,N/A_SCRIPTED_EXPERT,CALIBRATION_OR_SETUP,Calibration/setup evidence is not a protected final learner-comparison series.,NONE_DIFFERENT_ESTIMAND_OR_DEVELOPMENT_ONLY,,,,NOT_DOCUMENTED,"{""0.5"":""COUNTS_ONLY""}",NOT_ASSESSABLE_NO_100_EPISODE_GATE,0,0,"[""experiments/paper/results/README.md"",""outputs/paper/expert/validate_n64_summary.jsonl""]"
S038,parcel,act:ACT-A:model_seed0,ACT,outputs/paper/handoff/act.jsonl,cef79cba27b3a05d5fa9bcebb009263ee491c8367b94e336be75a836d0671bf7,,"[0.5,1.0,1.5,2.0,2.25,2.5,3.0]","{""0.5"":50,""1.0"":50,""1.5"":50,""2.0"":50,""2.25"":50,""2.5"":50,""3.0"":50}","{""0.5"":26,""1.0"":22,""1.5"":26,""2.0"":14,""2.25"":18,""2.5"":8,""3.0"":0}",intervention_handoff,"[""UNKNOWN_LEGACY_UNSTAMPED""]","[""UNKNOWN_NOT_RECORDED""]",outputs/paper/act/act_stow.pt,0d9400462d8ff4d3d99614d48a1d6c365de3e3df8faa9bf88f91677130a0d4af,outputs/paper/demos/expert_episodes.pt,5c443c62d21471897edad0132dbc46bc24f19ea63d77fd2b8f9c6e53bd605fa2,DIFFERENT_INTERVENTION_ESTIMAND,"Common/relative-controller handoff changes the deployed controller and endpoint. Retained as diagnostic history, excluded from canonical end-to-end policy conditions.",NONE_DIFFERENT_ESTIMAND_OR_DEVELOPMENT_ONLY,,,,NOT_DOCUMENTED,"{""0.5"":""COUNTS_ONLY"",""1.0"":""COUNTS_ONLY"",""1.5"":""COUNTS_ONLY"",""2.0"":""COUNTS_ONLY"",""2.25"":""COUNTS_ONLY"",""2.5"":""COUNTS_ONLY"",""3.0"":""COUNTS_ONLY""}",NOT_ASSESSABLE_NO_100_EPISODE_GATE,22,50,"[""experiments/paper/results/README.md"",""outputs/paper/handoff/summary.jsonl""]"
S039,parcel,dagger:released_final,DAgger,outputs/paper/handoff/dagger.jsonl,efe956bf7cc82f02c24730f51a3e1a997b0dfd8a791955ed216ba01911b2f2b0,,"[0.5,1.0,1.5,2.0,2.25,2.5,3.0]","{""0.5"":50,""1.0"":50,""1.5"":50,""2.0"":50,""2.25"":50,""2.5"":50,""3.0"":50}","{""0.5"":2,""1.0"":7,""1.5"":4,""2.0"":2,""2.25"":3,""2.5"":0,""3.0"":0}",intervention_handoff,"[""UNKNOWN_LEGACY_UNSTAMPED""]","[""UNKNOWN_NOT_RECORDED""]",outputs/paper/dagger/student_final.pt,710aae85ff1889d573732f455012fc28cc68571938de7bb686143a3bca9efff8,outputs/paper/demos/expert_episodes.pt,5c443c62d21471897edad0132dbc46bc24f19ea63d77fd2b8f9c6e53bd605fa2,DIFFERENT_INTERVENTION_ESTIMAND,"Common/relative-controller handoff changes the deployed controller and endpoint. Retained as diagnostic history, excluded from canonical end-to-end policy conditions.",NONE_DIFFERENT_ESTIMAND_OR_DEVELOPMENT_ONLY,,,,NOT_DOCUMENTED_FOR_PARCEL_RUN,"{""0.5"":""COUNTS_ONLY"",""1.0"":""COUNTS_ONLY"",""1.5"":""COUNTS_ONLY"",""2.0"":""COUNTS_ONLY"",""2.25"":""COUNTS_ONLY"",""2.5"":""COUNTS_ONLY"",""3.0"":""COUNTS_ONLY""}",NOT_ASSESSABLE_NO_100_EPISODE_GATE,7,50,"[""experiments/paper/results/README.md"",""outputs/paper/handoff/summary.jsonl""]"
S040,parcel,dp,Diffusion Policy,outputs/paper/handoff/dp.jsonl,d9b83573201296046a1f72301bf9d72aa3662055002a325c6ec424ee110a8765,,"[0.5,1.0,1.5,2.0,2.25,2.5,3.0]","{""0.5"":50,""1.0"":50,""1.5"":50,""2.0"":50,""2.25"":50,""2.5"":50,""3.0"":50}","{""0.5"":29,""1.0"":35,""1.5"":32,""2.0"":21,""2.25"":8,""2.5"":3,""3.0"":0}",intervention_handoff,"[""UNKNOWN_LEGACY_UNSTAMPED""]","[""UNKNOWN_NOT_RECORDED""]",outputs/paper/dp/dp_stow.pt,e0c456d7b856d7f21bf502707ec295b25baa89c06f56d2ed76392a5376550f27,outputs/paper/demos/expert_episodes.pt,5c443c62d21471897edad0132dbc46bc24f19ea63d77fd2b8f9c6e53bd605fa2,DIFFERENT_INTERVENTION_ESTIMAND,"Common/relative-controller handoff changes the deployed controller and endpoint. Retained as diagnostic history, excluded from canonical end-to-end policy conditions.",NONE_DIFFERENT_ESTIMAND_OR_DEVELOPMENT_ONLY,,,,NOT_DOCUMENTED,"{""0.5"":""COUNTS_ONLY"",""1.0"":""COUNTS_ONLY"",""1.5"":""COUNTS_ONLY"",""2.0"":""COUNTS_ONLY"",""2.25"":""COUNTS_ONLY"",""2.5"":""COUNTS_ONLY"",""3.0"":""COUNTS_ONLY""}",NOT_ASSESSABLE_NO_100_EPISODE_GATE,35,50,"[""experiments/paper/results/README.md"",""outputs/paper/handoff/summary.jsonl""]"
S041,parcel,expert,expert,outputs/paper/handoff/expert.jsonl,40b6952601e317ee048d10be0e7b402dfaf9db6db8ff4f1787a0aea07dad18e8,,"[0.5,1.0,1.5,2.0,2.25,2.5,3.0]","{""0.5"":50,""1.0"":50,""1.5"":50,""2.0"":50,""2.25"":50,""2.5"":50,""3.0"":50}","{""0.5"":50,""1.0"":50,""1.5"":50,""2.0"":42,""2.25"":39,""2.5"":10,""3.0"":0}",intervention_handoff,"[""UNKNOWN_LEGACY_UNSTAMPED""]","[""UNKNOWN_NOT_RECORDED""]",N/A_SCRIPTED_EXPERT,N/A_SCRIPTED_EXPERT,N/A_SCRIPTED_EXPERT,N/A_SCRIPTED_EXPERT,DIFFERENT_INTERVENTION_ESTIMAND,"Common/relative-controller handoff changes the deployed controller and endpoint. Retained as diagnostic history, excluded from canonical end-to-end policy conditions.",NONE_DIFFERENT_ESTIMAND_OR_DEVELOPMENT_ONLY,,,,NOT_DOCUMENTED,"{""0.5"":""COUNTS_ONLY"",""1.0"":""COUNTS_ONLY"",""1.5"":""COUNTS_ONLY"",""2.0"":""COUNTS_ONLY"",""2.25"":""COUNTS_ONLY"",""2.5"":""COUNTS_ONLY"",""3.0"":""COUNTS_ONLY""}",NOT_ASSESSABLE_NO_100_EPISODE_GATE,50,50,"[""experiments/paper/results/README.md"",""outputs/paper/handoff/summary.jsonl""]"
S042,parcel,act:ACT-A:model_seed0,ACT,outputs/paper/handoff_v1_no_integral/act.jsonl,e854f4904b533718a6150859e2b6c853515d8728e3e23f494f34cc304c47f03b,,"[0.5,1.0,1.5,2.0,2.25,2.5,3.0]","{""0.5"":50,""1.0"":50,""1.5"":50,""2.0"":50,""2.25"":50,""2.5"":50,""3.0"":50}","{""0.5"":27,""1.0"":38,""1.5"":32,""2.0"":17,""2.25"":4,""2.5"":0,""3.0"":0}",intervention_handoff,"[""UNKNOWN_LEGACY_UNSTAMPED""]","[""UNKNOWN_NOT_RECORDED""]",outputs/paper/act/act_stow.pt,0d9400462d8ff4d3d99614d48a1d6c365de3e3df8faa9bf88f91677130a0d4af,outputs/paper/demos/expert_episodes.pt,5c443c62d21471897edad0132dbc46bc24f19ea63d77fd2b8f9c6e53bd605fa2,DIFFERENT_INTERVENTION_ESTIMAND,"Common/relative-controller handoff changes the deployed controller and endpoint. Retained as diagnostic history, excluded from canonical end-to-end policy conditions.",NONE_DIFFERENT_ESTIMAND_OR_DEVELOPMENT_ONLY,,,,NOT_DOCUMENTED,"{""0.5"":""COUNTS_ONLY"",""1.0"":""COUNTS_ONLY"",""1.5"":""COUNTS_ONLY"",""2.0"":""COUNTS_ONLY"",""2.25"":""COUNTS_ONLY"",""2.5"":""COUNTS_ONLY"",""3.0"":""COUNTS_ONLY""}",NOT_ASSESSABLE_NO_100_EPISODE_GATE,38,50,"[""experiments/paper/results/README.md"",""outputs/paper/handoff_v1_no_integral/summary.jsonl""]"
S043,parcel,dagger:released_final,DAgger,outputs/paper/handoff_v1_no_integral/dagger.jsonl,3b5438f2c72aa8b3c911dfe4989579b6187f9ea035a0cd145ec5b07b8d78137e,,"[0.5,1.0,1.5,2.0,2.25,2.5,3.0]","{""0.5"":50,""1.0"":50,""1.5"":50,""2.0"":50,""2.25"":50,""2.5"":50,""3.0"":50}","{""0.5"":1,""1.0"":2,""1.5"":4,""2.0"":1,""2.25"":1,""2.5"":2,""3.0"":0}",intervention_handoff,"[""UNKNOWN_LEGACY_UNSTAMPED""]","[""UNKNOWN_NOT_RECORDED""]",outputs/paper/dagger/student_final.pt,710aae85ff1889d573732f455012fc28cc68571938de7bb686143a3bca9efff8,outputs/paper/demos/expert_episodes.pt,5c443c62d21471897edad0132dbc46bc24f19ea63d77fd2b8f9c6e53bd605fa2,DIFFERENT_INTERVENTION_ESTIMAND,"Common/relative-controller handoff changes the deployed controller and endpoint. Retained as diagnostic history, excluded from canonical end-to-end policy conditions.",NONE_DIFFERENT_ESTIMAND_OR_DEVELOPMENT_ONLY,,,,NOT_DOCUMENTED_FOR_PARCEL_RUN,"{""0.5"":""COUNTS_ONLY"",""1.0"":""COUNTS_ONLY"",""1.5"":""COUNTS_ONLY"",""2.0"":""COUNTS_ONLY"",""2.25"":""COUNTS_ONLY"",""2.5"":""COUNTS_ONLY"",""3.0"":""COUNTS_ONLY""}",NOT_ASSESSABLE_NO_100_EPISODE_GATE,2,50,"[""experiments/paper/results/README.md"",""outputs/paper/handoff_v1_no_integral/summary.jsonl""]"
S044,parcel,dp,Diffusion Policy,outputs/paper/handoff_v1_no_integral/dp.jsonl,2b56ffd474df425f73e2d1bcbe491f30c3fb1db772013561ee2725a4902b3598,,"[0.5,1.0,1.5,2.0,2.25,2.5,3.0]","{""0.5"":50,""1.0"":50,""1.5"":50,""2.0"":50,""2.25"":50,""2.5"":50,""3.0"":50}","{""0.5"":30,""1.0"":21,""1.5"":15,""2.0"":9,""2.25"":0,""2.5"":0,""3.0"":0}",intervention_handoff,"[""UNKNOWN_LEGACY_UNSTAMPED""]","[""UNKNOWN_NOT_RECORDED""]",outputs/paper/dp/dp_stow.pt,e0c456d7b856d7f21bf502707ec295b25baa89c06f56d2ed76392a5376550f27,outputs/paper/demos/expert_episodes.pt,5c443c62d21471897edad0132dbc46bc24f19ea63d77fd2b8f9c6e53bd605fa2,DIFFERENT_INTERVENTION_ESTIMAND,"Common/relative-controller handoff changes the deployed controller and endpoint. Retained as diagnostic history, excluded from canonical end-to-end policy conditions.",NONE_DIFFERENT_ESTIMAND_OR_DEVELOPMENT_ONLY,,,,NOT_DOCUMENTED,"{""0.5"":""COUNTS_ONLY"",""1.0"":""COUNTS_ONLY"",""1.5"":""COUNTS_ONLY"",""2.0"":""COUNTS_ONLY"",""2.25"":""COUNTS_ONLY"",""2.5"":""COUNTS_ONLY"",""3.0"":""COUNTS_ONLY""}",NOT_ASSESSABLE_NO_100_EPISODE_GATE,21,50,"[""experiments/paper/results/README.md"",""outputs/paper/handoff_v1_no_integral/summary.jsonl""]"
S045,parcel,expert,expert,outputs/paper/handoff_v1_no_integral/expert.jsonl,d6a642260b4c20381aa54002b2b485181457e9d874576c92634005df36a92976,,"[0.5,1.0,1.5,2.0,2.25,2.5,3.0]","{""0.5"":50,""1.0"":50,""1.5"":50,""2.0"":50,""2.25"":50,""2.5"":50,""3.0"":50}","{""0.5"":46,""1.0"":33,""1.5"":10,""2.0"":2,""2.25"":0,""2.5"":0,""3.0"":0}",intervention_handoff,"[""UNKNOWN_LEGACY_UNSTAMPED""]","[""UNKNOWN_NOT_RECORDED""]",N/A_SCRIPTED_EXPERT,N/A_SCRIPTED_EXPERT,N/A_SCRIPTED_EXPERT,N/A_SCRIPTED_EXPERT,DIFFERENT_INTERVENTION_ESTIMAND,"Common/relative-controller handoff changes the deployed controller and endpoint. Retained as diagnostic history, excluded from canonical end-to-end policy conditions.",NONE_DIFFERENT_ESTIMAND_OR_DEVELOPMENT_ONLY,,,,NOT_DOCUMENTED,"{""0.5"":""COUNTS_ONLY"",""1.0"":""COUNTS_ONLY"",""1.5"":""COUNTS_ONLY"",""2.0"":""COUNTS_ONLY"",""2.25"":""COUNTS_ONLY"",""2.5"":""COUNTS_ONLY"",""3.0"":""COUNTS_ONLY""}",NOT_ASSESSABLE_NO_100_EPISODE_GATE,33,50,"[""experiments/paper/results/README.md"",""outputs/paper/handoff_v1_no_integral/summary.jsonl""]"
S046,parcel,act:ACT-A:model_seed0,ACT,outputs/paper/relative_handoff/act_seed1.jsonl,dcf56b9767c7eb72a40ed0d7f304b89f828d501babe2ff0bf486c64a0c3671e1,,"[1.0,1.5,2.0]","{""1.0"":100,""1.5"":100,""2.0"":100}","{""1.0"":87,""1.5"":93,""2.0"":64}",intervention_handoff,"[""UNKNOWN_LEGACY_UNSTAMPED""]","[""UNKNOWN_NOT_RECORDED""]",outputs/paper/act/act_stow.pt,0d9400462d8ff4d3d99614d48a1d6c365de3e3df8faa9bf88f91677130a0d4af,outputs/paper/demos/expert_episodes.pt,5c443c62d21471897edad0132dbc46bc24f19ea63d77fd2b8f9c6e53bd605fa2,DIFFERENT_INTERVENTION_ESTIMAND,"Common/relative-controller handoff changes the deployed controller and endpoint. Retained as diagnostic history, excluded from canonical end-to-end policy conditions.",NONE_DIFFERENT_ESTIMAND_OR_DEVELOPMENT_ONLY,,,,NOT_DOCUMENTED,"{""1.0"":""COUNTS_ONLY"",""1.5"":""COUNTS_ONLY"",""2.0"":""COUNTS_ONLY""}",FAIL_90_OF_100,87,100,"[""experiments/paper/results/README.md""]"
S047,parcel,act:ACT-B:model_seed1,ACT,outputs/paper/relative_handoff/act_seed2.jsonl,a88552e512214b720d325d11c1000878b0baeee7770302e7d97000b23defa6d0,,"[1.0,1.5,2.0]","{""1.0"":100,""1.5"":100,""2.0"":100}","{""1.0"":67,""1.5"":67,""2.0"":55}",intervention_handoff,"[""UNKNOWN_LEGACY_UNSTAMPED""]","[""UNKNOWN_NOT_RECORDED""]",outputs/paper/act_multiseed/act_seed2/act_seed2.pt,062e0d175e498f287a1e47487347e2f4ca68699765acfb366785f874e4105c25,outputs/paper/demos/expert_episodes.pt,5c443c62d21471897edad0132dbc46bc24f19ea63d77fd2b8f9c6e53bd605fa2,DIFFERENT_INTERVENTION_ESTIMAND,"Common/relative-controller handoff changes the deployed controller and endpoint. Retained as diagnostic history, excluded from canonical end-to-end policy conditions.",NONE_DIFFERENT_ESTIMAND_OR_DEVELOPMENT_ONLY,,,,NOT_DOCUMENTED,"{""1.0"":""COUNTS_ONLY"",""1.5"":""COUNTS_ONLY"",""2.0"":""COUNTS_ONLY""}",FAIL_90_OF_100,67,100,"[""experiments/paper/results/README.md""]"
S048,parcel,act:ACT-C:model_seed2,ACT,outputs/paper/relative_handoff/act_seed3.jsonl,132c0855700525b47311a7ccad83b10f5fd37dd97590d2c4427d92e3c635a644,,"[1.0,1.5,2.0]","{""1.0"":100,""1.5"":100,""2.0"":100}","{""1.0"":60,""1.5"":42,""2.0"":15}",intervention_handoff,"[""UNKNOWN_LEGACY_UNSTAMPED""]","[""UNKNOWN_NOT_RECORDED""]",outputs/paper/act_multiseed/act_seed3/act_seed3.pt,8dfcc8afc622ba09b52ab4d4360be17c89325115e7dd5b6df16267be6127b593,outputs/paper/demos/expert_episodes.pt,5c443c62d21471897edad0132dbc46bc24f19ea63d77fd2b8f9c6e53bd605fa2,DIFFERENT_INTERVENTION_ESTIMAND,"Common/relative-controller handoff changes the deployed controller and endpoint. Retained as diagnostic history, excluded from canonical end-to-end policy conditions.",NONE_DIFFERENT_ESTIMAND_OR_DEVELOPMENT_ONLY,,,,NOT_DOCUMENTED,"{""1.0"":""COUNTS_ONLY"",""1.5"":""COUNTS_ONLY"",""2.0"":""COUNTS_ONLY""}",FAIL_90_OF_100,60,100,"[""experiments/paper/results/README.md""]"
S049,parcel,expert,expert,outputs/paper/relative_handoff/expert.jsonl,8a7313863ea48cdd59e2d4d093846af72f85a59f60efca52d039d3e9ef14fc0d,,"[1.0,1.5,2.0]","{""1.0"":100,""1.5"":100,""2.0"":100}","{""1.0"":100,""1.5"":95,""2.0"":95}",intervention_handoff,"[""UNKNOWN_LEGACY_UNSTAMPED""]","[""UNKNOWN_NOT_RECORDED""]",N/A_SCRIPTED_EXPERT,N/A_SCRIPTED_EXPERT,N/A_SCRIPTED_EXPERT,N/A_SCRIPTED_EXPERT,DIFFERENT_INTERVENTION_ESTIMAND,"Common/relative-controller handoff changes the deployed controller and endpoint. Retained as diagnostic history, excluded from canonical end-to-end policy conditions.",NONE_DIFFERENT_ESTIMAND_OR_DEVELOPMENT_ONLY,,,,NOT_DOCUMENTED,"{""1.0"":""COUNTS_ONLY"",""1.5"":""COUNTS_ONLY"",""2.0"":""COUNTS_ONLY""}",PASS_OBSERVED_90_OF_100,100,100,"[""experiments/paper/results/README.md"",""outputs/paper/relative_handoff/summary.jsonl""]"
S050,upright,act:legacy_uncorrected,ACT,outputs/upright/act/diag.jsonl,64e2a9cfe8589e0c5be3cc5e4c9e8b18a68a5b1a5b200d6f6b347c2748bdc807,,[1.0],"{""1.0"":50}","{""1.0"":14}",development,"[""UNKNOWN_LEGACY_UNSTAMPED""]","[""UNKNOWN_NOT_RECORDED""]",outputs/upright/act/act_upright.pt,23792507a4a9e03b11682b28de929485211fb662c464bea10a3ed770caafbbc3,outputs/upright/demos/expert_episodes.pt,2959a476b294bbd63fe76a4a7ab4e64e1a87dfadd7e146b132559b953acfbb07,DEVELOPMENT_OR_CHECKPOINT_SELECTION,"Development/qualification evidence, not protected final evidence. Retained for provenance and original gate accounting; excluded from the canonical manuscript endpoint dataset.",NONE_DIFFERENT_ESTIMAND_OR_DEVELOPMENT_ONLY,,,,KNOWN_PADDED_LOSS_AND_DIAGNOSTIC_DEFECTS_PRESERVED,"{""1.0"":""COUNTS_ONLY""}",NOT_ASSESSABLE_NO_100_EPISODE_GATE,14,50,"[""experiments/act_comparability/AUDIT.md"",""outputs/upright/act/results.jsonl""]"
S051,upright,act:legacy_uncorrected,ACT,outputs/upright/eval/act.jsonl,6bde7198a23439c84b99073a8593abeea20083da2e51f84f042c3ccbdb3e70b0,,"[0.5,0.75,1.0,1.25,1.5,1.75,2.0,2.5]","{""0.5"":100,""0.75"":100,""1.0"":100,""1.25"":100,""1.5"":100,""1.75"":100,""2.0"":100,""2.5"":100}","{""0.5"":25,""0.75"":11,""1.0"":39,""1.25"":53,""1.5"":66,""1.75"":74,""2.0"":8,""2.5"":0}",legacy_released_final,"[""UNKNOWN_LEGACY_UNSTAMPED""]","[""UNKNOWN_NOT_RECORDED""]",outputs/upright/act/act_upright.pt,23792507a4a9e03b11682b28de929485211fb662c464bea10a3ed770caafbbc3,outputs/upright/demos/expert_episodes.pt,2959a476b294bbd63fe76a4a7ab4e64e1a87dfadd7e146b132559b953acfbb07,SUPERSEDED_UNCORRECTED_ACT,"Legacy ACT training/diagnostic implementation is superseded by the corrected ACT protocol and selected seed-0 checkpoint. Distinct checkpoint and evaluation protocol, not a sample-size or success-based choice.",S156,outputs/iclr_dp_three_task_20260919/raw/final/upright/act_protocol-1.jsonl,,,KNOWN_PADDED_LOSS_AND_DIAGNOSTIC_DEFECTS_PRESERVED,"{""0.5"":""COUNTS_ONLY"",""0.75"":""COUNTS_ONLY"",""1.0"":""COUNTS_ONLY"",""1.25"":""COUNTS_ONLY"",""1.5"":""COUNTS_ONLY"",""1.75"":""COUNTS_ONLY"",""2.0"":""COUNTS_ONLY"",""2.5"":""COUNTS_ONLY""}",FAIL_90_OF_100,39,100,"[""experiments/act_comparability/AUDIT.md"",""outputs/upright/eval/summary.jsonl""]"
S052,upright,expert,expert,outputs/upright/eval/expert.jsonl,45567d9b6b9971134e6c6af916b23b0ee29b0f8aad024facdf1e79e00c3a6ea2,,"[0.5,0.75,1.0,1.25,1.5,1.75,2.0,2.5]","{""0.5"":100,""0.75"":100,""1.0"":100,""1.25"":100,""1.5"":100,""1.75"":100,""2.0"":100,""2.5"":100}","{""0.5"":86,""0.75"":93,""1.0"":92,""1.25"":97,""1.5"":96,""1.75"":90,""2.0"":43,""2.5"":3}",legacy_released_final,"[""UNKNOWN_LEGACY_UNSTAMPED""]","[""UNKNOWN_NOT_RECORDED""]",N/A_SCRIPTED_EXPERT,N/A_SCRIPTED_EXPERT,N/A_SCRIPTED_EXPERT,N/A_SCRIPTED_EXPERT,SUPERSEDED_REFERENCE_PROTOCOL,Legacy expert bank belongs to the superseded upright/peg comparison. Use the declared corrected final-bank expert. The larger N is not the selection criterion.,S158,outputs/iclr_dp_three_task_20260919/raw/final/upright/expert_protocol-1.jsonl,,,NOT_DOCUMENTED,"{""0.5"":""COUNTS_ONLY"",""0.75"":""COUNTS_ONLY"",""1.0"":""COUNTS_ONLY"",""1.25"":""COUNTS_ONLY"",""1.5"":""COUNTS_ONLY"",""1.75"":""COUNTS_ONLY"",""2.0"":""COUNTS_ONLY"",""2.5"":""COUNTS_ONLY""}",PASS_OBSERVED_90_OF_100,92,100,"[""experiments/act_comparability/AUDIT.md"",""outputs/upright/eval/summary.jsonl""]"
S053,upright,expert,expert,outputs/upright/expert/seatcheck.jsonl,43c5e778a69f898623d070dfc10b337969e372215b58c86d08b7818e4bad4c10,,"[0.5,1.25]","{""0.5"":20,""1.25"":20}","{""0.5"":17,""1.25"":0}",expert_calibration_or_setup,"[""UNKNOWN_LEGACY_UNSTAMPED""]","[""UNKNOWN_NOT_RECORDED""]",N/A_SCRIPTED_EXPERT,N/A_SCRIPTED_EXPERT,N/A_SCRIPTED_EXPERT,N/A_SCRIPTED_EXPERT,CALIBRATION_OR_SETUP,Calibration/setup evidence is not a protected final learner-comparison series.,NONE_DIFFERENT_ESTIMAND_OR_DEVELOPMENT_ONLY,,,,NOT_DOCUMENTED,"{""0.5"":""COUNTS_ONLY"",""1.25"":""COUNTS_ONLY""}",NOT_ASSESSABLE_NO_100_EPISODE_GATE,0,0,"[""experiments/act_comparability/AUDIT.md"",""outputs/upright/expert/seatcheck_summary.jsonl""]"
S054,upright,expert,expert,outputs/upright/expert/sweep.jsonl,53ce2a4a743a42045a570138743ac0ea4868e7571aa6d3d9fda970b3be5d75f7,,"[0.5,0.75,1.0,1.25,1.5,2.0,2.5,3.0]","{""0.5"":64,""0.75"":64,""1.0"":64,""1.25"":64,""1.5"":64,""2.0"":64,""2.5"":64,""3.0"":64}","{""0.5"":61,""0.75"":63,""1.0"":28,""1.25"":0,""1.5"":0,""2.0"":0,""2.5"":0,""3.0"":0}",expert_calibration_or_setup,"[""UNKNOWN_LEGACY_UNSTAMPED""]","[""UNKNOWN_NOT_RECORDED""]",N/A_SCRIPTED_EXPERT,N/A_SCRIPTED_EXPERT,N/A_SCRIPTED_EXPERT,N/A_SCRIPTED_EXPERT,CALIBRATION_OR_SETUP,Calibration/setup evidence is not a protected final learner-comparison series.,NONE_DIFFERENT_ESTIMAND_OR_DEVELOPMENT_ONLY,,,,NOT_DOCUMENTED,"{""0.5"":""COUNTS_ONLY"",""0.75"":""COUNTS_ONLY"",""1.0"":""COUNTS_ONLY"",""1.25"":""COUNTS_ONLY"",""1.5"":""COUNTS_ONLY"",""2.0"":""COUNTS_ONLY"",""2.5"":""COUNTS_ONLY"",""3.0"":""COUNTS_ONLY""}",NOT_ASSESSABLE_NO_100_EPISODE_GATE,28,64,"[""experiments/act_comparability/AUDIT.md"",""outputs/upright/expert/sweep_summary.jsonl""]"
S055,upright,expert,expert,outputs/upright/expert/sweep2.jsonl,545d61821d54deb70a4825351388b659d0f3d1a925e395283a238e5f757b75bb,,"[0.5,0.75,1.0,1.25,1.5,1.75,2.0,2.5,3.0]","{""0.5"":64,""0.75"":64,""1.0"":64,""1.25"":64,""1.5"":64,""1.75"":64,""2.0"":64,""2.5"":64,""3.0"":64}","{""0.5"":55,""0.75"":59,""1.0"":62,""1.25"":61,""1.5"":63,""1.75"":58,""2.0"":26,""2.5"":0,""3.0"":0}",expert_calibration_or_setup,"[""UNKNOWN_LEGACY_UNSTAMPED""]","[""UNKNOWN_NOT_RECORDED""]",N/A_SCRIPTED_EXPERT,N/A_SCRIPTED_EXPERT,N/A_SCRIPTED_EXPERT,N/A_SCRIPTED_EXPERT,CALIBRATION_OR_SETUP,Calibration/setup evidence is not a protected final learner-comparison series.,NONE_DIFFERENT_ESTIMAND_OR_DEVELOPMENT_ONLY,,,,NOT_DOCUMENTED,"{""0.5"":""COUNTS_ONLY"",""0.75"":""COUNTS_ONLY"",""1.0"":""COUNTS_ONLY"",""1.25"":""COUNTS_ONLY"",""1.5"":""COUNTS_ONLY"",""1.75"":""COUNTS_ONLY"",""2.0"":""COUNTS_ONLY"",""2.5"":""COUNTS_ONLY"",""3.0"":""COUNTS_ONLY""}",NOT_ASSESSABLE_NO_100_EPISODE_GATE,62,64,"[""experiments/act_comparability/AUDIT.md"",""outputs/upright/expert/sweep2_summary.jsonl""]"
S056,upright,expert,expert,outputs/upright/expert/validate2_r0.5.jsonl,51f3f92b625eb0e48c446bf2fe421928fe373d6e8b9eef7f727b34f0e6bf1f0c,,[0.5],"{""0.5"":20}","{""0.5"":0}",expert_calibration_or_setup,"[""UNKNOWN_LEGACY_UNSTAMPED""]","[""UNKNOWN_NOT_RECORDED""]",N/A_SCRIPTED_EXPERT,N/A_SCRIPTED_EXPERT,N/A_SCRIPTED_EXPERT,N/A_SCRIPTED_EXPERT,CALIBRATION_OR_SETUP,Calibration/setup evidence is not a protected final learner-comparison series.,NONE_DIFFERENT_ESTIMAND_OR_DEVELOPMENT_ONLY,,,,NOT_DOCUMENTED,"{""0.5"":""COUNTS_ONLY""}",NOT_ASSESSABLE_NO_100_EPISODE_GATE,0,0,"[""experiments/act_comparability/AUDIT.md"",""outputs/upright/expert/validate2_r0.5_summary.jsonl""]"
S057,upright,expert,expert,outputs/upright/expert/validate3_r0.5.jsonl,407e98e78be15c16a88157097e71ca52da75b651978b82b0d4f19f54ba09ddd4,,[0.5],"{""0.5"":20}","{""0.5"":0}",expert_calibration_or_setup,"[""UNKNOWN_LEGACY_UNSTAMPED""]","[""UNKNOWN_NOT_RECORDED""]",N/A_SCRIPTED_EXPERT,N/A_SCRIPTED_EXPERT,N/A_SCRIPTED_EXPERT,N/A_SCRIPTED_EXPERT,CALIBRATION_OR_SETUP,Calibration/setup evidence is not a protected final learner-comparison series.,NONE_DIFFERENT_ESTIMAND_OR_DEVELOPMENT_ONLY,,,,NOT_DOCUMENTED,"{""0.5"":""COUNTS_ONLY""}",NOT_ASSESSABLE_NO_100_EPISODE_GATE,0,0,"[""experiments/act_comparability/AUDIT.md"",""outputs/upright/expert/validate3_r0.5_summary.jsonl""]"
S058,upright,expert,expert,outputs/upright/expert/validate4_r0.5.jsonl,3e5359bed5d950ce5ce69a96cb9096dfc898bdf5378ffa4a91e5ff3f83cd9a4f,,[0.5],"{""0.5"":20}","{""0.5"":0}",expert_calibration_or_setup,"[""UNKNOWN_LEGACY_UNSTAMPED""]","[""UNKNOWN_NOT_RECORDED""]",N/A_SCRIPTED_EXPERT,N/A_SCRIPTED_EXPERT,N/A_SCRIPTED_EXPERT,N/A_SCRIPTED_EXPERT,CALIBRATION_OR_SETUP,Calibration/setup evidence is not a protected final learner-comparison series.,NONE_DIFFERENT_ESTIMAND_OR_DEVELOPMENT_ONLY,,,,NOT_DOCUMENTED,"{""0.5"":""COUNTS_ONLY""}",NOT_ASSESSABLE_NO_100_EPISODE_GATE,0,0,"[""experiments/act_comparability/AUDIT.md"",""outputs/upright/expert/validate4_r0.5_summary.jsonl""]"
S059,upright,expert,expert,outputs/upright/expert/validate5_r0.5.jsonl,725283733c0fd14449ca3ddd261d9699e002c4a611a703b5a55215c029dfb20c,,[0.5],"{""0.5"":20}","{""0.5"":0}",expert_calibration_or_setup,"[""UNKNOWN_LEGACY_UNSTAMPED""]","[""UNKNOWN_NOT_RECORDED""]",N/A_SCRIPTED_EXPERT,N/A_SCRIPTED_EXPERT,N/A_SCRIPTED_EXPERT,N/A_SCRIPTED_EXPERT,CALIBRATION_OR_SETUP,Calibration/setup evidence is not a protected final learner-comparison series.,NONE_DIFFERENT_ESTIMAND_OR_DEVELOPMENT_ONLY,,,,NOT_DOCUMENTED,"{""0.5"":""COUNTS_ONLY""}",NOT_ASSESSABLE_NO_100_EPISODE_GATE,0,0,"[""experiments/act_comparability/AUDIT.md"",""outputs/upright/expert/validate5_r0.5_summary.jsonl""]"
S060,upright,expert,expert,outputs/upright/expert/validate6_r0.5.jsonl,8561ef49033d32d59c77988e365fbc3a5d49bcfcaf28ae8dfd7c9f42a4f98aa4,,[0.5],"{""0.5"":20}","{""0.5"":0}",expert_calibration_or_setup,"[""UNKNOWN_LEGACY_UNSTAMPED""]","[""UNKNOWN_NOT_RECORDED""]",N/A_SCRIPTED_EXPERT,N/A_SCRIPTED_EXPERT,N/A_SCRIPTED_EXPERT,N/A_SCRIPTED_EXPERT,CALIBRATION_OR_SETUP,Calibration/setup evidence is not a protected final learner-comparison series.,NONE_DIFFERENT_ESTIMAND_OR_DEVELOPMENT_ONLY,,,,NOT_DOCUMENTED,"{""0.5"":""COUNTS_ONLY""}",NOT_ASSESSABLE_NO_100_EPISODE_GATE,0,0,"[""experiments/act_comparability/AUDIT.md"",""outputs/upright/expert/validate6_r0.5_summary.jsonl""]"
S061,upright,expert,expert,outputs/upright/expert/validate7_r0.5.jsonl,25f14b257ba51f4b64e6474acbdb0bb514dea7e41b6387570cbf1fc52dd94d0c,,[0.5],"{""0.5"":20}","{""0.5"":0}",expert_calibration_or_setup,"[""UNKNOWN_LEGACY_UNSTAMPED""]","[""UNKNOWN_NOT_RECORDED""]",N/A_SCRIPTED_EXPERT,N/A_SCRIPTED_EXPERT,N/A_SCRIPTED_EXPERT,N/A_SCRIPTED_EXPERT,CALIBRATION_OR_SETUP,Calibration/setup evidence is not a protected final learner-comparison series.,NONE_DIFFERENT_ESTIMAND_OR_DEVELOPMENT_ONLY,,,,NOT_DOCUMENTED,"{""0.5"":""COUNTS_ONLY""}",NOT_ASSESSABLE_NO_100_EPISODE_GATE,0,0,"[""experiments/act_comparability/AUDIT.md"",""outputs/upright/expert/validate7_r0.5_summary.jsonl""]"
S062,upright,expert,expert,outputs/upright/expert/validate8_r0.5.jsonl,ac8f9731a656082228a55a6e5ef3a0a643a9bc6f9d7fcdc8f2229579be4ec0e7,,[0.5],"{""0.5"":20}","{""0.5"":20}",expert_calibration_or_setup,"[""UNKNOWN_LEGACY_UNSTAMPED""]","[""UNKNOWN_NOT_RECORDED""]",N/A_SCRIPTED_EXPERT,N/A_SCRIPTED_EXPERT,N/A_SCRIPTED_EXPERT,N/A_SCRIPTED_EXPERT,CALIBRATION_OR_SETUP,Calibration/setup evidence is not a protected final learner-comparison series.,NONE_DIFFERENT_ESTIMAND_OR_DEVELOPMENT_ONLY,,,,NOT_DOCUMENTED,"{""0.5"":""COUNTS_ONLY""}",NOT_ASSESSABLE_NO_100_EPISODE_GATE,0,0,"[""experiments/act_comparability/AUDIT.md"",""outputs/upright/expert/validate8_r0.5_summary.jsonl""]"
S063,upright,expert,expert,outputs/upright/expert/validate_control.jsonl,ed8ffecc1353c3b42fb6fe0490677b4801628c981016e6f3db2b4476ec9f621c,,[0.5],"{""0.5"":20}","{""0.5"":20}",expert_calibration_or_setup,"[""UNKNOWN_LEGACY_UNSTAMPED""]","[""UNKNOWN_NOT_RECORDED""]",N/A_SCRIPTED_EXPERT,N/A_SCRIPTED_EXPERT,N/A_SCRIPTED_EXPERT,N/A_SCRIPTED_EXPERT,CALIBRATION_OR_SETUP,Calibration/setup evidence is not a protected final learner-comparison series.,NONE_DIFFERENT_ESTIMAND_OR_DEVELOPMENT_ONLY,,,,NOT_DOCUMENTED,"{""0.5"":""COUNTS_ONLY""}",NOT_ASSESSABLE_NO_100_EPISODE_GATE,0,0,"[""experiments/act_comparability/AUDIT.md"",""outputs/upright/expert/validate_control_summary.jsonl""]"
S064,upright,expert,expert,outputs/upright/expert/validate_r0.5.jsonl,dc9f6f18f2b4136482e8e62fa6e600face2b122143485f47d53fad64555672e5,,[0.5],"{""0.5"":20}","{""0.5"":0}",expert_calibration_or_setup,"[""UNKNOWN_LEGACY_UNSTAMPED""]","[""UNKNOWN_NOT_RECORDED""]",N/A_SCRIPTED_EXPERT,N/A_SCRIPTED_EXPERT,N/A_SCRIPTED_EXPERT,N/A_SCRIPTED_EXPERT,CALIBRATION_OR_SETUP,Calibration/setup evidence is not a protected final learner-comparison series.,NONE_DIFFERENT_ESTIMAND_OR_DEVELOPMENT_ONLY,,,,NOT_DOCUMENTED,"{""0.5"":""COUNTS_ONLY""}",NOT_ASSESSABLE_NO_100_EPISODE_GATE,0,0,"[""experiments/act_comparability/AUDIT.md"",""outputs/upright/expert/validate_r0.5_summary.jsonl""]"
S065,upright,expert,expert,outputs/upright/expert/validate_r125_trace.jsonl,695bbf8b3d983319f06750ee9f8d36e6e1dbe1fdbe96df555860776d468acf8c,,[1.25],"{""1.25"":4}","{""1.25"":0}",expert_calibration_or_setup,"[""UNKNOWN_LEGACY_UNSTAMPED""]","[""UNKNOWN_NOT_RECORDED""]",N/A_SCRIPTED_EXPERT,N/A_SCRIPTED_EXPERT,N/A_SCRIPTED_EXPERT,N/A_SCRIPTED_EXPERT,CALIBRATION_OR_SETUP,Calibration/setup evidence is not a protected final learner-comparison series.,NONE_DIFFERENT_ESTIMAND_OR_DEVELOPMENT_ONLY,,,,NOT_DOCUMENTED,"{""1.25"":""COUNTS_ONLY""}",NOT_ASSESSABLE_NO_100_EPISODE_GATE,0,0,"[""experiments/act_comparability/AUDIT.md"",""outputs/upright/expert/validate_r125_trace_summary.jsonl""]"
S066,upright,expert,expert,outputs/upright/expert/validate_trace.jsonl,c334b0d7f0b4433bd9b37514f2d5a47259098b9db84ff46129c14e7d3152868d,,[0.5],"{""0.5"":4}","{""0.5"":0}",expert_calibration_or_setup,"[""UNKNOWN_LEGACY_UNSTAMPED""]","[""UNKNOWN_NOT_RECORDED""]",N/A_SCRIPTED_EXPERT,N/A_SCRIPTED_EXPERT,N/A_SCRIPTED_EXPERT,N/A_SCRIPTED_EXPERT,CALIBRATION_OR_SETUP,Calibration/setup evidence is not a protected final learner-comparison series.,NONE_DIFFERENT_ESTIMAND_OR_DEVELOPMENT_ONLY,,,,NOT_DOCUMENTED,"{""0.5"":""COUNTS_ONLY""}",NOT_ASSESSABLE_NO_100_EPISODE_GATE,0,0,"[""experiments/act_comparability/AUDIT.md"",""outputs/upright/expert/validate_trace_summary.jsonl""]"
S067,peg,act:legacy_uncorrected,ACT,outputs/peg/eval/act.jsonl,6e31e8b771aa0b55f7006a3679023d9426ed86b57c2e8fb07b21a93d49331bba,,"[0.5,0.75,1.0,1.25,1.5,1.75,2.0,2.5]","{""0.5"":100,""0.75"":100,""1.0"":100,""1.25"":100,""1.5"":100,""1.75"":100,""2.0"":100,""2.5"":100}","{""0.5"":68,""0.75"":87,""1.0"":76,""1.25"":73,""1.5"":0,""1.75"":0,""2.0"":0,""2.5"":0}",legacy_released_final,"[""UNKNOWN_LEGACY_UNSTAMPED""]","[""UNKNOWN_NOT_RECORDED""]",outputs/peg/act/act_peg.pt,207132aaed13d16bcdabe674c0df7450214997cc7c0dbcc6d50e7a3a0a1a1747,outputs/peg/demos/expert_episodes.pt,4512ae3a7b0b651faa380351ff727cdabe85ec1b132fdec0ac5f3ec0c0fff17d,SUPERSEDED_UNCORRECTED_ACT,"Legacy ACT training/diagnostic implementation is superseded by the corrected ACT protocol and selected seed-0 checkpoint. Distinct checkpoint and evaluation protocol, not a sample-size or success-based choice.",S153,outputs/iclr_dp_three_task_20260919/raw/final/peg/act_protocol-1.jsonl,,,KNOWN_PADDED_LOSS_AND_DIAGNOSTIC_DEFECTS_PRESERVED,"{""0.5"":""COUNTS_ONLY"",""0.75"":""FAIL_PAIRING_STANDALONE_COUNTS_RETAINED"",""1.0"":""FAIL_PAIRING_STANDALONE_COUNTS_RETAINED"",""1.25"":""FAIL_PAIRING_STANDALONE_COUNTS_RETAINED"",""1.5"":""FAIL_PAIRING_STANDALONE_COUNTS_RETAINED"",""1.75"":""FAIL_PAIRING_STANDALONE_COUNTS_RETAINED"",""2.0"":""COUNTS_ONLY"",""2.5"":""COUNTS_ONLY""}",FAIL_90_OF_100,76,100,"[""experiments/act_comparability/AUDIT.md"",""outputs/peg/eval/summary.jsonl""]"
S068,peg,expert,expert,outputs/peg/eval/expert.jsonl,248f2cf0c92e2a4dd16a13648996593a5d3cd6d466321bccfec8445739634cc2,,"[0.5,0.75,1.0,1.25,1.5,1.75,2.0,2.5]","{""0.5"":100,""0.75"":100,""1.0"":100,""1.25"":100,""1.5"":100,""1.75"":100,""2.0"":100,""2.5"":100}","{""0.5"":100,""0.75"":99,""1.0"":94,""1.25"":76,""1.5"":72,""1.75"":74,""2.0"":86,""2.5"":85}",legacy_released_final,"[""UNKNOWN_LEGACY_UNSTAMPED""]","[""UNKNOWN_NOT_RECORDED""]",N/A_SCRIPTED_EXPERT,N/A_SCRIPTED_EXPERT,N/A_SCRIPTED_EXPERT,N/A_SCRIPTED_EXPERT,SUPERSEDED_REFERENCE_PROTOCOL,Legacy expert bank belongs to the superseded upright/peg comparison. Use the declared corrected final-bank expert. The larger N is not the selection criterion.,S155,outputs/iclr_dp_three_task_20260919/raw/final/peg/expert_protocol-1.jsonl,,,NOT_DOCUMENTED,"{""0.5"":""COUNTS_ONLY"",""0.75"":""COUNTS_ONLY"",""1.0"":""COUNTS_ONLY"",""1.25"":""COUNTS_ONLY"",""1.5"":""COUNTS_ONLY"",""1.75"":""COUNTS_ONLY"",""2.0"":""COUNTS_ONLY"",""2.5"":""COUNTS_ONLY""}",PASS_OBSERVED_90_OF_100,94,100,"[""experiments/act_comparability/AUDIT.md"",""outputs/peg/eval/summary.jsonl""]"
S069,peg,expert,expert,outputs/peg/expert/demos.jsonl,c1435f3aee5d642ac5376e8b70800c9bc8cee36d68fab0b2f451aea9525e0175,,"[0.5019095540046692,0.5025390982627869,0.5037139654159546,0.5056048631668091,0.5141400098800659,0.5142632126808167,0.5210369825363159,0.5216350555419922,0.5235692858695984,0.5246963500976562,0.5248129367828369,0.5278394222259521,0.529597818851471,0.5352020263671875,0.5363914370536804,0.5366310477256775,0.5372088551521301,0.5390858054161072,0.5411539673805237,0.5429345965385437,0.5450513958930969,0.5451699495315552,0.5479142069816589,0.5488407611846924,0.5503337979316711,0.5504775047302246,0.5539278388023376,0.5539477467536926,0.5552418231964111,0.5557692050933838,0.5581731200218201,0.5612218976020813,0.5653355121612549,0.5712567567825317,0.5741106271743774,0.5745954513549805,0.5748099684715271,0.5755143165588379,0.5776265859603882,0.5785260200500488,0.5788482427597046,0.5791053175926208,0.5794028639793396,0.5804314613342285,0.5807765126228333,0.5824902653694153,0.5838437676429749,0.5841290354728699,0.5880383253097534,0.5905345678329468,0.5997360944747925,0.6014311909675598,0.6051774024963379,0.6057674884796143,0.6065154075622559,0.6069567203521729,0.6072275638580322,0.6076856255531311,0.6094992756843567,0.6116669774055481,0.6139822006225586,0.6139936447143555,0.614443302154541,0.6145239472389221,0.6173762083053589,0.6217653751373291,0.6238815784454346,0.6240459680557251,0.625304102897644,0.6253743171691895,0.626766562461853,0.62718266248703,0.6300339698791504,0.6347751617431641,0.6355846524238586,0.6356490254402161,0.6360186338424683,0.6367379426956177,0.6372027397155762,0.6372669339179993,0.637649655342102,0.6387536525726318,0.6393986940383911,0.643104076385498,0.6441311836242676,0.645865797996521,0.6463460326194763,0.6470613479614258,0.6481358408927917,0.6516441106796265,0.6524912118911743,0.6574223637580872,0.6596710681915283,0.6610139608383179,0.6666113138198853,0.668076753616333,0.6689121127128601,0.6701754927635193,0.6710518598556519,0.6724706292152405,0.674551784992218,0.6747466325759888,0.6776525974273682,0.6787772178649902,0.6807270646095276,0.6811325550079346,0.6829758882522583,0.6859734058380127,0.6916283965110779,0.692948043346405,0.6965763568878174,0.6986452341079712,0.700472354888916,0.7009528875350952,0.7010518312454224,0.7013658881187439,0.701443076133728,0.7042771577835083,0.7065534591674805,0.7074612379074097,0.7074934244155884,0.7080444097518921,0.7119394540786743,0.7120984196662903,0.7122271060943604,0.7129842042922974,0.7147195339202881,0.7150019407272339,0.7150367498397827,0.7151265144348145,0.715996503829956,0.716774582862854,0.7183855772018433,0.7185279130935669,0.718783974647522,0.7194838523864746,0.7210326790809631,0.721145510673523,0.7217379212379456,0.723157525062561,0.7234005331993103,0.7248518466949463,0.7252939939498901,0.7255363464355469,0.7275782823562622,0.7276232838630676,0.7287141680717468,0.7292382121086121,0.7304770946502686,0.7341352105140686,0.7348735332489014,0.7348905801773071,0.736143946647644,0.7372698187828064,0.7442820072174072,0.7448015213012695,0.7478716969490051,0.7498911023139954,0.7500095367431641,0.7502373456954956,0.7506645321846008,0.7509416937828064,0.751955509185791,0.753170371055603,0.7540912628173828,0.7543892860412598,0.7548282146453857,0.7550747394561768,0.7565865516662598,0.7573022842407227,0.7576608657836914,0.757733941078186,0.7622860670089722,0.7637343406677246,0.7646111249923706,0.7657709121704102,0.7666568756103516,0.7699811458587646,0.7714243531227112,0.7736688852310181,0.7740665674209595,0.7769132852554321,0.7770764827728271,0.7787271738052368,0.7790768146514893,0.7809230089187622,0.781529426574707,0.7816530466079712,0.7816973924636841,0.7830600142478943,0.784149169921875,0.7862228155136108,0.7863370180130005,0.7876958847045898,0.7882564067840576,0.7894861102104187,0.7917077541351318,0.7974830865859985,0.8041642308235168,0.8051506280899048,0.8051532506942749,0.8101912140846252,0.8111891746520996,0.8127387166023254,0.8140945434570312,0.8176109790802002,0.8196244835853577,0.8255823254585266,0.8298509120941162,0.8300888538360596,0.832441508769989,0.8340001106262207,0.8351221084594727,0.8367646932601929,0.8373196125030518,0.839080274105072,0.8398274183273315,0.8401174545288086,0.8424333333969116,0.8424339294433594,0.8433829545974731,0.8434836864471436,0.8441638350486755,0.8455852270126343,0.8503513336181641,0.8529942035675049,0.8535043597221375,0.8544090986251831,0.8557882308959961,0.8583018779754639,0.861780047416687,0.8657901287078857,0.8666500449180603,0.8674632906913757,0.8686094284057617,0.8704863786697388,0.8744626045227051,0.8752750158309937,0.8753210306167603,0.8758935928344727,0.8762083053588867,0.8787950873374939,0.8809900879859924,0.8814970254898071,0.8834842443466187,0.8838130235671997,0.8848980665206909,0.8854577541351318,0.8877449035644531,0.8878880739212036,0.8884017467498779,0.8890665769577026,0.8891000151634216,0.8893265724182129,0.8908934593200684,0.8910040855407715,0.8920840620994568,0.8924406170845032,0.8927372694015503,0.8933858871459961,0.8961977958679199,0.8976303339004517,0.8991895914077759,0.8994814157485962,0.9012447595596313,0.9015417098999023,0.9018501043319702,0.9025760889053345,0.9047727584838867,0.9097659587860107,0.9100539088249207,0.9108739495277405,0.91185462474823,0.912266194820404,0.915062665939331,0.9175301194190979,0.9183894395828247,0.9209730625152588,0.9214832782745361,0.9245025515556335,0.9274776577949524,0.9279623031616211,0.9282687902450562,0.9286305904388428,0.9302396774291992,0.9351288676261902,0.9353927373886108,0.9361369609832764,0.9364838600158691,0.9364871978759766,0.9366741180419922,0.9412887096405029,0.9412965774536133,0.9419333934783936,0.9424620866775513,0.9424984455108643,0.9428218603134155,0.944398045539856,0.9451597332954407,0.9461301565170288,0.9475024938583374,0.9475923180580139,0.9483120441436768,0.9520550966262817,0.9522168636322021,0.9530258178710938,0.9531863927841187,0.9537690877914429,0.9539282321929932,0.9549718499183655,0.9557733535766602,0.9621955156326294,0.9637253284454346,0.9637542963027954,0.966092586517334,0.9678654670715332,0.968783974647522,0.9733636379241943,0.9738870859146118,0.9757890701293945,0.9812318682670593,0.9822245836257935,0.9837634563446045,0.9844791889190674,0.9877387881278992,0.9926303625106812,0.9940566420555115,0.9940971732139587,0.9944850206375122,0.9968349933624268]","{""0.5019095540046692"":1,""0.5025390982627869"":1,""0.5037139654159546"":1,""0.5056048631668091"":1,""0.5141400098800659"":1,""0.5142632126808167"":1,""0.5210369825363159"":1,""0.5216350555419922"":1,""0.5235692858695984"":1,""0.5246963500976562"":1,""0.5248129367828369"":1,""0.5278394222259521"":1,""0.529597818851471"":1,""0.5352020263671875"":1,""0.5363914370536804"":1,""0.5366310477256775"":1,""0.5372088551521301"":1,""0.5390858054161072"":1,""0.5411539673805237"":1,""0.5429345965385437"":1,""0.5450513958930969"":1,""0.5451699495315552"":1,""0.5479142069816589"":1,""0.5488407611846924"":1,""0.5503337979316711"":1,""0.5504775047302246"":1,""0.5539278388023376"":1,""0.5539477467536926"":1,""0.5552418231964111"":1,""0.5557692050933838"":1,""0.5581731200218201"":1,""0.5612218976020813"":1,""0.5653355121612549"":1,""0.5712567567825317"":1,""0.5741106271743774"":1,""0.5745954513549805"":1,""0.5748099684715271"":1,""0.5755143165588379"":1,""0.5776265859603882"":1,""0.5785260200500488"":1,""0.5788482427597046"":1,""0.5791053175926208"":1,""0.5794028639793396"":1,""0.5804314613342285"":1,""0.5807765126228333"":1,""0.5824902653694153"":1,""0.5838437676429749"":1,""0.5841290354728699"":1,""0.5880383253097534"":1,""0.5905345678329468"":1,""0.5997360944747925"":1,""0.6014311909675598"":1,""0.6051774024963379"":1,""0.6057674884796143"":1,""0.6065154075622559"":1,""0.6069567203521729"":1,""0.6072275638580322"":1,""0.6076856255531311"":1,""0.6094992756843567"":1,""0.6116669774055481"":1,""0.6139822006225586"":1,""0.6139936447143555"":1,""0.614443302154541"":1,""0.6145239472389221"":1,""0.6173762083053589"":1,""0.6217653751373291"":1,""0.6238815784454346"":1,""0.6240459680557251"":1,""0.625304102897644"":1,""0.6253743171691895"":1,""0.626766562461853"":1,""0.62718266248703"":1,""0.6300339698791504"":1,""0.6347751617431641"":1,""0.6355846524238586"":1,""0.6356490254402161"":1,""0.6360186338424683"":1,""0.6367379426956177"":1,""0.6372027397155762"":1,""0.6372669339179993"":1,""0.637649655342102"":1,""0.6387536525726318"":1,""0.6393986940383911"":1,""0.643104076385498"":1,""0.6441311836242676"":1,""0.645865797996521"":1,""0.6463460326194763"":1,""0.6470613479614258"":1,""0.6481358408927917"":1,""0.6516441106796265"":1,""0.6524912118911743"":1,""0.6574223637580872"":1,""0.6596710681915283"":1,""0.6610139608383179"":1,""0.6666113138198853"":1,""0.668076753616333"":1,""0.6689121127128601"":1,""0.6701754927635193"":1,""0.6710518598556519"":1,""0.6724706292152405"":1,""0.674551784992218"":1,""0.6747466325759888"":1,""0.6776525974273682"":1,""0.6787772178649902"":1,""0.6807270646095276"":1,""0.6811325550079346"":1,""0.6829758882522583"":1,""0.6859734058380127"":1,""0.6916283965110779"":1,""0.692948043346405"":1,""0.6965763568878174"":1,""0.6986452341079712"":1,""0.700472354888916"":1,""0.7009528875350952"":1,""0.7010518312454224"":1,""0.7013658881187439"":1,""0.701443076133728"":1,""0.7042771577835083"":1,""0.7065534591674805"":1,""0.7074612379074097"":1,""0.7074934244155884"":1,""0.7080444097518921"":1,""0.7119394540786743"":1,""0.7120984196662903"":1,""0.7122271060943604"":1,""0.7129842042922974"":1,""0.7147195339202881"":1,""0.7150019407272339"":1,""0.7150367498397827"":1,""0.7151265144348145"":1,""0.715996503829956"":1,""0.716774582862854"":1,""0.7183855772018433"":1,""0.7185279130935669"":1,""0.718783974647522"":1,""0.7194838523864746"":1,""0.7210326790809631"":1,""0.721145510673523"":1,""0.7217379212379456"":1,""0.723157525062561"":1,""0.7234005331993103"":1,""0.7248518466949463"":1,""0.7252939939498901"":1,""0.7255363464355469"":1,""0.7275782823562622"":1,""0.7276232838630676"":1,""0.7287141680717468"":1,""0.7292382121086121"":1,""0.7304770946502686"":1,""0.7341352105140686"":1,""0.7348735332489014"":1,""0.7348905801773071"":1,""0.736143946647644"":1,""0.7372698187828064"":1,""0.7442820072174072"":1,""0.7448015213012695"":1,""0.7478716969490051"":1,""0.7498911023139954"":1,""0.7500095367431641"":1,""0.7502373456954956"":1,""0.7506645321846008"":1,""0.7509416937828064"":1,""0.751955509185791"":1,""0.753170371055603"":1,""0.7540912628173828"":1,""0.7543892860412598"":1,""0.7548282146453857"":1,""0.7550747394561768"":1,""0.7565865516662598"":1,""0.7573022842407227"":1,""0.7576608657836914"":1,""0.757733941078186"":1,""0.7622860670089722"":1,""0.7637343406677246"":1,""0.7646111249923706"":1,""0.7657709121704102"":1,""0.7666568756103516"":1,""0.7699811458587646"":1,""0.7714243531227112"":1,""0.7736688852310181"":1,""0.7740665674209595"":1,""0.7769132852554321"":1,""0.7770764827728271"":1,""0.7787271738052368"":1,""0.7790768146514893"":1,""0.7809230089187622"":1,""0.781529426574707"":1,""0.7816530466079712"":1,""0.7816973924636841"":1,""0.7830600142478943"":1,""0.784149169921875"":1,""0.7862228155136108"":1,""0.7863370180130005"":1,""0.7876958847045898"":1,""0.7882564067840576"":1,""0.7894861102104187"":1,""0.7917077541351318"":1,""0.7974830865859985"":1,""0.8041642308235168"":1,""0.8051506280899048"":1,""0.8051532506942749"":1,""0.8101912140846252"":1,""0.8111891746520996"":1,""0.8127387166023254"":1,""0.8140945434570312"":1,""0.8176109790802002"":1,""0.8196244835853577"":1,""0.8255823254585266"":1,""0.8298509120941162"":1,""0.8300888538360596"":1,""0.832441508769989"":1,""0.8340001106262207"":1,""0.8351221084594727"":1,""0.8367646932601929"":1,""0.8373196125030518"":1,""0.839080274105072"":1,""0.8398274183273315"":1,""0.8401174545288086"":1,""0.8424333333969116"":1,""0.8424339294433594"":1,""0.8433829545974731"":1,""0.8434836864471436"":1,""0.8441638350486755"":1,""0.8455852270126343"":1,""0.8503513336181641"":1,""0.8529942035675049"":1,""0.8535043597221375"":1,""0.8544090986251831"":1,""0.8557882308959961"":1,""0.8583018779754639"":1,""0.861780047416687"":1,""0.8657901287078857"":1,""0.8666500449180603"":1,""0.8674632906913757"":1,""0.8686094284057617"":1,""0.8704863786697388"":1,""0.8744626045227051"":1,""0.8752750158309937"":1,""0.8753210306167603"":1,""0.8758935928344727"":1,""0.8762083053588867"":1,""0.8787950873374939"":1,""0.8809900879859924"":1,""0.8814970254898071"":1,""0.8834842443466187"":1,""0.8838130235671997"":1,""0.8848980665206909"":1,""0.8854577541351318"":1,""0.8877449035644531"":1,""0.8878880739212036"":1,""0.8884017467498779"":1,""0.8890665769577026"":1,""0.8891000151634216"":1,""0.8893265724182129"":1,""0.8908934593200684"":1,""0.8910040855407715"":1,""0.8920840620994568"":1,""0.8924406170845032"":1,""0.8927372694015503"":1,""0.8933858871459961"":1,""0.8961977958679199"":1,""0.8976303339004517"":1,""0.8991895914077759"":1,""0.8994814157485962"":1,""0.9012447595596313"":1,""0.9015417098999023"":1,""0.9018501043319702"":1,""0.9025760889053345"":1,""0.9047727584838867"":1,""0.9097659587860107"":1,""0.9100539088249207"":1,""0.9108739495277405"":1,""0.91185462474823"":1,""0.912266194820404"":1,""0.915062665939331"":1,""0.9175301194190979"":1,""0.9183894395828247"":1,""0.9209730625152588"":1,""0.9214832782745361"":1,""0.9245025515556335"":1,""0.9274776577949524"":1,""0.9279623031616211"":1,""0.9282687902450562"":1,""0.9286305904388428"":1,""0.9302396774291992"":1,""0.9351288676261902"":1,""0.9353927373886108"":1,""0.9361369609832764"":1,""0.9364838600158691"":1,""0.9364871978759766"":1,""0.9366741180419922"":1,""0.9412887096405029"":1,""0.9412965774536133"":1,""0.9419333934783936"":1,""0.9424620866775513"":1,""0.9424984455108643"":1,""0.9428218603134155"":1,""0.944398045539856"":1,""0.9451597332954407"":1,""0.9461301565170288"":1,""0.9475024938583374"":1,""0.9475923180580139"":1,""0.9483120441436768"":1,""0.9520550966262817"":1,""0.9522168636322021"":1,""0.9530258178710938"":1,""0.9531863927841187"":1,""0.9537690877914429"":1,""0.9539282321929932"":1,""0.9549718499183655"":1,""0.9557733535766602"":1,""0.9621955156326294"":1,""0.9637253284454346"":1,""0.9637542963027954"":1,""0.966092586517334"":1,""0.9678654670715332"":1,""0.968783974647522"":1,""0.9733636379241943"":1,""0.9738870859146118"":1,""0.9757890701293945"":1,""0.9812318682670593"":1,""0.9822245836257935"":1,""0.9837634563446045"":1,""0.9844791889190674"":1,""0.9877387881278992"":1,""0.9926303625106812"":1,""0.9940566420555115"":1,""0.9940971732139587"":1,""0.9944850206375122"":1,""0.9968349933624268"":1}","{""0.5019095540046692"":1,""0.5025390982627869"":1,""0.5037139654159546"":1,""0.5056048631668091"":1,""0.5141400098800659"":1,""0.5142632126808167"":1,""0.5210369825363159"":1,""0.5216350555419922"":1,""0.5235692858695984"":1,""0.5246963500976562"":1,""0.5248129367828369"":1,""0.5278394222259521"":1,""0.529597818851471"":1,""0.5352020263671875"":1,""0.5363914370536804"":1,""0.5366310477256775"":1,""0.5372088551521301"":1,""0.5390858054161072"":1,""0.5411539673805237"":1,""0.5429345965385437"":1,""0.5450513958930969"":1,""0.5451699495315552"":1,""0.5479142069816589"":1,""0.5488407611846924"":1,""0.5503337979316711"":1,""0.5504775047302246"":1,""0.5539278388023376"":1,""0.5539477467536926"":1,""0.5552418231964111"":1,""0.5557692050933838"":1,""0.5581731200218201"":1,""0.5612218976020813"":1,""0.5653355121612549"":1,""0.5712567567825317"":1,""0.5741106271743774"":1,""0.5745954513549805"":1,""0.5748099684715271"":1,""0.5755143165588379"":1,""0.5776265859603882"":0,""0.5785260200500488"":1,""0.5788482427597046"":1,""0.5791053175926208"":1,""0.5794028639793396"":1,""0.5804314613342285"":1,""0.5807765126228333"":1,""0.5824902653694153"":1,""0.5838437676429749"":1,""0.5841290354728699"":1,""0.5880383253097534"":1,""0.5905345678329468"":1,""0.5997360944747925"":1,""0.6014311909675598"":1,""0.6051774024963379"":1,""0.6057674884796143"":1,""0.6065154075622559"":1,""0.6069567203521729"":1,""0.6072275638580322"":1,""0.6076856255531311"":1,""0.6094992756843567"":1,""0.6116669774055481"":1,""0.6139822006225586"":1,""0.6139936447143555"":1,""0.614443302154541"":1,""0.6145239472389221"":1,""0.6173762083053589"":1,""0.6217653751373291"":1,""0.6238815784454346"":1,""0.6240459680557251"":1,""0.625304102897644"":1,""0.6253743171691895"":1,""0.626766562461853"":1,""0.62718266248703"":1,""0.6300339698791504"":1,""0.6347751617431641"":1,""0.6355846524238586"":1,""0.6356490254402161"":1,""0.6360186338424683"":1,""0.6367379426956177"":1,""0.6372027397155762"":1,""0.6372669339179993"":1,""0.637649655342102"":1,""0.6387536525726318"":1,""0.6393986940383911"":1,""0.643104076385498"":1,""0.6441311836242676"":1,""0.645865797996521"":1,""0.6463460326194763"":1,""0.6470613479614258"":1,""0.6481358408927917"":1,""0.6516441106796265"":1,""0.6524912118911743"":1,""0.6574223637580872"":1,""0.6596710681915283"":1,""0.6610139608383179"":1,""0.6666113138198853"":1,""0.668076753616333"":1,""0.6689121127128601"":1,""0.6701754927635193"":1,""0.6710518598556519"":1,""0.6724706292152405"":1,""0.674551784992218"":1,""0.6747466325759888"":1,""0.6776525974273682"":1,""0.6787772178649902"":1,""0.6807270646095276"":1,""0.6811325550079346"":1,""0.6829758882522583"":1,""0.6859734058380127"":1,""0.6916283965110779"":1,""0.692948043346405"":1,""0.6965763568878174"":1,""0.6986452341079712"":1,""0.700472354888916"":1,""0.7009528875350952"":1,""0.7010518312454224"":1,""0.7013658881187439"":1,""0.701443076133728"":1,""0.7042771577835083"":1,""0.7065534591674805"":1,""0.7074612379074097"":1,""0.7074934244155884"":1,""0.7080444097518921"":1,""0.7119394540786743"":1,""0.7120984196662903"":1,""0.7122271060943604"":1,""0.7129842042922974"":1,""0.7147195339202881"":1,""0.7150019407272339"":1,""0.7150367498397827"":1,""0.7151265144348145"":1,""0.715996503829956"":1,""0.716774582862854"":1,""0.7183855772018433"":1,""0.7185279130935669"":1,""0.718783974647522"":1,""0.7194838523864746"":1,""0.7210326790809631"":1,""0.721145510673523"":1,""0.7217379212379456"":1,""0.723157525062561"":1,""0.7234005331993103"":1,""0.7248518466949463"":1,""0.7252939939498901"":1,""0.7255363464355469"":1,""0.7275782823562622"":1,""0.7276232838630676"":1,""0.7287141680717468"":1,""0.7292382121086121"":1,""0.7304770946502686"":1,""0.7341352105140686"":1,""0.7348735332489014"":1,""0.7348905801773071"":1,""0.736143946647644"":1,""0.7372698187828064"":1,""0.7442820072174072"":1,""0.7448015213012695"":1,""0.7478716969490051"":1,""0.7498911023139954"":1,""0.7500095367431641"":1,""0.7502373456954956"":1,""0.7506645321846008"":1,""0.7509416937828064"":1,""0.751955509185791"":1,""0.753170371055603"":1,""0.7540912628173828"":1,""0.7543892860412598"":1,""0.7548282146453857"":1,""0.7550747394561768"":1,""0.7565865516662598"":1,""0.7573022842407227"":1,""0.7576608657836914"":1,""0.757733941078186"":1,""0.7622860670089722"":1,""0.7637343406677246"":1,""0.7646111249923706"":1,""0.7657709121704102"":1,""0.7666568756103516"":1,""0.7699811458587646"":1,""0.7714243531227112"":1,""0.7736688852310181"":1,""0.7740665674209595"":1,""0.7769132852554321"":1,""0.7770764827728271"":1,""0.7787271738052368"":1,""0.7790768146514893"":1,""0.7809230089187622"":1,""0.781529426574707"":1,""0.7816530466079712"":1,""0.7816973924636841"":1,""0.7830600142478943"":1,""0.784149169921875"":1,""0.7862228155136108"":1,""0.7863370180130005"":1,""0.7876958847045898"":1,""0.7882564067840576"":1,""0.7894861102104187"":1,""0.7917077541351318"":1,""0.7974830865859985"":1,""0.8041642308235168"":1,""0.8051506280899048"":1,""0.8051532506942749"":1,""0.8101912140846252"":1,""0.8111891746520996"":1,""0.8127387166023254"":1,""0.8140945434570312"":1,""0.8176109790802002"":1,""0.8196244835853577"":0,""0.8255823254585266"":1,""0.8298509120941162"":1,""0.8300888538360596"":1,""0.832441508769989"":1,""0.8340001106262207"":1,""0.8351221084594727"":1,""0.8367646932601929"":1,""0.8373196125030518"":1,""0.839080274105072"":1,""0.8398274183273315"":1,""0.8401174545288086"":1,""0.8424333333969116"":1,""0.8424339294433594"":0,""0.8433829545974731"":1,""0.8434836864471436"":1,""0.8441638350486755"":1,""0.8455852270126343"":1,""0.8503513336181641"":1,""0.8529942035675049"":1,""0.8535043597221375"":1,""0.8544090986251831"":1,""0.8557882308959961"":1,""0.8583018779754639"":1,""0.861780047416687"":1,""0.8657901287078857"":1,""0.8666500449180603"":1,""0.8674632906913757"":1,""0.8686094284057617"":1,""0.8704863786697388"":1,""0.8744626045227051"":1,""0.8752750158309937"":1,""0.8753210306167603"":1,""0.8758935928344727"":1,""0.8762083053588867"":1,""0.8787950873374939"":1,""0.8809900879859924"":1,""0.8814970254898071"":1,""0.8834842443466187"":1,""0.8838130235671997"":1,""0.8848980665206909"":1,""0.8854577541351318"":1,""0.8877449035644531"":1,""0.8878880739212036"":1,""0.8884017467498779"":1,""0.8890665769577026"":1,""0.8891000151634216"":1,""0.8893265724182129"":1,""0.8908934593200684"":1,""0.8910040855407715"":1,""0.8920840620994568"":1,""0.8924406170845032"":1,""0.8927372694015503"":1,""0.8933858871459961"":1,""0.8961977958679199"":1,""0.8976303339004517"":1,""0.8991895914077759"":1,""0.8994814157485962"":1,""0.9012447595596313"":1,""0.9015417098999023"":1,""0.9018501043319702"":1,""0.9025760889053345"":1,""0.9047727584838867"":1,""0.9097659587860107"":1,""0.9100539088249207"":1,""0.9108739495277405"":1,""0.91185462474823"":1,""0.912266194820404"":1,""0.915062665939331"":1,""0.9175301194190979"":1,""0.9183894395828247"":1,""0.9209730625152588"":1,""0.9214832782745361"":1,""0.9245025515556335"":1,""0.9274776577949524"":1,""0.9279623031616211"":1,""0.9282687902450562"":1,""0.9286305904388428"":0,""0.9302396774291992"":1,""0.9351288676261902"":1,""0.9353927373886108"":1,""0.9361369609832764"":1,""0.9364838600158691"":1,""0.9364871978759766"":1,""0.9366741180419922"":1,""0.9412887096405029"":1,""0.9412965774536133"":1,""0.9419333934783936"":1,""0.9424620866775513"":1,""0.9424984455108643"":1,""0.9428218603134155"":1,""0.944398045539856"":0,""0.9451597332954407"":1,""0.9461301565170288"":1,""0.9475024938583374"":1,""0.9475923180580139"":1,""0.9483120441436768"":1,""0.9520550966262817"":1,""0.9522168636322021"":1,""0.9530258178710938"":1,""0.9531863927841187"":1,""0.9537690877914429"":1,""0.9539282321929932"":1,""0.9549718499183655"":1,""0.9557733535766602"":1,""0.9621955156326294"":1,""0.9637253284454346"":1,""0.9637542963027954"":1,""0.966092586517334"":1,""0.9678654670715332"":1,""0.968783974647522"":1,""0.9733636379241943"":1,""0.9738870859146118"":1,""0.9757890701293945"":1,""0.9812318682670593"":1,""0.9822245836257935"":1,""0.9837634563446045"":1,""0.9844791889190674"":1,""0.9877387881278992"":1,""0.9926303625106812"":1,""0.9940566420555115"":1,""0.9940971732139587"":1,""0.9944850206375122"":1,""0.9968349933624268"":1}",expert_calibration_or_setup,"[""UNKNOWN_LEGACY_UNSTAMPED""]","[""UNKNOWN_NOT_RECORDED""]",N/A_SCRIPTED_EXPERT,N/A_SCRIPTED_EXPERT,N/A_SCRIPTED_EXPERT,N/A_SCRIPTED_EXPERT,CALIBRATION_OR_SETUP,Calibration/setup evidence is not a protected final learner-comparison series.,NONE_DIFFERENT_ESTIMAND_OR_DEVELOPMENT_ONLY,,,,NOT_DOCUMENTED,"{""0.5019095540046692"":""COUNTS_ONLY"",""0.5025390982627869"":""COUNTS_ONLY"",""0.5037139654159546"":""COUNTS_ONLY"",""0.5056048631668091"":""COUNTS_ONLY"",""0.5141400098800659"":""COUNTS_ONLY"",""0.5142632126808167"":""COUNTS_ONLY"",""0.5210369825363159"":""COUNTS_ONLY"",""0.5216350555419922"":""COUNTS_ONLY"",""0.5235692858695984"":""COUNTS_ONLY"",""0.5246963500976562"":""COUNTS_ONLY"",""0.5248129367828369"":""COUNTS_ONLY"",""0.5278394222259521"":""COUNTS_ONLY"",""0.529597818851471"":""COUNTS_ONLY"",""0.5352020263671875"":""COUNTS_ONLY"",""0.5363914370536804"":""COUNTS_ONLY"",""0.5366310477256775"":""COUNTS_ONLY"",""0.5372088551521301"":""COUNTS_ONLY"",""0.5390858054161072"":""COUNTS_ONLY"",""0.5411539673805237"":""COUNTS_ONLY"",""0.5429345965385437"":""COUNTS_ONLY"",""0.5450513958930969"":""COUNTS_ONLY"",""0.5451699495315552"":""COUNTS_ONLY"",""0.5479142069816589"":""COUNTS_ONLY"",""0.5488407611846924"":""COUNTS_ONLY"",""0.5503337979316711"":""COUNTS_ONLY"",""0.5504775047302246"":""COUNTS_ONLY"",""0.5539278388023376"":""COUNTS_ONLY"",""0.5539477467536926"":""COUNTS_ONLY"",""0.5552418231964111"":""COUNTS_ONLY"",""0.5557692050933838"":""COUNTS_ONLY"",""0.5581731200218201"":""COUNTS_ONLY"",""0.5612218976020813"":""COUNTS_ONLY"",""0.5653355121612549"":""COUNTS_ONLY"",""0.5712567567825317"":""COUNTS_ONLY"",""0.5741106271743774"":""COUNTS_ONLY"",""0.5745954513549805"":""COUNTS_ONLY"",""0.5748099684715271"":""COUNTS_ONLY"",""0.5755143165588379"":""COUNTS_ONLY"",""0.5776265859603882"":""COUNTS_ONLY"",""0.5785260200500488"":""COUNTS_ONLY"",""0.5788482427597046"":""COUNTS_ONLY"",""0.5791053175926208"":""COUNTS_ONLY"",""0.5794028639793396"":""COUNTS_ONLY"",""0.5804314613342285"":""COUNTS_ONLY"",""0.5807765126228333"":""COUNTS_ONLY"",""0.5824902653694153"":""COUNTS_ONLY"",""0.5838437676429749"":""COUNTS_ONLY"",""0.5841290354728699"":""COUNTS_ONLY"",""0.5880383253097534"":""COUNTS_ONLY"",""0.5905345678329468"":""COUNTS_ONLY"",""0.5997360944747925"":""COUNTS_ONLY"",""0.6014311909675598"":""COUNTS_ONLY"",""0.6051774024963379"":""COUNTS_ONLY"",""0.6057674884796143"":""COUNTS_ONLY"",""0.6065154075622559"":""COUNTS_ONLY"",""0.6069567203521729"":""COUNTS_ONLY"",""0.6072275638580322"":""COUNTS_ONLY"",""0.6076856255531311"":""COUNTS_ONLY"",""0.6094992756843567"":""COUNTS_ONLY"",""0.6116669774055481"":""COUNTS_ONLY"",""0.6139822006225586"":""COUNTS_ONLY"",""0.6139936447143555"":""COUNTS_ONLY"",""0.614443302154541"":""COUNTS_ONLY"",""0.6145239472389221"":""COUNTS_ONLY"",""0.6173762083053589"":""COUNTS_ONLY"",""0.6217653751373291"":""COUNTS_ONLY"",""0.6238815784454346"":""COUNTS_ONLY"",""0.6240459680557251"":""COUNTS_ONLY"",""0.625304102897644"":""COUNTS_ONLY"",""0.6253743171691895"":""COUNTS_ONLY"",""0.626766562461853"":""COUNTS_ONLY"",""0.62718266248703"":""COUNTS_ONLY"",""0.6300339698791504"":""COUNTS_ONLY"",""0.6347751617431641"":""COUNTS_ONLY"",""0.6355846524238586"":""COUNTS_ONLY"",""0.6356490254402161"":""COUNTS_ONLY"",""0.6360186338424683"":""COUNTS_ONLY"",""0.6367379426956177"":""COUNTS_ONLY"",""0.6372027397155762"":""COUNTS_ONLY"",""0.6372669339179993"":""COUNTS_ONLY"",""0.637649655342102"":""COUNTS_ONLY"",""0.6387536525726318"":""COUNTS_ONLY"",""0.6393986940383911"":""COUNTS_ONLY"",""0.643104076385498"":""COUNTS_ONLY"",""0.6441311836242676"":""COUNTS_ONLY"",""0.645865797996521"":""COUNTS_ONLY"",""0.6463460326194763"":""COUNTS_ONLY"",""0.6470613479614258"":""COUNTS_ONLY"",""0.6481358408927917"":""COUNTS_ONLY"",""0.6516441106796265"":""COUNTS_ONLY"",""0.6524912118911743"":""COUNTS_ONLY"",""0.6574223637580872"":""COUNTS_ONLY"",""0.6596710681915283"":""COUNTS_ONLY"",""0.6610139608383179"":""COUNTS_ONLY"",""0.6666113138198853"":""COUNTS_ONLY"",""0.668076753616333"":""COUNTS_ONLY"",""0.6689121127128601"":""COUNTS_ONLY"",""0.6701754927635193"":""COUNTS_ONLY"",""0.6710518598556519"":""COUNTS_ONLY"",""0.6724706292152405"":""COUNTS_ONLY"",""0.674551784992218"":""COUNTS_ONLY"",""0.6747466325759888"":""COUNTS_ONLY"",""0.6776525974273682"":""COUNTS_ONLY"",""0.6787772178649902"":""COUNTS_ONLY"",""0.6807270646095276"":""COUNTS_ONLY"",""0.6811325550079346"":""COUNTS_ONLY"",""0.6829758882522583"":""COUNTS_ONLY"",""0.6859734058380127"":""COUNTS_ONLY"",""0.6916283965110779"":""COUNTS_ONLY"",""0.692948043346405"":""COUNTS_ONLY"",""0.6965763568878174"":""COUNTS_ONLY"",""0.6986452341079712"":""COUNTS_ONLY"",""0.700472354888916"":""COUNTS_ONLY"",""0.7009528875350952"":""COUNTS_ONLY"",""0.7010518312454224"":""COUNTS_ONLY"",""0.7013658881187439"":""COUNTS_ONLY"",""0.701443076133728"":""COUNTS_ONLY"",""0.7042771577835083"":""COUNTS_ONLY"",""0.7065534591674805"":""COUNTS_ONLY"",""0.7074612379074097"":""COUNTS_ONLY"",""0.7074934244155884"":""COUNTS_ONLY"",""0.7080444097518921"":""COUNTS_ONLY"",""0.7119394540786743"":""COUNTS_ONLY"",""0.7120984196662903"":""COUNTS_ONLY"",""0.7122271060943604"":""COUNTS_ONLY"",""0.7129842042922974"":""COUNTS_ONLY"",""0.7147195339202881"":""COUNTS_ONLY"",""0.7150019407272339"":""COUNTS_ONLY"",""0.7150367498397827"":""COUNTS_ONLY"",""0.7151265144348145"":""COUNTS_ONLY"",""0.715996503829956"":""COUNTS_ONLY"",""0.716774582862854"":""COUNTS_ONLY"",""0.7183855772018433"":""COUNTS_ONLY"",""0.7185279130935669"":""COUNTS_ONLY"",""0.718783974647522"":""COUNTS_ONLY"",""0.7194838523864746"":""COUNTS_ONLY"",""0.7210326790809631"":""COUNTS_ONLY"",""0.721145510673523"":""COUNTS_ONLY"",""0.7217379212379456"":""COUNTS_ONLY"",""0.723157525062561"":""COUNTS_ONLY"",""0.7234005331993103"":""COUNTS_ONLY"",""0.7248518466949463"":""COUNTS_ONLY"",""0.7252939939498901"":""COUNTS_ONLY"",""0.7255363464355469"":""COUNTS_ONLY"",""0.7275782823562622"":""COUNTS_ONLY"",""0.7276232838630676"":""COUNTS_ONLY"",""0.7287141680717468"":""COUNTS_ONLY"",""0.7292382121086121"":""COUNTS_ONLY"",""0.7304770946502686"":""COUNTS_ONLY"",""0.7341352105140686"":""COUNTS_ONLY"",""0.7348735332489014"":""COUNTS_ONLY"",""0.7348905801773071"":""COUNTS_ONLY"",""0.736143946647644"":""COUNTS_ONLY"",""0.7372698187828064"":""COUNTS_ONLY"",""0.7442820072174072"":""COUNTS_ONLY"",""0.7448015213012695"":""COUNTS_ONLY"",""0.7478716969490051"":""COUNTS_ONLY"",""0.7498911023139954"":""COUNTS_ONLY"",""0.7500095367431641"":""COUNTS_ONLY"",""0.7502373456954956"":""COUNTS_ONLY"",""0.7506645321846008"":""COUNTS_ONLY"",""0.7509416937828064"":""COUNTS_ONLY"",""0.751955509185791"":""COUNTS_ONLY"",""0.753170371055603"":""COUNTS_ONLY"",""0.7540912628173828"":""COUNTS_ONLY"",""0.7543892860412598"":""COUNTS_ONLY"",""0.7548282146453857"":""COUNTS_ONLY"",""0.7550747394561768"":""COUNTS_ONLY"",""0.7565865516662598"":""COUNTS_ONLY"",""0.7573022842407227"":""COUNTS_ONLY"",""0.7576608657836914"":""COUNTS_ONLY"",""0.757733941078186"":""COUNTS_ONLY"",""0.7622860670089722"":""COUNTS_ONLY"",""0.7637343406677246"":""COUNTS_ONLY"",""0.7646111249923706"":""COUNTS_ONLY"",""0.7657709121704102"":""COUNTS_ONLY"",""0.7666568756103516"":""COUNTS_ONLY"",""0.7699811458587646"":""COUNTS_ONLY"",""0.7714243531227112"":""COUNTS_ONLY"",""0.7736688852310181"":""COUNTS_ONLY"",""0.7740665674209595"":""COUNTS_ONLY"",""0.7769132852554321"":""COUNTS_ONLY"",""0.7770764827728271"":""COUNTS_ONLY"",""0.7787271738052368"":""COUNTS_ONLY"",""0.7790768146514893"":""COUNTS_ONLY"",""0.7809230089187622"":""COUNTS_ONLY"",""0.781529426574707"":""COUNTS_ONLY"",""0.7816530466079712"":""COUNTS_ONLY"",""0.7816973924636841"":""COUNTS_ONLY"",""0.7830600142478943"":""COUNTS_ONLY"",""0.784149169921875"":""COUNTS_ONLY"",""0.7862228155136108"":""COUNTS_ONLY"",""0.7863370180130005"":""COUNTS_ONLY"",""0.7876958847045898"":""COUNTS_ONLY"",""0.7882564067840576"":""COUNTS_ONLY"",""0.7894861102104187"":""COUNTS_ONLY"",""0.7917077541351318"":""COUNTS_ONLY"",""0.7974830865859985"":""COUNTS_ONLY"",""0.8041642308235168"":""COUNTS_ONLY"",""0.8051506280899048"":""COUNTS_ONLY"",""0.8051532506942749"":""COUNTS_ONLY"",""0.8101912140846252"":""COUNTS_ONLY"",""0.8111891746520996"":""COUNTS_ONLY"",""0.8127387166023254"":""COUNTS_ONLY"",""0.8140945434570312"":""COUNTS_ONLY"",""0.8176109790802002"":""COUNTS_ONLY"",""0.8196244835853577"":""COUNTS_ONLY"",""0.8255823254585266"":""COUNTS_ONLY"",""0.8298509120941162"":""COUNTS_ONLY"",""0.8300888538360596"":""COUNTS_ONLY"",""0.832441508769989"":""COUNTS_ONLY"",""0.8340001106262207"":""COUNTS_ONLY"",""0.8351221084594727"":""COUNTS_ONLY"",""0.8367646932601929"":""COUNTS_ONLY"",""0.8373196125030518"":""COUNTS_ONLY"",""0.839080274105072"":""COUNTS_ONLY"",""0.8398274183273315"":""COUNTS_ONLY"",""0.8401174545288086"":""COUNTS_ONLY"",""0.8424333333969116"":""COUNTS_ONLY"",""0.8424339294433594"":""COUNTS_ONLY"",""0.8433829545974731"":""COUNTS_ONLY"",""0.8434836864471436"":""COUNTS_ONLY"",""0.8441638350486755"":""COUNTS_ONLY"",""0.8455852270126343"":""COUNTS_ONLY"",""0.8503513336181641"":""COUNTS_ONLY"",""0.8529942035675049"":""COUNTS_ONLY"",""0.8535043597221375"":""COUNTS_ONLY"",""0.8544090986251831"":""COUNTS_ONLY"",""0.8557882308959961"":""COUNTS_ONLY"",""0.8583018779754639"":""COUNTS_ONLY"",""0.861780047416687"":""COUNTS_ONLY"",""0.8657901287078857"":""COUNTS_ONLY"",""0.8666500449180603"":""COUNTS_ONLY"",""0.8674632906913757"":""COUNTS_ONLY"",""0.8686094284057617"":""COUNTS_ONLY"",""0.8704863786697388"":""COUNTS_ONLY"",""0.8744626045227051"":""COUNTS_ONLY"",""0.8752750158309937"":""COUNTS_ONLY"",""0.8753210306167603"":""COUNTS_ONLY"",""0.8758935928344727"":""COUNTS_ONLY"",""0.8762083053588867"":""COUNTS_ONLY"",""0.8787950873374939"":""COUNTS_ONLY"",""0.8809900879859924"":""COUNTS_ONLY"",""0.8814970254898071"":""COUNTS_ONLY"",""0.8834842443466187"":""COUNTS_ONLY"",""0.8838130235671997"":""COUNTS_ONLY"",""0.8848980665206909"":""COUNTS_ONLY"",""0.8854577541351318"":""COUNTS_ONLY"",""0.8877449035644531"":""COUNTS_ONLY"",""0.8878880739212036"":""COUNTS_ONLY"",""0.8884017467498779"":""COUNTS_ONLY"",""0.8890665769577026"":""COUNTS_ONLY"",""0.8891000151634216"":""COUNTS_ONLY"",""0.8893265724182129"":""COUNTS_ONLY"",""0.8908934593200684"":""COUNTS_ONLY"",""0.8910040855407715"":""COUNTS_ONLY"",""0.8920840620994568"":""COUNTS_ONLY"",""0.8924406170845032"":""COUNTS_ONLY"",""0.8927372694015503"":""COUNTS_ONLY"",""0.8933858871459961"":""COUNTS_ONLY"",""0.8961977958679199"":""COUNTS_ONLY"",""0.8976303339004517"":""COUNTS_ONLY"",""0.8991895914077759"":""COUNTS_ONLY"",""0.8994814157485962"":""COUNTS_ONLY"",""0.9012447595596313"":""COUNTS_ONLY"",""0.9015417098999023"":""COUNTS_ONLY"",""0.9018501043319702"":""COUNTS_ONLY"",""0.9025760889053345"":""COUNTS_ONLY"",""0.9047727584838867"":""COUNTS_ONLY"",""0.9097659587860107"":""COUNTS_ONLY"",""0.9100539088249207"":""COUNTS_ONLY"",""0.9108739495277405"":""COUNTS_ONLY"",""0.91185462474823"":""COUNTS_ONLY"",""0.912266194820404"":""COUNTS_ONLY"",""0.915062665939331"":""COUNTS_ONLY"",""0.9175301194190979"":""COUNTS_ONLY"",""0.9183894395828247"":""COUNTS_ONLY"",""0.9209730625152588"":""COUNTS_ONLY"",""0.9214832782745361"":""COUNTS_ONLY"",""0.9245025515556335"":""COUNTS_ONLY"",""0.9274776577949524"":""COUNTS_ONLY"",""0.9279623031616211"":""COUNTS_ONLY"",""0.9282687902450562"":""COUNTS_ONLY"",""0.9286305904388428"":""COUNTS_ONLY"",""0.9302396774291992"":""COUNTS_ONLY"",""0.9351288676261902"":""COUNTS_ONLY"",""0.9353927373886108"":""COUNTS_ONLY"",""0.9361369609832764"":""COUNTS_ONLY"",""0.9364838600158691"":""COUNTS_ONLY"",""0.9364871978759766"":""COUNTS_ONLY"",""0.9366741180419922"":""COUNTS_ONLY"",""0.9412887096405029"":""COUNTS_ONLY"",""0.9412965774536133"":""COUNTS_ONLY"",""0.9419333934783936"":""COUNTS_ONLY"",""0.9424620866775513"":""COUNTS_ONLY"",""0.9424984455108643"":""COUNTS_ONLY"",""0.9428218603134155"":""COUNTS_ONLY"",""0.944398045539856"":""COUNTS_ONLY"",""0.9451597332954407"":""COUNTS_ONLY"",""0.9461301565170288"":""COUNTS_ONLY"",""0.9475024938583374"":""COUNTS_ONLY"",""0.9475923180580139"":""COUNTS_ONLY"",""0.9483120441436768"":""COUNTS_ONLY"",""0.9520550966262817"":""COUNTS_ONLY"",""0.9522168636322021"":""COUNTS_ONLY"",""0.9530258178710938"":""COUNTS_ONLY"",""0.9531863927841187"":""COUNTS_ONLY"",""0.9537690877914429"":""COUNTS_ONLY"",""0.9539282321929932"":""COUNTS_ONLY"",""0.9549718499183655"":""COUNTS_ONLY"",""0.9557733535766602"":""COUNTS_ONLY"",""0.9621955156326294"":""COUNTS_ONLY"",""0.9637253284454346"":""COUNTS_ONLY"",""0.9637542963027954"":""COUNTS_ONLY"",""0.966092586517334"":""COUNTS_ONLY"",""0.9678654670715332"":""COUNTS_ONLY"",""0.968783974647522"":""COUNTS_ONLY"",""0.9733636379241943"":""COUNTS_ONLY"",""0.9738870859146118"":""COUNTS_ONLY"",""0.9757890701293945"":""COUNTS_ONLY"",""0.9812318682670593"":""COUNTS_ONLY"",""0.9822245836257935"":""COUNTS_ONLY"",""0.9837634563446045"":""COUNTS_ONLY"",""0.9844791889190674"":""COUNTS_ONLY"",""0.9877387881278992"":""COUNTS_ONLY"",""0.9926303625106812"":""COUNTS_ONLY"",""0.9940566420555115"":""COUNTS_ONLY"",""0.9940971732139587"":""COUNTS_ONLY"",""0.9944850206375122"":""COUNTS_ONLY"",""0.9968349933624268"":""COUNTS_ONLY""}",NOT_ASSESSABLE_NO_100_EPISODE_GATE,0,0,"[""experiments/act_comparability/AUDIT.md"",""outputs/peg/expert/demos_summary.jsonl""]"
S070,peg,expert,expert,outputs/peg/expert/sweep.jsonl,55d4237365ce300112a2b14043a6611d23300c761b0236b4b3f0133acae2d66e,,"[0.5,0.75,1.0,1.25,1.5,1.75,2.0,2.5,3.0]","{""0.5"":64,""0.75"":64,""1.0"":64,""1.25"":64,""1.5"":64,""1.75"":64,""2.0"":64,""2.5"":64,""3.0"":64}","{""0.5"":49,""0.75"":46,""1.0"":38,""1.25"":34,""1.5"":4,""1.75"":0,""2.0"":0,""2.5"":0,""3.0"":0}",expert_calibration_or_setup,"[""UNKNOWN_LEGACY_UNSTAMPED""]","[""UNKNOWN_NOT_RECORDED""]",N/A_SCRIPTED_EXPERT,N/A_SCRIPTED_EXPERT,N/A_SCRIPTED_EXPERT,N/A_SCRIPTED_EXPERT,CALIBRATION_OR_SETUP,Calibration/setup evidence is not a protected final learner-comparison series.,NONE_DIFFERENT_ESTIMAND_OR_DEVELOPMENT_ONLY,,,,NOT_DOCUMENTED,"{""0.5"":""COUNTS_ONLY"",""0.75"":""COUNTS_ONLY"",""1.0"":""COUNTS_ONLY"",""1.25"":""COUNTS_ONLY"",""1.5"":""COUNTS_ONLY"",""1.75"":""COUNTS_ONLY"",""2.0"":""COUNTS_ONLY"",""2.5"":""COUNTS_ONLY"",""3.0"":""COUNTS_ONLY""}",NOT_ASSESSABLE_NO_100_EPISODE_GATE,38,64,"[""experiments/act_comparability/AUDIT.md"",""outputs/peg/expert/sweep_summary.jsonl""]"
S071,peg,expert,expert,outputs/peg/expert/sweep2.jsonl,04d89136d1322551c7ddfe368380cce71fd45c465c0d6b0b5d6e56dd83067494,,"[0.5,0.75,1.0,1.25,1.5,1.75,2.0,2.5,3.0]","{""0.5"":64,""0.75"":64,""1.0"":64,""1.25"":64,""1.5"":64,""1.75"":64,""2.0"":64,""2.5"":64,""3.0"":64}","{""0.5"":63,""0.75"":62,""1.0"":58,""1.25"":53,""1.5"":47,""1.75"":48,""2.0"":57,""2.5"":58,""3.0"":55}",expert_calibration_or_setup,"[""UNKNOWN_LEGACY_UNSTAMPED""]","[""UNKNOWN_NOT_RECORDED""]",N/A_SCRIPTED_EXPERT,N/A_SCRIPTED_EXPERT,N/A_SCRIPTED_EXPERT,N/A_SCRIPTED_EXPERT,CALIBRATION_OR_SETUP,Calibration/setup evidence is not a protected final learner-comparison series.,NONE_DIFFERENT_ESTIMAND_OR_DEVELOPMENT_ONLY,,,,NOT_DOCUMENTED,"{""0.5"":""COUNTS_ONLY"",""0.75"":""COUNTS_ONLY"",""1.0"":""COUNTS_ONLY"",""1.25"":""COUNTS_ONLY"",""1.5"":""COUNTS_ONLY"",""1.75"":""COUNTS_ONLY"",""2.0"":""COUNTS_ONLY"",""2.5"":""COUNTS_ONLY"",""3.0"":""COUNTS_ONLY""}",NOT_ASSESSABLE_NO_100_EPISODE_GATE,58,64,"[""experiments/act_comparability/AUDIT.md"",""outputs/peg/expert/sweep2_summary.jsonl""]"
S072,peg,expert,expert,outputs/peg/expert/validate2_r1.jsonl,8a002b774f7ad4930a24075d5784180d3f234119fdddb42e9cf11597727f3b03,,[1.0],"{""1.0"":20}","{""1.0"":0}",expert_calibration_or_setup,"[""UNKNOWN_LEGACY_UNSTAMPED""]","[""UNKNOWN_NOT_RECORDED""]",N/A_SCRIPTED_EXPERT,N/A_SCRIPTED_EXPERT,N/A_SCRIPTED_EXPERT,N/A_SCRIPTED_EXPERT,CALIBRATION_OR_SETUP,Calibration/setup evidence is not a protected final learner-comparison series.,NONE_DIFFERENT_ESTIMAND_OR_DEVELOPMENT_ONLY,,,,NOT_DOCUMENTED,"{""1.0"":""COUNTS_ONLY""}",NOT_ASSESSABLE_NO_100_EPISODE_GATE,0,20,"[""experiments/act_comparability/AUDIT.md"",""outputs/peg/expert/validate2_r1_summary.jsonl""]"
S073,peg,expert,expert,outputs/peg/expert/validate3_r1.jsonl,d7c089b771cf2ae6c2ef9fb0d5f49a9f8e484a3a1c0e58c3f7909a18f89010b1,,[1.0],"{""1.0"":20}","{""1.0"":2}",expert_calibration_or_setup,"[""UNKNOWN_LEGACY_UNSTAMPED""]","[""UNKNOWN_NOT_RECORDED""]",N/A_SCRIPTED_EXPERT,N/A_SCRIPTED_EXPERT,N/A_SCRIPTED_EXPERT,N/A_SCRIPTED_EXPERT,CALIBRATION_OR_SETUP,Calibration/setup evidence is not a protected final learner-comparison series.,NONE_DIFFERENT_ESTIMAND_OR_DEVELOPMENT_ONLY,,,,NOT_DOCUMENTED,"{""1.0"":""COUNTS_ONLY""}",NOT_ASSESSABLE_NO_100_EPISODE_GATE,2,20,"[""experiments/act_comparability/AUDIT.md"",""outputs/peg/expert/validate3_r1_summary.jsonl""]"
S074,peg,expert,expert,outputs/peg/expert/validate4_r1.jsonl,e5927f58d59bc8d2bafd0a6971fc755b8363aedf482669e5dc0d17b24116776a,,[1.0],"{""1.0"":20}","{""1.0"":0}",expert_calibration_or_setup,"[""UNKNOWN_LEGACY_UNSTAMPED""]","[""UNKNOWN_NOT_RECORDED""]",N/A_SCRIPTED_EXPERT,N/A_SCRIPTED_EXPERT,N/A_SCRIPTED_EXPERT,N/A_SCRIPTED_EXPERT,CALIBRATION_OR_SETUP,Calibration/setup evidence is not a protected final learner-comparison series.,NONE_DIFFERENT_ESTIMAND_OR_DEVELOPMENT_ONLY,,,,NOT_DOCUMENTED,"{""1.0"":""COUNTS_ONLY""}",NOT_ASSESSABLE_NO_100_EPISODE_GATE,0,20,"[""experiments/act_comparability/AUDIT.md"",""outputs/peg/expert/validate4_r1_summary.jsonl""]"
S075,peg,expert,expert,outputs/peg/expert/validate_5slab.jsonl,6bd5c2ffa3e34247c74a141c3ed740c3bb35004b28c45f014da44ffb3cfa57e9,,[1.0],"{""1.0"":8}","{""1.0"":0}",expert_calibration_or_setup,"[""UNKNOWN_LEGACY_UNSTAMPED""]","[""UNKNOWN_NOT_RECORDED""]",N/A_SCRIPTED_EXPERT,N/A_SCRIPTED_EXPERT,N/A_SCRIPTED_EXPERT,N/A_SCRIPTED_EXPERT,CALIBRATION_OR_SETUP,Calibration/setup evidence is not a protected final learner-comparison series.,NONE_DIFFERENT_ESTIMAND_OR_DEVELOPMENT_ONLY,,,,NOT_DOCUMENTED,"{""1.0"":""COUNTS_ONLY""}",NOT_ASSESSABLE_NO_100_EPISODE_GATE,0,8,"[""experiments/act_comparability/AUDIT.md"",""outputs/peg/expert/validate_5slab_summary.jsonl""]"
S076,peg,expert,expert,outputs/peg/expert/validate_biascomp_r1.jsonl,6769193ca11cf4fea0d8a809b31e68ed02847fe7ae7c20ac7c024d2889924a59,,[1.0],"{""1.0"":20}","{""1.0"":19}",expert_calibration_or_setup,"[""UNKNOWN_LEGACY_UNSTAMPED""]","[""UNKNOWN_NOT_RECORDED""]",N/A_SCRIPTED_EXPERT,N/A_SCRIPTED_EXPERT,N/A_SCRIPTED_EXPERT,N/A_SCRIPTED_EXPERT,CALIBRATION_OR_SETUP,Calibration/setup evidence is not a protected final learner-comparison series.,NONE_DIFFERENT_ESTIMAND_OR_DEVELOPMENT_ONLY,,,,NOT_DOCUMENTED,"{""1.0"":""COUNTS_ONLY""}",NOT_ASSESSABLE_NO_100_EPISODE_GATE,19,20,"[""experiments/act_comparability/AUDIT.md"",""outputs/peg/expert/validate_biascomp_r1_summary.jsonl""]"
S077,peg,expert,expert,outputs/peg/expert/validate_calib_r1.jsonl,15453cdc4091005de4dcaccf56a5e673196ad10e22ca072247e36a2380411235,,[1.0],"{""1.0"":20}","{""1.0"":15}",expert_calibration_or_setup,"[""UNKNOWN_LEGACY_UNSTAMPED""]","[""UNKNOWN_NOT_RECORDED""]",N/A_SCRIPTED_EXPERT,N/A_SCRIPTED_EXPERT,N/A_SCRIPTED_EXPERT,N/A_SCRIPTED_EXPERT,CALIBRATION_OR_SETUP,Calibration/setup evidence is not a protected final learner-comparison series.,NONE_DIFFERENT_ESTIMAND_OR_DEVELOPMENT_ONLY,,,,NOT_DOCUMENTED,"{""1.0"":""COUNTS_ONLY""}",NOT_ASSESSABLE_NO_100_EPISODE_GATE,15,20,"[""experiments/act_comparability/AUDIT.md"",""outputs/peg/expert/validate_calib_r1_summary.jsonl""]"
S078,peg,expert,expert,outputs/peg/expert/validate_calib_trace_r1.jsonl,19ef14faa50ec8db91f55c4e1170fc7631b254022b3ec3f9f37c3e411d2e5541,,[1.0],"{""1.0"":20}","{""1.0"":15}",expert_calibration_or_setup,"[""UNKNOWN_LEGACY_UNSTAMPED""]","[""UNKNOWN_NOT_RECORDED""]",N/A_SCRIPTED_EXPERT,N/A_SCRIPTED_EXPERT,N/A_SCRIPTED_EXPERT,N/A_SCRIPTED_EXPERT,CALIBRATION_OR_SETUP,Calibration/setup evidence is not a protected final learner-comparison series.,NONE_DIFFERENT_ESTIMAND_OR_DEVELOPMENT_ONLY,,,,NOT_DOCUMENTED,"{""1.0"":""COUNTS_ONLY""}",NOT_ASSESSABLE_NO_100_EPISODE_GATE,15,20,"[""experiments/act_comparability/AUDIT.md"",""outputs/peg/expert/validate_calib_trace_r1_summary.jsonl""]"
S079,peg,expert,expert,outputs/peg/expert/validate_deoverlap.jsonl,088a1a57353e56e58e5228d65858da0b92003fe463e82192e88e4a2f599580be,,[1.0],"{""1.0"":8}","{""1.0"":0}",expert_calibration_or_setup,"[""UNKNOWN_LEGACY_UNSTAMPED""]","[""UNKNOWN_NOT_RECORDED""]",N/A_SCRIPTED_EXPERT,N/A_SCRIPTED_EXPERT,N/A_SCRIPTED_EXPERT,N/A_SCRIPTED_EXPERT,CALIBRATION_OR_SETUP,Calibration/setup evidence is not a protected final learner-comparison series.,NONE_DIFFERENT_ESTIMAND_OR_DEVELOPMENT_ONLY,,,,NOT_DOCUMENTED,"{""1.0"":""COUNTS_ONLY""}",NOT_ASSESSABLE_NO_100_EPISODE_GATE,0,8,"[""experiments/act_comparability/AUDIT.md"",""outputs/peg/expert/validate_deoverlap_summary.jsonl""]"
S080,peg,expert,expert,outputs/peg/expert/validate_gridfix_r1.jsonl,cb7f24f7b702fc5e67ce8491b26f7896bc0c79e5bbee8e38f508d58915526500,,[1.0],"{""1.0"":20}","{""1.0"":19}",expert_calibration_or_setup,"[""UNKNOWN_LEGACY_UNSTAMPED""]","[""UNKNOWN_NOT_RECORDED""]",N/A_SCRIPTED_EXPERT,N/A_SCRIPTED_EXPERT,N/A_SCRIPTED_EXPERT,N/A_SCRIPTED_EXPERT,CALIBRATION_OR_SETUP,Calibration/setup evidence is not a protected final learner-comparison series.,NONE_DIFFERENT_ESTIMAND_OR_DEVELOPMENT_ONLY,,,,NOT_DOCUMENTED,"{""1.0"":""COUNTS_ONLY""}",NOT_ASSESSABLE_NO_100_EPISODE_GATE,19,20,"[""experiments/act_comparability/AUDIT.md"",""outputs/peg/expert/validate_gridfix_r1_summary.jsonl""]"
S081,peg,expert,expert,outputs/peg/expert/validate_lift26_r1.jsonl,cf52d94029b1232291c080dad53adc708f638118ad7e1b165e9d1cdaf19d5eec,,[1.0],"{""1.0"":20}","{""1.0"":2}",expert_calibration_or_setup,"[""UNKNOWN_LEGACY_UNSTAMPED""]","[""UNKNOWN_NOT_RECORDED""]",N/A_SCRIPTED_EXPERT,N/A_SCRIPTED_EXPERT,N/A_SCRIPTED_EXPERT,N/A_SCRIPTED_EXPERT,CALIBRATION_OR_SETUP,Calibration/setup evidence is not a protected final learner-comparison series.,NONE_DIFFERENT_ESTIMAND_OR_DEVELOPMENT_ONLY,,,,NOT_DOCUMENTED,"{""1.0"":""COUNTS_ONLY""}",NOT_ASSESSABLE_NO_100_EPISODE_GATE,2,20,"[""experiments/act_comparability/AUDIT.md"",""outputs/peg/expert/validate_lift26_r1_summary.jsonl""]"
S082,peg,expert,expert,outputs/peg/expert/validate_noslabs.jsonl,a1fc453a972e149bd4ef6dc459b3f7c03f18c50d731198c7617fef1903e769fb,,[1.0],"{""1.0"":8}","{""1.0"":0}",expert_calibration_or_setup,"[""UNKNOWN_LEGACY_UNSTAMPED""]","[""UNKNOWN_NOT_RECORDED""]",N/A_SCRIPTED_EXPERT,N/A_SCRIPTED_EXPERT,N/A_SCRIPTED_EXPERT,N/A_SCRIPTED_EXPERT,CALIBRATION_OR_SETUP,Calibration/setup evidence is not a protected final learner-comparison series.,NONE_DIFFERENT_ESTIMAND_OR_DEVELOPMENT_ONLY,,,,NOT_DOCUMENTED,"{""1.0"":""COUNTS_ONLY""}",NOT_ASSESSABLE_NO_100_EPISODE_GATE,0,8,"[""experiments/act_comparability/AUDIT.md"",""outputs/peg/expert/validate_noslabs_summary.jsonl""]"
S083,peg,expert,expert,outputs/peg/expert/validate_od30_r1.jsonl,5d83a7ee74fada812f568b372a52476873cca332af30de6de539942c2bf746f2,,[1.0],"{""1.0"":20}","{""1.0"":18}",expert_calibration_or_setup,"[""UNKNOWN_LEGACY_UNSTAMPED""]","[""UNKNOWN_NOT_RECORDED""]",N/A_SCRIPTED_EXPERT,N/A_SCRIPTED_EXPERT,N/A_SCRIPTED_EXPERT,N/A_SCRIPTED_EXPERT,CALIBRATION_OR_SETUP,Calibration/setup evidence is not a protected final learner-comparison series.,NONE_DIFFERENT_ESTIMAND_OR_DEVELOPMENT_ONLY,,,,NOT_DOCUMENTED,"{""1.0"":""COUNTS_ONLY""}",NOT_ASSESSABLE_NO_100_EPISODE_GATE,18,20,"[""experiments/act_comparability/AUDIT.md"",""outputs/peg/expert/validate_od30_r1_summary.jsonl""]"
S084,peg,expert,expert,outputs/peg/expert/validate_r05.jsonl,d581915de75725557434d823a5f8e7e477fd06c7b68c8a8c483c6833b344b0e2,,[0.5],"{""0.5"":8}","{""0.5"":0}",expert_calibration_or_setup,"[""UNKNOWN_LEGACY_UNSTAMPED""]","[""UNKNOWN_NOT_RECORDED""]",N/A_SCRIPTED_EXPERT,N/A_SCRIPTED_EXPERT,N/A_SCRIPTED_EXPERT,N/A_SCRIPTED_EXPERT,CALIBRATION_OR_SETUP,Calibration/setup evidence is not a protected final learner-comparison series.,NONE_DIFFERENT_ESTIMAND_OR_DEVELOPMENT_ONLY,,,,NOT_DOCUMENTED,"{""0.5"":""COUNTS_ONLY""}",NOT_ASSESSABLE_NO_100_EPISODE_GATE,0,0,"[""experiments/act_comparability/AUDIT.md"",""outputs/peg/expert/validate_r05_summary.jsonl""]"
S085,peg,expert,expert,outputs/peg/expert/validate_r1.jsonl,58d18c7e0d6ff04cd2a91d25bed760d091485bb050d7fd947cf52c353fc8d486,,[1.0],"{""1.0"":20}","{""1.0"":0}",expert_calibration_or_setup,"[""UNKNOWN_LEGACY_UNSTAMPED""]","[""UNKNOWN_NOT_RECORDED""]",N/A_SCRIPTED_EXPERT,N/A_SCRIPTED_EXPERT,N/A_SCRIPTED_EXPERT,N/A_SCRIPTED_EXPERT,CALIBRATION_OR_SETUP,Calibration/setup evidence is not a protected final learner-comparison series.,NONE_DIFFERENT_ESTIMAND_OR_DEVELOPMENT_ONLY,,,,NOT_DOCUMENTED,"{""1.0"":""COUNTS_ONLY""}",NOT_ASSESSABLE_NO_100_EPISODE_GATE,0,20,"[""experiments/act_comparability/AUDIT.md"",""outputs/peg/expert/validate_r1_summary.jsonl""]"
S086,peg,expert,expert,outputs/peg/expert/validate_relocate_r1.jsonl,7a41ea99f8359e2127670804238f3e39502f07b4e1deec6320770f7e16fdd89a,,[1.0],"{""1.0"":20}","{""1.0"":0}",expert_calibration_or_setup,"[""UNKNOWN_LEGACY_UNSTAMPED""]","[""UNKNOWN_NOT_RECORDED""]",N/A_SCRIPTED_EXPERT,N/A_SCRIPTED_EXPERT,N/A_SCRIPTED_EXPERT,N/A_SCRIPTED_EXPERT,CALIBRATION_OR_SETUP,Calibration/setup evidence is not a protected final learner-comparison series.,NONE_DIFFERENT_ESTIMAND_OR_DEVELOPMENT_ONLY,,,,NOT_DOCUMENTED,"{""1.0"":""COUNTS_ONLY""}",NOT_ASSESSABLE_NO_100_EPISODE_GATE,0,20,"[""experiments/act_comparability/AUDIT.md"",""outputs/peg/expert/validate_relocate_r1_summary.jsonl""]"
S087,peg,expert,expert,outputs/peg/expert/validate_sensoroff.jsonl,00b7a5722b3ca3f31067efc079d1dcfbf1df1036f8915c55aed750849e6a3222,,[1.0],"{""1.0"":8}","{""1.0"":0}",expert_calibration_or_setup,"[""UNKNOWN_LEGACY_UNSTAMPED""]","[""UNKNOWN_NOT_RECORDED""]",N/A_SCRIPTED_EXPERT,N/A_SCRIPTED_EXPERT,N/A_SCRIPTED_EXPERT,N/A_SCRIPTED_EXPERT,CALIBRATION_OR_SETUP,Calibration/setup evidence is not a protected final learner-comparison series.,NONE_DIFFERENT_ESTIMAND_OR_DEVELOPMENT_ONLY,,,,NOT_DOCUMENTED,"{""1.0"":""COUNTS_ONLY""}",NOT_ASSESSABLE_NO_100_EPISODE_GATE,0,8,"[""experiments/act_comparability/AUDIT.md"",""outputs/peg/expert/validate_sensoroff_summary.jsonl""]"
S088,peg,expert,expert,outputs/peg/expert/validate_slabtrace.jsonl,92903185a9549e35d19e9792852bec3f7d8ff4f3ec1201971c68ddc2f6968f43,,[1.0],"{""1.0"":2}","{""1.0"":0}",expert_calibration_or_setup,"[""UNKNOWN_LEGACY_UNSTAMPED""]","[""UNKNOWN_NOT_RECORDED""]",N/A_SCRIPTED_EXPERT,N/A_SCRIPTED_EXPERT,N/A_SCRIPTED_EXPERT,N/A_SCRIPTED_EXPERT,CALIBRATION_OR_SETUP,Calibration/setup evidence is not a protected final learner-comparison series.,NONE_DIFFERENT_ESTIMAND_OR_DEVELOPMENT_ONLY,,,,NOT_DOCUMENTED,"{""1.0"":""COUNTS_ONLY""}",NOT_ASSESSABLE_NO_100_EPISODE_GATE,0,2,"[""experiments/act_comparability/AUDIT.md"",""outputs/peg/expert/validate_slabtrace_summary.jsonl""]"
S089,peg,expert,expert,outputs/peg/expert/validate_ti_rise_r1.jsonl,2b78040492cfb2717345341a007acf2ec0b5ebe77809b4d629ca9a1cb9157c02,,[1.0],"{""1.0"":20}","{""1.0"":1}",expert_calibration_or_setup,"[""UNKNOWN_LEGACY_UNSTAMPED""]","[""UNKNOWN_NOT_RECORDED""]",N/A_SCRIPTED_EXPERT,N/A_SCRIPTED_EXPERT,N/A_SCRIPTED_EXPERT,N/A_SCRIPTED_EXPERT,CALIBRATION_OR_SETUP,Calibration/setup evidence is not a protected final learner-comparison series.,NONE_DIFFERENT_ESTIMAND_OR_DEVELOPMENT_ONLY,,,,NOT_DOCUMENTED,"{""1.0"":""COUNTS_ONLY""}",NOT_ASSESSABLE_NO_100_EPISODE_GATE,1,20,"[""experiments/act_comparability/AUDIT.md"",""outputs/peg/expert/validate_ti_rise_r1_summary.jsonl""]"
S090,peg,expert,expert,outputs/peg/expert/validate_trace.jsonl,3a6eda87f7fcf0e4b7e5787e69f23c0e486bc83cfbd402099af5c882b24e256f,,[1.0],"{""1.0"":4}","{""1.0"":0}",expert_calibration_or_setup,"[""UNKNOWN_LEGACY_UNSTAMPED""]","[""UNKNOWN_NOT_RECORDED""]",N/A_SCRIPTED_EXPERT,N/A_SCRIPTED_EXPERT,N/A_SCRIPTED_EXPERT,N/A_SCRIPTED_EXPERT,CALIBRATION_OR_SETUP,Calibration/setup evidence is not a protected final learner-comparison series.,NONE_DIFFERENT_ESTIMAND_OR_DEVELOPMENT_ONLY,,,,NOT_DOCUMENTED,"{""1.0"":""COUNTS_ONLY""}",NOT_ASSESSABLE_NO_100_EPISODE_GATE,0,4,"[""experiments/act_comparability/AUDIT.md"",""outputs/peg/expert/validate_trace_summary.jsonl""]"
S091,peg,expert,expert,outputs/peg/expert/validate_trace_r1.jsonl,9db570412aaf708c73ffa5d41253219d6b3fb104e28fe8dabac73336448471ba,,[1.0],"{""1.0"":4}","{""1.0"":0}",expert_calibration_or_setup,"[""UNKNOWN_LEGACY_UNSTAMPED""]","[""UNKNOWN_NOT_RECORDED""]",N/A_SCRIPTED_EXPERT,N/A_SCRIPTED_EXPERT,N/A_SCRIPTED_EXPERT,N/A_SCRIPTED_EXPERT,CALIBRATION_OR_SETUP,Calibration/setup evidence is not a protected final learner-comparison series.,NONE_DIFFERENT_ESTIMAND_OR_DEVELOPMENT_ONLY,,,,NOT_DOCUMENTED,"{""1.0"":""COUNTS_ONLY""}",NOT_ASSESSABLE_NO_100_EPISODE_GATE,0,4,"[""experiments/act_comparability/AUDIT.md"",""outputs/peg/expert/validate_trace_r1_summary.jsonl""]"
S092,peg,expert,expert,outputs/peg/expert/validate_via_r1.jsonl,a951f3fd54f49d5d8aa24fe19f4cff8da620d44d11e10d291477287fa571f139,,[1.0],"{""1.0"":20}","{""1.0"":0}",expert_calibration_or_setup,"[""UNKNOWN_LEGACY_UNSTAMPED""]","[""UNKNOWN_NOT_RECORDED""]",N/A_SCRIPTED_EXPERT,N/A_SCRIPTED_EXPERT,N/A_SCRIPTED_EXPERT,N/A_SCRIPTED_EXPERT,CALIBRATION_OR_SETUP,Calibration/setup evidence is not a protected final learner-comparison series.,NONE_DIFFERENT_ESTIMAND_OR_DEVELOPMENT_ONLY,,,,NOT_DOCUMENTED,"{""1.0"":""COUNTS_ONLY""}",NOT_ASSESSABLE_NO_100_EPISODE_GATE,0,20,"[""experiments/act_comparability/AUDIT.md"",""outputs/peg/expert/validate_via_r1_summary.jsonl""]"
S093,peg,act:legacy_rate_input_diagnostic,ACT,outputs/act_comparability/peg/rate-input-diagnostic/baseline/act_r1.5_raw-rate.jsonl,48187920633ff6da486c74ea883f9a569bb883291c8474d03216e24c8b991049,,[1.5],"{""1.5"":40}","{""1.5"":0}",rate_feature_intervention,"[""diagnostic""]","[""fc10a5d04847ce258089b731fc52f5e3d5b1aabbebddd86939ded2384f03c3aa""]",outputs/peg/act/act_peg.pt,207132aaed13d16bcdabe674c0df7450214997cc7c0dbcc6d50e7a3a0a1a1747,outputs/peg/demos/expert_episodes.pt,4512ae3a7b0b651faa380351ff727cdabe85ec1b132fdec0ac5f3ec0c0fff17d,DEVELOPMENT_RATE_FEATURE_INTERVENTION,"Diagnostic override or smoke run, not the protected deployed-policy protocol.",NONE_DIFFERENT_ESTIMAND_OR_DEVELOPMENT_ONLY,,,,PASS_SCOPED_ACT_INTERFACE_AND_TRAINING_CORRECTIONS,"{""1.5"":""PASS_SELECTION_AND_PAIRING""}",NOT_ASSESSABLE_NO_100_EPISODE_GATE,0,0,"[""experiments/act_comparability/AUDIT.md"",""outputs/act_comparability/peg/seed-0/selection-20260911.json""]"
S094,peg,act:legacy_rate_input_diagnostic,ACT,outputs/act_comparability/peg/rate-input-diagnostic/override-r1/act_r1.5_fixed-rate-r1.jsonl,f4995d8498ecd36d71932ce2d0ba9484cefd3e9712048920509827362d552542,,[1.5],"{""1.5"":40}","{""1.5"":27}",rate_feature_intervention,"[""diagnostic""]","[""fc10a5d04847ce258089b731fc52f5e3d5b1aabbebddd86939ded2384f03c3aa""]",outputs/peg/act/act_peg.pt,207132aaed13d16bcdabe674c0df7450214997cc7c0dbcc6d50e7a3a0a1a1747,outputs/peg/demos/expert_episodes.pt,4512ae3a7b0b651faa380351ff727cdabe85ec1b132fdec0ac5f3ec0c0fff17d,DEVELOPMENT_RATE_FEATURE_INTERVENTION,"Diagnostic override or smoke run, not the protected deployed-policy protocol.",NONE_DIFFERENT_ESTIMAND_OR_DEVELOPMENT_ONLY,,,,PASS_SCOPED_ACT_INTERFACE_AND_TRAINING_CORRECTIONS,"{""1.5"":""PASS_SELECTION_AND_PAIRING""}",NOT_ASSESSABLE_NO_100_EPISODE_GATE,0,0,"[""experiments/act_comparability/AUDIT.md"",""outputs/act_comparability/peg/seed-0/selection-20260911.json""]"
S095,peg,act:legacy_rate_input_diagnostic,ACT,outputs/act_comparability/peg/rate-input-smoke/baseline/act.jsonl,a8faec3bacb507b615fe3d4525b2443fe97f18ffaa87ff4023369165d5059e32,,[1.5],"{""1.5"":2}","{""1.5"":0}",rate_feature_intervention,"[""diagnostic""]","[""f361cabbfe6ec8707ecddd038bd705c6dbfb7635b057ed8fed0532e7b85c865e""]",outputs/peg/act/act_peg.pt,207132aaed13d16bcdabe674c0df7450214997cc7c0dbcc6d50e7a3a0a1a1747,outputs/peg/demos/expert_episodes.pt,4512ae3a7b0b651faa380351ff727cdabe85ec1b132fdec0ac5f3ec0c0fff17d,DEVELOPMENT_RATE_FEATURE_INTERVENTION,"Diagnostic override or smoke run, not the protected deployed-policy protocol.",NONE_DIFFERENT_ESTIMAND_OR_DEVELOPMENT_ONLY,,,,PASS_SCOPED_ACT_INTERFACE_AND_TRAINING_CORRECTIONS,"{""1.5"":""PASS_SELECTION_AND_PAIRING""}",NOT_ASSESSABLE_NO_100_EPISODE_GATE,0,0,"[""experiments/act_comparability/AUDIT.md"",""outputs/act_comparability/peg/rate-input-smoke/baseline/summary.jsonl"",""outputs/act_comparability/peg/seed-0/selection-20260911.json""]"
S096,peg,act:legacy_rate_input_diagnostic,ACT,outputs/act_comparability/peg/rate-input-smoke/override-r1/act.jsonl,ee9697a237cdbc20b9c02fe2fef9db4511a567b7f3c272b6afd36ccbb8415e7c,,[1.5],"{""1.5"":2}","{""1.5"":2}",rate_feature_intervention,"[""diagnostic""]","[""f361cabbfe6ec8707ecddd038bd705c6dbfb7635b057ed8fed0532e7b85c865e""]",outputs/peg/act/act_peg.pt,207132aaed13d16bcdabe674c0df7450214997cc7c0dbcc6d50e7a3a0a1a1747,outputs/peg/demos/expert_episodes.pt,4512ae3a7b0b651faa380351ff727cdabe85ec1b132fdec0ac5f3ec0c0fff17d,DEVELOPMENT_RATE_FEATURE_INTERVENTION,"Diagnostic override or smoke run, not the protected deployed-policy protocol.",NONE_DIFFERENT_ESTIMAND_OR_DEVELOPMENT_ONLY,,,,PASS_SCOPED_ACT_INTERFACE_AND_TRAINING_CORRECTIONS,"{""1.5"":""PASS_SELECTION_AND_PAIRING""}",NOT_ASSESSABLE_NO_100_EPISODE_GATE,0,0,"[""experiments/act_comparability/AUDIT.md"",""outputs/act_comparability/peg/rate-input-smoke/override-r1/summary.jsonl"",""outputs/act_comparability/peg/seed-0/selection-20260911.json""]"
S097,peg,act:seed0:epoch1400,ACT,outputs/act_comparability/peg/seed-0/development/act_epoch-1400.jsonl,7e56f8047f9b2287adbfba893935234cc1ceacfb44a77789613f239c86def82e,,[1.0],"{""1.0"":100}","{""1.0"":93}",development,"[""development""]","[""592eaf90642778f173a28db8a088869ee068ba9826eb3fdd9cbc6e3da5ee47c6""]",outputs/act_comparability/peg/seed-0/training/checkpoints/epoch-1400.pt,c9c1e8cd08dae4d5501dbbeceae933e69e2037633f31007e4257914d346a911d,outputs/peg/demos/expert_episodes.pt,4512ae3a7b0b651faa380351ff727cdabe85ec1b132fdec0ac5f3ec0c0fff17d,DEVELOPMENT_OR_CHECKPOINT_SELECTION,"Development/qualification evidence, not protected final evidence. Retained for provenance and original gate accounting; excluded from the canonical manuscript endpoint dataset.",NONE_DIFFERENT_ESTIMAND_OR_DEVELOPMENT_ONLY,,,,PASS_SCOPED_ACT_INTERFACE_AND_TRAINING_CORRECTIONS,"{""1.0"":""PASS_SELECTION_AND_PAIRING""}",PASS_OBSERVED_90_OF_100,93,100,"[""experiments/act_comparability/AUDIT.md"",""outputs/act_comparability/peg/seed-0/development/summary_epoch-1400.jsonl"",""outputs/act_comparability/peg/seed-0/selection-20260911.json""]"
S098,peg,act:seed0:epoch1600,ACT,outputs/act_comparability/peg/seed-0/development/act_epoch-1600.jsonl,b38c885fb09f0ce311ed62cce67d7c3df0e23f464721a414ada2e2d828867250,,[1.0],"{""1.0"":100}","{""1.0"":87}",development,"[""development""]","[""592eaf90642778f173a28db8a088869ee068ba9826eb3fdd9cbc6e3da5ee47c6""]",outputs/act_comparability/peg/seed-0/training/checkpoints/epoch-1600.pt,b81534a3ee9cd71ffa8bef8a72f0dd26324746f6fdfd76468a0d253a9836c7e5,outputs/peg/demos/expert_episodes.pt,4512ae3a7b0b651faa380351ff727cdabe85ec1b132fdec0ac5f3ec0c0fff17d,DEVELOPMENT_OR_CHECKPOINT_SELECTION,"Development/qualification evidence, not protected final evidence. Retained for provenance and original gate accounting; excluded from the canonical manuscript endpoint dataset.",NONE_DIFFERENT_ESTIMAND_OR_DEVELOPMENT_ONLY,,,,PASS_SCOPED_ACT_INTERFACE_AND_TRAINING_CORRECTIONS,"{""1.0"":""PASS_SELECTION_AND_PAIRING""}",FAIL_90_OF_100,87,100,"[""experiments/act_comparability/AUDIT.md"",""outputs/act_comparability/peg/seed-0/development/summary_epoch-1600.jsonl"",""outputs/act_comparability/peg/seed-0/selection-20260911.json""]"
S099,peg,act:seed0:epoch1800,ACT,outputs/act_comparability/peg/seed-0/development/act_epoch-1800.jsonl,8522c91254e6e81b57794165494a565713198d655891f22bf684f92701383529,,[1.0],"{""1.0"":100}","{""1.0"":87}",development,"[""development""]","[""592eaf90642778f173a28db8a088869ee068ba9826eb3fdd9cbc6e3da5ee47c6""]",outputs/act_comparability/peg/seed-0/training/checkpoints/epoch-1800.pt,6a9af7cbd207eb34f37e9cdf98b54c4bc866bd220e10235acd3f486a526b24e8,outputs/peg/demos/expert_episodes.pt,4512ae3a7b0b651faa380351ff727cdabe85ec1b132fdec0ac5f3ec0c0fff17d,DEVELOPMENT_OR_CHECKPOINT_SELECTION,"Development/qualification evidence, not protected final evidence. Retained for provenance and original gate accounting; excluded from the canonical manuscript endpoint dataset.",NONE_DIFFERENT_ESTIMAND_OR_DEVELOPMENT_ONLY,,,,PASS_SCOPED_ACT_INTERFACE_AND_TRAINING_CORRECTIONS,"{""1.0"":""PASS_SELECTION_AND_PAIRING""}",FAIL_90_OF_100,87,100,"[""experiments/act_comparability/AUDIT.md"",""outputs/act_comparability/peg/seed-0/development/summary_epoch-1800.jsonl"",""outputs/act_comparability/peg/seed-0/selection-20260911.json""]"
S100,peg,act:seed0:epoch1900,ACT,outputs/act_comparability/peg/seed-0/development/act_epoch-1900.jsonl,2590387682a3c79ce26aded1d96215f35ac1806b0d861f579ba9497a7ecbf482,,[1.0],"{""1.0"":100}","{""1.0"":82}",development,"[""development""]","[""592eaf90642778f173a28db8a088869ee068ba9826eb3fdd9cbc6e3da5ee47c6""]",outputs/act_comparability/peg/seed-0/training/checkpoints/epoch-1900.pt,fd37e6dbcc96bed746fa5e82f12357d92aec3bb9d7c64e8c00639220e7d92fad,outputs/peg/demos/expert_episodes.pt,4512ae3a7b0b651faa380351ff727cdabe85ec1b132fdec0ac5f3ec0c0fff17d,DEVELOPMENT_OR_CHECKPOINT_SELECTION,"Development/qualification evidence, not protected final evidence. Retained for provenance and original gate accounting; excluded from the canonical manuscript endpoint dataset.",NONE_DIFFERENT_ESTIMAND_OR_DEVELOPMENT_ONLY,,,,PASS_SCOPED_ACT_INTERFACE_AND_TRAINING_CORRECTIONS,"{""1.0"":""PASS_SELECTION_AND_PAIRING""}",FAIL_90_OF_100,82,100,"[""experiments/act_comparability/AUDIT.md"",""outputs/act_comparability/peg/seed-0/development/summary_epoch-1900.jsonl"",""outputs/act_comparability/peg/seed-0/selection-20260911.json""]"
S101,peg,act:seed0:epoch2000,ACT,outputs/act_comparability/peg/seed-0/development/act_epoch-2000.jsonl,e5e426a76df345c3f524723a36e0cf81439750b8749d713170dc1b0db33301e1,,[1.0],"{""1.0"":100}","{""1.0"":88}",development,"[""development""]","[""592eaf90642778f173a28db8a088869ee068ba9826eb3fdd9cbc6e3da5ee47c6""]",outputs/act_comparability/peg/seed-0/training/checkpoints/epoch-2000.pt,51984acfac52c955e591b32e097aa0473cf2b4c0e99f3ccde51b1d07f5548c58,outputs/peg/demos/expert_episodes.pt,4512ae3a7b0b651faa380351ff727cdabe85ec1b132fdec0ac5f3ec0c0fff17d,DEVELOPMENT_OR_CHECKPOINT_SELECTION,"Development/qualification evidence, not protected final evidence. Retained for provenance and original gate accounting; excluded from the canonical manuscript endpoint dataset.",NONE_DIFFERENT_ESTIMAND_OR_DEVELOPMENT_ONLY,,,,PASS_SCOPED_ACT_INTERFACE_AND_TRAINING_CORRECTIONS,"{""1.0"":""PASS_SELECTION_AND_PAIRING""}",FAIL_90_OF_100,88,100,"[""experiments/act_comparability/AUDIT.md"",""outputs/act_comparability/peg/seed-0/development/summary_epoch-2000.jsonl"",""outputs/act_comparability/peg/seed-0/selection-20260911.json""]"
S102,peg,expert,expert,outputs/act_comparability/peg/seed-0/development/expert_expert.jsonl,d94e37596a2ebac3d4d040993a9a138e5ebfcc1ab8e537556b12c1da7cf73999,,[1.0],"{""1.0"":100}","{""1.0"":95}",development,"[""development""]","[""592eaf90642778f173a28db8a088869ee068ba9826eb3fdd9cbc6e3da5ee47c6""]",N/A_SCRIPTED_EXPERT,N/A_SCRIPTED_EXPERT,N/A_SCRIPTED_EXPERT,N/A_SCRIPTED_EXPERT,DEVELOPMENT_OR_CHECKPOINT_SELECTION,"Development/qualification evidence, not protected final evidence. Retained for provenance and original gate accounting; excluded from the canonical manuscript endpoint dataset.",NONE_DIFFERENT_ESTIMAND_OR_DEVELOPMENT_ONLY,,,,PARTIAL_EXPERT_INTERFACE,"{""1.0"":""PASS_SELECTION_AND_PAIRING""}",PASS_OBSERVED_90_OF_100,95,100,"[""experiments/act_comparability/AUDIT.md"",""outputs/act_comparability/peg/seed-0/selection-20260911.json""]"
S103,peg,act:seed0:epoch1400,ACT,outputs/act_comparability/peg/seed-0/development-provenance/act_epoch-1400.jsonl,5ed435d9989b74832c0e9cff788d3a3369904a2470cdfb6804530cb915904439,,[1.0],"{""1.0"":100}","{""1.0"":93}",development,"[""development""]","[""592eaf90642778f173a28db8a088869ee068ba9826eb3fdd9cbc6e3da5ee47c6""]",outputs/act_comparability/peg/seed-0/training/checkpoints/epoch-1400.pt,c9c1e8cd08dae4d5501dbbeceae933e69e2037633f31007e4257914d346a911d,outputs/peg/demos/expert_episodes.pt,4512ae3a7b0b651faa380351ff727cdabe85ec1b132fdec0ac5f3ec0c0fff17d,DEVELOPMENT_OR_CHECKPOINT_SELECTION,"Development/qualification evidence, not protected final evidence. Retained for provenance and original gate accounting; excluded from the canonical manuscript endpoint dataset.",NONE_DIFFERENT_ESTIMAND_OR_DEVELOPMENT_ONLY,,,,PASS_SCOPED_ACT_INTERFACE_AND_TRAINING_CORRECTIONS,"{""1.0"":""PASS_SELECTION_AND_PAIRING""}",PASS_OBSERVED_90_OF_100,93,100,"[""experiments/act_comparability/AUDIT.md"",""outputs/act_comparability/peg/seed-0/development-provenance/summary_epoch-1400.jsonl"",""outputs/act_comparability/peg/seed-0/selection-20260911.json""]"
S104,peg,act:seed0:epoch1600,ACT,outputs/act_comparability/peg/seed-0/development-provenance/act_epoch-1600.jsonl,817701d88b91b5fe39e7580e8da1628dd16052a2a709400efc9bdf2fba29fa38,,[1.0],"{""1.0"":100}","{""1.0"":87}",development,"[""development""]","[""592eaf90642778f173a28db8a088869ee068ba9826eb3fdd9cbc6e3da5ee47c6""]",outputs/act_comparability/peg/seed-0/training/checkpoints/epoch-1600.pt,b81534a3ee9cd71ffa8bef8a72f0dd26324746f6fdfd76468a0d253a9836c7e5,outputs/peg/demos/expert_episodes.pt,4512ae3a7b0b651faa380351ff727cdabe85ec1b132fdec0ac5f3ec0c0fff17d,DEVELOPMENT_OR_CHECKPOINT_SELECTION,"Development/qualification evidence, not protected final evidence. Retained for provenance and original gate accounting; excluded from the canonical manuscript endpoint dataset.",NONE_DIFFERENT_ESTIMAND_OR_DEVELOPMENT_ONLY,,,,PASS_SCOPED_ACT_INTERFACE_AND_TRAINING_CORRECTIONS,"{""1.0"":""PASS_SELECTION_AND_PAIRING""}",FAIL_90_OF_100,87,100,"[""experiments/act_comparability/AUDIT.md"",""outputs/act_comparability/peg/seed-0/development-provenance/summary_epoch-1600.jsonl"",""outputs/act_comparability/peg/seed-0/selection-20260911.json""]"
S105,peg,act:seed0:epoch1800,ACT,outputs/act_comparability/peg/seed-0/development-provenance/act_epoch-1800.jsonl,e2897d92ee46135894a32a6297d4af98cd2e3b89fa7da014372c94f1d9a06315,,[1.0],"{""1.0"":100}","{""1.0"":87}",development,"[""development""]","[""592eaf90642778f173a28db8a088869ee068ba9826eb3fdd9cbc6e3da5ee47c6""]",outputs/act_comparability/peg/seed-0/training/checkpoints/epoch-1800.pt,6a9af7cbd207eb34f37e9cdf98b54c4bc866bd220e10235acd3f486a526b24e8,outputs/peg/demos/expert_episodes.pt,4512ae3a7b0b651faa380351ff727cdabe85ec1b132fdec0ac5f3ec0c0fff17d,DEVELOPMENT_OR_CHECKPOINT_SELECTION,"Development/qualification evidence, not protected final evidence. Retained for provenance and original gate accounting; excluded from the canonical manuscript endpoint dataset.",NONE_DIFFERENT_ESTIMAND_OR_DEVELOPMENT_ONLY,,,,PASS_SCOPED_ACT_INTERFACE_AND_TRAINING_CORRECTIONS,"{""1.0"":""PASS_SELECTION_AND_PAIRING""}",FAIL_90_OF_100,87,100,"[""experiments/act_comparability/AUDIT.md"",""outputs/act_comparability/peg/seed-0/development-provenance/summary_epoch-1800.jsonl"",""outputs/act_comparability/peg/seed-0/selection-20260911.json""]"
S106,peg,act:seed0:epoch1900,ACT,outputs/act_comparability/peg/seed-0/development-provenance/act_epoch-1900.jsonl,8fca4037298a32ee2c8b80cb47c530507d0431fa175c70171e32b31d5ad6b695,,[1.0],"{""1.0"":100}","{""1.0"":82}",development,"[""development""]","[""592eaf90642778f173a28db8a088869ee068ba9826eb3fdd9cbc6e3da5ee47c6""]",outputs/act_comparability/peg/seed-0/training/checkpoints/epoch-1900.pt,fd37e6dbcc96bed746fa5e82f12357d92aec3bb9d7c64e8c00639220e7d92fad,outputs/peg/demos/expert_episodes.pt,4512ae3a7b0b651faa380351ff727cdabe85ec1b132fdec0ac5f3ec0c0fff17d,DEVELOPMENT_OR_CHECKPOINT_SELECTION,"Development/qualification evidence, not protected final evidence. Retained for provenance and original gate accounting; excluded from the canonical manuscript endpoint dataset.",NONE_DIFFERENT_ESTIMAND_OR_DEVELOPMENT_ONLY,,,,PASS_SCOPED_ACT_INTERFACE_AND_TRAINING_CORRECTIONS,"{""1.0"":""PASS_SELECTION_AND_PAIRING""}",FAIL_90_OF_100,82,100,"[""experiments/act_comparability/AUDIT.md"",""outputs/act_comparability/peg/seed-0/development-provenance/summary_epoch-1900.jsonl"",""outputs/act_comparability/peg/seed-0/selection-20260911.json""]"
S107,peg,act:seed0:epoch2000,ACT,outputs/act_comparability/peg/seed-0/development-provenance/act_epoch-2000.jsonl,0bc35802b46024ce5f6db5c45fd60155530e16d74144de7c3e77d8430accc43d,,[1.0],"{""1.0"":100}","{""1.0"":88}",development,"[""development""]","[""592eaf90642778f173a28db8a088869ee068ba9826eb3fdd9cbc6e3da5ee47c6""]",outputs/act_comparability/peg/seed-0/training/checkpoints/epoch-2000.pt,51984acfac52c955e591b32e097aa0473cf2b4c0e99f3ccde51b1d07f5548c58,outputs/peg/demos/expert_episodes.pt,4512ae3a7b0b651faa380351ff727cdabe85ec1b132fdec0ac5f3ec0c0fff17d,DEVELOPMENT_OR_CHECKPOINT_SELECTION,"Development/qualification evidence, not protected final evidence. Retained for provenance and original gate accounting; excluded from the canonical manuscript endpoint dataset.",NONE_DIFFERENT_ESTIMAND_OR_DEVELOPMENT_ONLY,,,,PASS_SCOPED_ACT_INTERFACE_AND_TRAINING_CORRECTIONS,"{""1.0"":""PASS_SELECTION_AND_PAIRING""}",FAIL_90_OF_100,88,100,"[""experiments/act_comparability/AUDIT.md"",""outputs/act_comparability/peg/seed-0/development-provenance/summary_epoch-2000.jsonl"",""outputs/act_comparability/peg/seed-0/selection-20260911.json""]"
S108,peg,expert,expert,outputs/act_comparability/peg/seed-0/development-provenance/expert_expert.jsonl,c6913441f18ae127477b155c1e044121aab9e0db73338c6c1e714af76506400b,,[1.0],"{""1.0"":100}","{""1.0"":95}",development,"[""development""]","[""592eaf90642778f173a28db8a088869ee068ba9826eb3fdd9cbc6e3da5ee47c6""]",N/A_SCRIPTED_EXPERT,N/A_SCRIPTED_EXPERT,N/A_SCRIPTED_EXPERT,N/A_SCRIPTED_EXPERT,DEVELOPMENT_OR_CHECKPOINT_SELECTION,"Development/qualification evidence, not protected final evidence. Retained for provenance and original gate accounting; excluded from the canonical manuscript endpoint dataset.",NONE_DIFFERENT_ESTIMAND_OR_DEVELOPMENT_ONLY,,,,PARTIAL_EXPERT_INTERFACE,"{""1.0"":""PASS_SELECTION_AND_PAIRING""}",PASS_OBSERVED_90_OF_100,95,100,"[""experiments/act_comparability/AUDIT.md"",""outputs/act_comparability/peg/seed-0/selection-20260911.json""]"
S109,peg,act:seed0:epoch1400,ACT,outputs/act_comparability/peg/seed-0/final/act_protocol-descriptive-20260911.jsonl,12a79a3cb38e236e14afa691d0bc1664a97f01e2a6ecdafec3845984d983b677,,"[0.5,0.75,1.0,1.25,1.5,1.75,2.0,2.5]","{""0.5"":200,""0.75"":200,""1.0"":200,""1.25"":200,""1.5"":200,""1.75"":200,""2.0"":200,""2.5"":200}","{""0.5"":166,""0.75"":171,""1.0"":191,""1.25"":172,""1.5"":3,""1.75"":0,""2.0"":0,""2.5"":0}",protected_final,"[""final""]","[""5bdd95631544534a6510a49e11da1731724d8e92ee8d8f20bc6f7c53717ce62b""]",outputs/act_comparability/peg/seed-0/training/checkpoints/epoch-1400.pt,c9c1e8cd08dae4d5501dbbeceae933e69e2037633f31007e4257914d346a911d,outputs/peg/demos/expert_episodes.pt,4512ae3a7b0b651faa380351ff727cdabe85ec1b132fdec0ac5f3ec0c0fff17d,OVERLAPPING_PROTECTED_FINAL,Repeated protected evaluation of the same selected ACT checkpoint or scripted expert on the declared final bank. The checksum-frozen three-actor snapshot is canonical for the common comparison. No pooling or choice by outcome.,S153,outputs/iclr_dp_three_task_20260919/raw/final/peg/act_protocol-1.jsonl,,,PASS_SCOPED_ACT_INTERFACE_AND_TRAINING_CORRECTIONS,"{""0.5"":""COUNTS_AND_BANK_METADATA_CHECKED"",""0.75"":""COUNTS_AND_BANK_METADATA_CHECKED"",""1.0"":""COUNTS_AND_BANK_METADATA_CHECKED"",""1.25"":""COUNTS_AND_BANK_METADATA_CHECKED"",""1.5"":""COUNTS_AND_BANK_METADATA_CHECKED"",""1.75"":""COUNTS_AND_BANK_METADATA_CHECKED"",""2.0"":""COUNTS_AND_BANK_METADATA_CHECKED"",""2.5"":""COUNTS_AND_BANK_METADATA_CHECKED""}",PASS_OBSERVED_90_OF_100,93,100,"[""experiments/act_comparability/AUDIT.md"",""outputs/act_comparability/peg/seed-0/final/summary_protocol-descriptive-20260911.jsonl"",""outputs/act_comparability/peg/seed-0/selection-20260911.json""]"
S110,peg,expert,expert,outputs/act_comparability/peg/seed-0/final/expert_protocol-descriptive-20260911.jsonl,7628a412062cf93bc82d880cbba9be31d69a62ac4f188d801888d92fe63afd8c,,"[0.5,0.75,1.0,1.25,1.5,1.75,2.0,2.5]","{""0.5"":200,""0.75"":200,""1.0"":200,""1.25"":200,""1.5"":200,""1.75"":200,""2.0"":200,""2.5"":200}","{""0.5"":195,""0.75"":198,""1.0"":182,""1.25"":176,""1.5"":150,""1.75"":163,""2.0"":172,""2.5"":174}",protected_final,"[""final""]","[""5bdd95631544534a6510a49e11da1731724d8e92ee8d8f20bc6f7c53717ce62b""]",N/A_SCRIPTED_EXPERT,N/A_SCRIPTED_EXPERT,N/A_SCRIPTED_EXPERT,N/A_SCRIPTED_EXPERT,OVERLAPPING_PROTECTED_FINAL,Repeated protected evaluation of the same selected ACT checkpoint or scripted expert on the declared final bank. The checksum-frozen three-actor snapshot is canonical for the common comparison. No pooling or choice by outcome.,S155,outputs/iclr_dp_three_task_20260919/raw/final/peg/expert_protocol-1.jsonl,,,PARTIAL_EXPERT_INTERFACE,"{""0.5"":""COUNTS_AND_BANK_METADATA_CHECKED"",""0.75"":""COUNTS_AND_BANK_METADATA_CHECKED"",""1.0"":""COUNTS_AND_BANK_METADATA_CHECKED"",""1.25"":""COUNTS_AND_BANK_METADATA_CHECKED"",""1.5"":""COUNTS_AND_BANK_METADATA_CHECKED"",""1.75"":""COUNTS_AND_BANK_METADATA_CHECKED"",""2.0"":""COUNTS_AND_BANK_METADATA_CHECKED"",""2.5"":""COUNTS_AND_BANK_METADATA_CHECKED""}",PASS_OBSERVED_90_OF_100,95,100,"[""experiments/act_comparability/AUDIT.md"",""outputs/act_comparability/peg/seed-0/final/summary_protocol-descriptive-20260911.jsonl"",""outputs/act_comparability/peg/seed-0/selection-20260911.json""]"
S111,peg,act:seed1:epoch1500,ACT,outputs/act_comparability/peg/seed-1/development/act_epoch-1500.jsonl,2107d2111f5561665c725c34b02299aa49a9ec852e6504f3fa94bfbfbe344f2f,,[1.0],"{""1.0"":100}","{""1.0"":72}",development,"[""development""]","[""592eaf90642778f173a28db8a088869ee068ba9826eb3fdd9cbc6e3da5ee47c6""]",outputs/act_comparability/peg/seed-1/training/checkpoints/epoch-1500.pt,58117058edc26c5ec1fcdeb01a1b0190038ac87c3497c98312eae62573f9e960,outputs/peg/demos/expert_episodes.pt,4512ae3a7b0b651faa380351ff727cdabe85ec1b132fdec0ac5f3ec0c0fff17d,DEVELOPMENT_OR_CHECKPOINT_SELECTION,"Development/qualification evidence, not protected final evidence. Retained for provenance and original gate accounting; excluded from the canonical manuscript endpoint dataset.",NONE_DIFFERENT_ESTIMAND_OR_DEVELOPMENT_ONLY,,,,PASS_SCOPED_ACT_INTERFACE_AND_TRAINING_CORRECTIONS,"{""1.0"":""PASS_SELECTION_AND_PAIRING""}",FAIL_90_OF_100,72,100,"[""experiments/act_comparability/AUDIT.md"",""outputs/act_comparability/peg/seed-1/development/summary_epoch-1500.jsonl"",""outputs/act_comparability/peg/seed-1/selection-20260911.json""]"
S112,peg,act:seed1:epoch1600,ACT,outputs/act_comparability/peg/seed-1/development/act_epoch-1600.jsonl,20cec165c0819706a37ac3acf9e5ec94a77462b5c3e6563507269f3382af52c7,,[1.0],"{""1.0"":100}","{""1.0"":52}",development,"[""development""]","[""592eaf90642778f173a28db8a088869ee068ba9826eb3fdd9cbc6e3da5ee47c6""]",outputs/act_comparability/peg/seed-1/training/checkpoints/epoch-1600.pt,1d19205fa2f8606a8afdf16d8dbeb32545ddcaf71e93e6940b364aa37ecb4606,outputs/peg/demos/expert_episodes.pt,4512ae3a7b0b651faa380351ff727cdabe85ec1b132fdec0ac5f3ec0c0fff17d,DEVELOPMENT_OR_CHECKPOINT_SELECTION,"Development/qualification evidence, not protected final evidence. Retained for provenance and original gate accounting; excluded from the canonical manuscript endpoint dataset.",NONE_DIFFERENT_ESTIMAND_OR_DEVELOPMENT_ONLY,,,,PASS_SCOPED_ACT_INTERFACE_AND_TRAINING_CORRECTIONS,"{""1.0"":""PASS_SELECTION_AND_PAIRING""}",FAIL_90_OF_100,52,100,"[""experiments/act_comparability/AUDIT.md"",""outputs/act_comparability/peg/seed-1/development/summary_epoch-1600.jsonl"",""outputs/act_comparability/peg/seed-1/selection-20260911.json""]"
S113,peg,act:seed1:epoch1700,ACT,outputs/act_comparability/peg/seed-1/development/act_epoch-1700.jsonl,211d050413f9e7e8db9b96aa0d0cd244babc31674be6db27ec99c1bb7fc49279,,[1.0],"{""1.0"":100}","{""1.0"":57}",development,"[""development""]","[""592eaf90642778f173a28db8a088869ee068ba9826eb3fdd9cbc6e3da5ee47c6""]",outputs/act_comparability/peg/seed-1/training/checkpoints/epoch-1700.pt,91a0e55f519ff7c4298b5ef587cfada25e2624913b832cd5bf13e75d1a332ecc,outputs/peg/demos/expert_episodes.pt,4512ae3a7b0b651faa380351ff727cdabe85ec1b132fdec0ac5f3ec0c0fff17d,DEVELOPMENT_OR_CHECKPOINT_SELECTION,"Development/qualification evidence, not protected final evidence. Retained for provenance and original gate accounting; excluded from the canonical manuscript endpoint dataset.",NONE_DIFFERENT_ESTIMAND_OR_DEVELOPMENT_ONLY,,,,PASS_SCOPED_ACT_INTERFACE_AND_TRAINING_CORRECTIONS,"{""1.0"":""PASS_SELECTION_AND_PAIRING""}",FAIL_90_OF_100,57,100,"[""experiments/act_comparability/AUDIT.md"",""outputs/act_comparability/peg/seed-1/development/summary_epoch-1700.jsonl"",""outputs/act_comparability/peg/seed-1/selection-20260911.json""]"
S114,peg,act:seed1:epoch1900,ACT,outputs/act_comparability/peg/seed-1/development/act_epoch-1900.jsonl,8c6de34b3bd109bc9dec5fb5378cec8587030e4383e01fc4610638ec17280ac1,,[1.0],"{""1.0"":100}","{""1.0"":53}",development,"[""development""]","[""592eaf90642778f173a28db8a088869ee068ba9826eb3fdd9cbc6e3da5ee47c6""]",outputs/act_comparability/peg/seed-1/training/checkpoints/epoch-1900.pt,49d96d03f1af8b32fbfec9786b750463cf85a79326913b6bc3d2baf113aa60ed,outputs/peg/demos/expert_episodes.pt,4512ae3a7b0b651faa380351ff727cdabe85ec1b132fdec0ac5f3ec0c0fff17d,DEVELOPMENT_OR_CHECKPOINT_SELECTION,"Development/qualification evidence, not protected final evidence. Retained for provenance and original gate accounting; excluded from the canonical manuscript endpoint dataset.",NONE_DIFFERENT_ESTIMAND_OR_DEVELOPMENT_ONLY,,,,PASS_SCOPED_ACT_INTERFACE_AND_TRAINING_CORRECTIONS,"{""1.0"":""PASS_SELECTION_AND_PAIRING""}",FAIL_90_OF_100,53,100,"[""experiments/act_comparability/AUDIT.md"",""outputs/act_comparability/peg/seed-1/development/summary_epoch-1900.jsonl"",""outputs/act_comparability/peg/seed-1/selection-20260911.json""]"
S115,peg,act:seed1:epoch2000,ACT,outputs/act_comparability/peg/seed-1/development/act_epoch-2000.jsonl,37786a81d929b8e273f06f3667ab122c8c6fd5921ecd2be66bb0d48e5b5493fb,,[1.0],"{""1.0"":100}","{""1.0"":84}",development,"[""development""]","[""592eaf90642778f173a28db8a088869ee068ba9826eb3fdd9cbc6e3da5ee47c6""]",outputs/act_comparability/peg/seed-1/training/checkpoints/epoch-2000.pt,be70ae8abc8c2d6adf9e23af77bb312cf474456ef65b5b6baad0f7c4aac2e348,outputs/peg/demos/expert_episodes.pt,4512ae3a7b0b651faa380351ff727cdabe85ec1b132fdec0ac5f3ec0c0fff17d,DEVELOPMENT_OR_CHECKPOINT_SELECTION,"Development/qualification evidence, not protected final evidence. Retained for provenance and original gate accounting; excluded from the canonical manuscript endpoint dataset.",NONE_DIFFERENT_ESTIMAND_OR_DEVELOPMENT_ONLY,,,,PASS_SCOPED_ACT_INTERFACE_AND_TRAINING_CORRECTIONS,"{""1.0"":""PASS_SELECTION_AND_PAIRING""}",FAIL_90_OF_100,84,100,"[""experiments/act_comparability/AUDIT.md"",""outputs/act_comparability/peg/seed-1/development/summary_epoch-2000.jsonl"",""outputs/act_comparability/peg/seed-1/selection-20260911.json""]"
S117,peg,expert,expert,outputs/act_comparability/peg/seed-1/final/expert_protocol-descriptive-20260911.jsonl,a89638116cec948ce0a890d1f964e1f881e8d9fba7daf69962d9b36848cd6cfe,,"[0.5,0.75,1.0,1.25,1.5,1.75,2.0,2.5]","{""0.5"":200,""0.75"":200,""1.0"":200,""1.25"":200,""1.5"":200,""1.75"":200,""2.0"":200,""2.5"":200}","{""0.5"":195,""0.75"":198,""1.0"":182,""1.25"":176,""1.5"":150,""1.75"":163,""2.0"":172,""2.5"":174}",protected_final,"[""final""]","[""5bdd95631544534a6510a49e11da1731724d8e92ee8d8f20bc6f7c53717ce62b""]",N/A_SCRIPTED_EXPERT,N/A_SCRIPTED_EXPERT,N/A_SCRIPTED_EXPERT,N/A_SCRIPTED_EXPERT,OVERLAPPING_PROTECTED_FINAL,Repeated protected evaluation of the same selected ACT checkpoint or scripted expert on the declared final bank. The checksum-frozen three-actor snapshot is canonical for the common comparison. No pooling or choice by outcome.,S155,outputs/iclr_dp_three_task_20260919/raw/final/peg/expert_protocol-1.jsonl,outputs/act_comparability/peg/seed-0/final/expert_protocol-descriptive-20260911.jsonl,,PARTIAL_EXPERT_INTERFACE,"{""0.5"":""COUNTS_AND_BANK_METADATA_CHECKED"",""0.75"":""COUNTS_AND_BANK_METADATA_CHECKED"",""1.0"":""COUNTS_AND_BANK_METADATA_CHECKED"",""1.25"":""COUNTS_AND_BANK_METADATA_CHECKED"",""1.5"":""COUNTS_AND_BANK_METADATA_CHECKED"",""1.75"":""COUNTS_AND_BANK_METADATA_CHECKED"",""2.0"":""COUNTS_AND_BANK_METADATA_CHECKED"",""2.5"":""COUNTS_AND_BANK_METADATA_CHECKED""}",PASS_OBSERVED_90_OF_100,95,100,"[""experiments/act_comparability/AUDIT.md"",""outputs/act_comparability/peg/seed-1/final/summary_protocol-descriptive-20260911.jsonl"",""outputs/act_comparability/peg/seed-1/selection-20260911.json""]"
S118,peg,act:seed2:epoch1400,ACT,outputs/act_comparability/peg/seed-2/development/act_epoch-1400.jsonl,5220fd36afacc0a15e222e3311adbb822bb28df644e5845f83604f361f83317c,,[1.0],"{""1.0"":100}","{""1.0"":32}",development,"[""development""]","[""592eaf90642778f173a28db8a088869ee068ba9826eb3fdd9cbc6e3da5ee47c6""]",outputs/act_comparability/peg/seed-2/training/checkpoints/epoch-1400.pt,fb27a36dcd87d751449b34fdc3a7182014f68f41baf08302adbbedd5468ef5b6,outputs/peg/demos/expert_episodes.pt,4512ae3a7b0b651faa380351ff727cdabe85ec1b132fdec0ac5f3ec0c0fff17d,DEVELOPMENT_OR_CHECKPOINT_SELECTION,"Development/qualification evidence, not protected final evidence. Retained for provenance and original gate accounting; excluded from the canonical manuscript endpoint dataset.",NONE_DIFFERENT_ESTIMAND_OR_DEVELOPMENT_ONLY,,,,PASS_SCOPED_ACT_INTERFACE_AND_TRAINING_CORRECTIONS,"{""1.0"":""PASS_SELECTION_AND_PAIRING""}",FAIL_90_OF_100,32,100,"[""experiments/act_comparability/AUDIT.md"",""outputs/act_comparability/peg/seed-2/development/summary_epoch-1400.jsonl"",""outputs/act_comparability/peg/seed-2/selection-20260911.json""]"
S119,peg,act:seed2:epoch1500,ACT,outputs/act_comparability/peg/seed-2/development/act_epoch-1500.jsonl,753d9701ddfe5181999c4a1494cabdcd0a0e6785931b5624a961ac12dc53a6df,,[1.0],"{""1.0"":100}","{""1.0"":81}",development,"[""development""]","[""592eaf90642778f173a28db8a088869ee068ba9826eb3fdd9cbc6e3da5ee47c6""]",outputs/act_comparability/peg/seed-2/training/checkpoints/epoch-1500.pt,89c6cffdf853ecb7d83d322c1aaa89c9900d0a7ba0014ad38d129937d4ec13ea,outputs/peg/demos/expert_episodes.pt,4512ae3a7b0b651faa380351ff727cdabe85ec1b132fdec0ac5f3ec0c0fff17d,DEVELOPMENT_OR_CHECKPOINT_SELECTION,"Development/qualification evidence, not protected final evidence. Retained for provenance and original gate accounting; excluded from the canonical manuscript endpoint dataset.",NONE_DIFFERENT_ESTIMAND_OR_DEVELOPMENT_ONLY,,,,PASS_SCOPED_ACT_INTERFACE_AND_TRAINING_CORRECTIONS,"{""1.0"":""PASS_SELECTION_AND_PAIRING""}",FAIL_90_OF_100,81,100,"[""experiments/act_comparability/AUDIT.md"",""outputs/act_comparability/peg/seed-2/development/summary_epoch-1500.jsonl"",""outputs/act_comparability/peg/seed-2/selection-20260911.json""]"
S120,peg,act:seed2:epoch1600,ACT,outputs/act_comparability/peg/seed-2/development/act_epoch-1600.jsonl,83302bac7b423bb7ffb62030a76724b58244bea6d4de48702b276ccae71863bf,,[1.0],"{""1.0"":100}","{""1.0"":93}",development,"[""development""]","[""592eaf90642778f173a28db8a088869ee068ba9826eb3fdd9cbc6e3da5ee47c6""]",outputs/act_comparability/peg/seed-2/training/checkpoints/epoch-1600.pt,17c85466b3f30e40e2d50c10f42ab13d71abf5931bfc25d5ba9f2eae6a71b598,outputs/peg/demos/expert_episodes.pt,4512ae3a7b0b651faa380351ff727cdabe85ec1b132fdec0ac5f3ec0c0fff17d,DEVELOPMENT_OR_CHECKPOINT_SELECTION,"Development/qualification evidence, not protected final evidence. Retained for provenance and original gate accounting; excluded from the canonical manuscript endpoint dataset.",NONE_DIFFERENT_ESTIMAND_OR_DEVELOPMENT_ONLY,,,,PASS_SCOPED_ACT_INTERFACE_AND_TRAINING_CORRECTIONS,"{""1.0"":""PASS_SELECTION_AND_PAIRING""}",PASS_OBSERVED_90_OF_100,93,100,"[""experiments/act_comparability/AUDIT.md"",""outputs/act_comparability/peg/seed-2/development/summary_epoch-1600.jsonl"",""outputs/act_comparability/peg/seed-2/selection-20260911.json""]"
S121,peg,act:seed2:epoch1900,ACT,outputs/act_comparability/peg/seed-2/development/act_epoch-1900.jsonl,97848880d902ab91645e1c2070178c10fc4c69733407d05cabe0cc45e572a127,,[1.0],"{""1.0"":100}","{""1.0"":79}",development,"[""development""]","[""592eaf90642778f173a28db8a088869ee068ba9826eb3fdd9cbc6e3da5ee47c6""]",outputs/act_comparability/peg/seed-2/training/checkpoints/epoch-1900.pt,466e25540df4832237fa9841f7fe45eddeacaaa4e295481dd5db2a5d174095fe,outputs/peg/demos/expert_episodes.pt,4512ae3a7b0b651faa380351ff727cdabe85ec1b132fdec0ac5f3ec0c0fff17d,DEVELOPMENT_OR_CHECKPOINT_SELECTION,"Development/qualification evidence, not protected final evidence. Retained for provenance and original gate accounting; excluded from the canonical manuscript endpoint dataset.",NONE_DIFFERENT_ESTIMAND_OR_DEVELOPMENT_ONLY,,,,PASS_SCOPED_ACT_INTERFACE_AND_TRAINING_CORRECTIONS,"{""1.0"":""PASS_SELECTION_AND_PAIRING""}",FAIL_90_OF_100,79,100,"[""experiments/act_comparability/AUDIT.md"",""outputs/act_comparability/peg/seed-2/development/summary_epoch-1900.jsonl"",""outputs/act_comparability/peg/seed-2/selection-20260911.json""]"
S122,peg,act:seed2:epoch2000,ACT,outputs/act_comparability/peg/seed-2/development/act_epoch-2000.jsonl,0a8f25a0d2d730a522eff87fa91c757958e17a416d96176a41cff8b957545f62,,[1.0],"{""1.0"":100}","{""1.0"":75}",development,"[""development""]","[""592eaf90642778f173a28db8a088869ee068ba9826eb3fdd9cbc6e3da5ee47c6""]",outputs/act_comparability/peg/seed-2/training/checkpoints/epoch-2000.pt,47823c0d907d95862bd609269b27c48e50395461301e2c0ab6f23c41fd39497d,outputs/peg/demos/expert_episodes.pt,4512ae3a7b0b651faa380351ff727cdabe85ec1b132fdec0ac5f3ec0c0fff17d,DEVELOPMENT_OR_CHECKPOINT_SELECTION,"Development/qualification evidence, not protected final evidence. Retained for provenance and original gate accounting; excluded from the canonical manuscript endpoint dataset.",NONE_DIFFERENT_ESTIMAND_OR_DEVELOPMENT_ONLY,,,,PASS_SCOPED_ACT_INTERFACE_AND_TRAINING_CORRECTIONS,"{""1.0"":""PASS_SELECTION_AND_PAIRING""}",FAIL_90_OF_100,75,100,"[""experiments/act_comparability/AUDIT.md"",""outputs/act_comparability/peg/seed-2/development/summary_epoch-2000.jsonl"",""outputs/act_comparability/peg/seed-2/selection-20260911.json""]"
S124,peg,expert,expert,outputs/act_comparability/peg/seed-2/final/expert_protocol-descriptive-20260911.jsonl,6cf60e63b69179d71e71ef1a4a3b3717c505cfa9f9d17e00af1710055ce23c5b,,"[0.5,0.75,1.0,1.25,1.5,1.75,2.0,2.5]","{""0.5"":200,""0.75"":200,""1.0"":200,""1.25"":200,""1.5"":200,""1.75"":200,""2.0"":200,""2.5"":200}","{""0.5"":195,""0.75"":198,""1.0"":182,""1.25"":176,""1.5"":150,""1.75"":163,""2.0"":172,""2.5"":174}",protected_final,"[""final""]","[""5bdd95631544534a6510a49e11da1731724d8e92ee8d8f20bc6f7c53717ce62b""]",N/A_SCRIPTED_EXPERT,N/A_SCRIPTED_EXPERT,N/A_SCRIPTED_EXPERT,N/A_SCRIPTED_EXPERT,OVERLAPPING_PROTECTED_FINAL,Repeated protected evaluation of the same selected ACT checkpoint or scripted expert on the declared final bank. The checksum-frozen three-actor snapshot is canonical for the common comparison. No pooling or choice by outcome.,S155,outputs/iclr_dp_three_task_20260919/raw/final/peg/expert_protocol-1.jsonl,outputs/act_comparability/peg/seed-0/final/expert_protocol-descriptive-20260911.jsonl,,PARTIAL_EXPERT_INTERFACE,"{""0.5"":""COUNTS_AND_BANK_METADATA_CHECKED"",""0.75"":""COUNTS_AND_BANK_METADATA_CHECKED"",""1.0"":""COUNTS_AND_BANK_METADATA_CHECKED"",""1.25"":""COUNTS_AND_BANK_METADATA_CHECKED"",""1.5"":""COUNTS_AND_BANK_METADATA_CHECKED"",""1.75"":""COUNTS_AND_BANK_METADATA_CHECKED"",""2.0"":""COUNTS_AND_BANK_METADATA_CHECKED"",""2.5"":""COUNTS_AND_BANK_METADATA_CHECKED""}",PASS_OBSERVED_90_OF_100,95,100,"[""experiments/act_comparability/AUDIT.md"",""outputs/act_comparability/peg/seed-2/final/summary_protocol-descriptive-20260911.jsonl"",""outputs/act_comparability/peg/seed-2/selection-20260911.json""]"
S125,upright,act:seed0:epoch1200,ACT,outputs/act_comparability/upright/seed-0/development/act_epoch-1200.jsonl,51a0a7c0d454393ce19deaf3318b5db7f52f3b928b75d9969c5de98d083c7bb9,,[1.0],"{""1.0"":100}","{""1.0"":85}",development,"[""development""]","[""592eaf90642778f173a28db8a088869ee068ba9826eb3fdd9cbc6e3da5ee47c6""]",outputs/act_comparability/upright/seed-0/training/checkpoints/epoch-1200.pt,105270298a7386fb88617fc5c54f0df611707fe8ccb7babaae55366a4679e1f2,outputs/upright/demos/expert_episodes.pt,2959a476b294bbd63fe76a4a7ab4e64e1a87dfadd7e146b132559b953acfbb07,DEVELOPMENT_OR_CHECKPOINT_SELECTION,"Development/qualification evidence, not protected final evidence. Retained for provenance and original gate accounting; excluded from the canonical manuscript endpoint dataset.",NONE_DIFFERENT_ESTIMAND_OR_DEVELOPMENT_ONLY,,,,PASS_SCOPED_ACT_INTERFACE_AND_TRAINING_CORRECTIONS,"{""1.0"":""PASS_SELECTION_AND_PAIRING""}",FAIL_90_OF_100,85,100,"[""experiments/act_comparability/AUDIT.md"",""outputs/act_comparability/upright/seed-0/development/summary_epoch-1200.jsonl"",""outputs/act_comparability/upright/seed-0/selection-20260911.json""]"
S126,upright,act:seed0:epoch1300,ACT,outputs/act_comparability/upright/seed-0/development/act_epoch-1300.jsonl,0f2a111b1eab43cd8c85c9cc86d36c90e4883147dc211193670ab06702f847a5,,[1.0],"{""1.0"":100}","{""1.0"":92}",development,"[""development""]","[""592eaf90642778f173a28db8a088869ee068ba9826eb3fdd9cbc6e3da5ee47c6""]",outputs/act_comparability/upright/seed-0/training/checkpoints/epoch-1300.pt,36e73decbb6c40862470f1a6efc4ebc9ff254026a7ad83a9a99748d375380cf4,outputs/upright/demos/expert_episodes.pt,2959a476b294bbd63fe76a4a7ab4e64e1a87dfadd7e146b132559b953acfbb07,DEVELOPMENT_OR_CHECKPOINT_SELECTION,"Development/qualification evidence, not protected final evidence. Retained for provenance and original gate accounting; excluded from the canonical manuscript endpoint dataset.",NONE_DIFFERENT_ESTIMAND_OR_DEVELOPMENT_ONLY,,,,PASS_SCOPED_ACT_INTERFACE_AND_TRAINING_CORRECTIONS,"{""1.0"":""PASS_SELECTION_AND_PAIRING""}",PASS_OBSERVED_90_OF_100,92,100,"[""experiments/act_comparability/AUDIT.md"",""outputs/act_comparability/upright/seed-0/development/summary_epoch-1300.jsonl"",""outputs/act_comparability/upright/seed-0/selection-20260911.json""]"
S127,upright,act:seed0:epoch1700,ACT,outputs/act_comparability/upright/seed-0/development/act_epoch-1700.jsonl,ca90eceb68c755cc511d33b2f8ccff1a82d1d9d3152ff53e8af5641891be16ec,,[1.0],"{""1.0"":100}","{""1.0"":83}",development,"[""development""]","[""592eaf90642778f173a28db8a088869ee068ba9826eb3fdd9cbc6e3da5ee47c6""]",outputs/act_comparability/upright/seed-0/training/checkpoints/epoch-1700.pt,4dcbcdf9ccc72814248475009a2a4d076f08ab757228e7656ede51ad20325f11,outputs/upright/demos/expert_episodes.pt,2959a476b294bbd63fe76a4a7ab4e64e1a87dfadd7e146b132559b953acfbb07,DEVELOPMENT_OR_CHECKPOINT_SELECTION,"Development/qualification evidence, not protected final evidence. Retained for provenance and original gate accounting; excluded from the canonical manuscript endpoint dataset.",NONE_DIFFERENT_ESTIMAND_OR_DEVELOPMENT_ONLY,,,,PASS_SCOPED_ACT_INTERFACE_AND_TRAINING_CORRECTIONS,"{""1.0"":""PASS_SELECTION_AND_PAIRING""}",FAIL_90_OF_100,83,100,"[""experiments/act_comparability/AUDIT.md"",""outputs/act_comparability/upright/seed-0/development/summary_epoch-1700.jsonl"",""outputs/act_comparability/upright/seed-0/selection-20260911.json""]"
S128,upright,act:seed0:epoch1900,ACT,outputs/act_comparability/upright/seed-0/development/act_epoch-1900.jsonl,6ab0a752d7401f7b6939f6ece7d668df3b4168ba2a2f2099afd496fbef18e323,,[1.0],"{""1.0"":100}","{""1.0"":58}",development,"[""development""]","[""592eaf90642778f173a28db8a088869ee068ba9826eb3fdd9cbc6e3da5ee47c6""]",outputs/act_comparability/upright/seed-0/training/checkpoints/epoch-1900.pt,713c221c604885fb2068896bf846a39671b83651d0e6c45453048c038dd1d4c6,outputs/upright/demos/expert_episodes.pt,2959a476b294bbd63fe76a4a7ab4e64e1a87dfadd7e146b132559b953acfbb07,DEVELOPMENT_OR_CHECKPOINT_SELECTION,"Development/qualification evidence, not protected final evidence. Retained for provenance and original gate accounting; excluded from the canonical manuscript endpoint dataset.",NONE_DIFFERENT_ESTIMAND_OR_DEVELOPMENT_ONLY,,,,PASS_SCOPED_ACT_INTERFACE_AND_TRAINING_CORRECTIONS,"{""1.0"":""PASS_SELECTION_AND_PAIRING""}",FAIL_90_OF_100,58,100,"[""experiments/act_comparability/AUDIT.md"",""outputs/act_comparability/upright/seed-0/development/summary_epoch-1900.jsonl"",""outputs/act_comparability/upright/seed-0/selection-20260911.json""]"
S129,upright,act:seed0:epoch2000,ACT,outputs/act_comparability/upright/seed-0/development/act_epoch-2000.jsonl,2cdcfad1ce7f6ab6e5a104aadca98e23c0d976b35c7690f931736b136b991310,,[1.0],"{""1.0"":100}","{""1.0"":98}",development,"[""development""]","[""592eaf90642778f173a28db8a088869ee068ba9826eb3fdd9cbc6e3da5ee47c6""]",outputs/act_comparability/upright/seed-0/training/checkpoints/epoch-2000.pt,94888be60215900c6aff75d73ae8d4fd15535691ff16a7fcb545d34556e22fa7,outputs/upright/demos/expert_episodes.pt,2959a476b294bbd63fe76a4a7ab4e64e1a87dfadd7e146b132559b953acfbb07,DEVELOPMENT_OR_CHECKPOINT_SELECTION,"Development/qualification evidence, not protected final evidence. Retained for provenance and original gate accounting; excluded from the canonical manuscript endpoint dataset.",NONE_DIFFERENT_ESTIMAND_OR_DEVELOPMENT_ONLY,,,,PASS_SCOPED_ACT_INTERFACE_AND_TRAINING_CORRECTIONS,"{""1.0"":""PASS_SELECTION_AND_PAIRING""}",PASS_OBSERVED_90_OF_100,98,100,"[""experiments/act_comparability/AUDIT.md"",""outputs/act_comparability/upright/seed-0/development/summary_epoch-2000.jsonl"",""outputs/act_comparability/upright/seed-0/selection-20260911.json""]"
S130,upright,expert,expert,outputs/act_comparability/upright/seed-0/development/expert_expert.jsonl,8a43eadc0e92e97c5c7bd4c3236251a9042aace5ea584d78fc7f34d9a5a2b826,,[1.0],"{""1.0"":100}","{""1.0"":97}",development,"[""development""]","[""592eaf90642778f173a28db8a088869ee068ba9826eb3fdd9cbc6e3da5ee47c6""]",N/A_SCRIPTED_EXPERT,N/A_SCRIPTED_EXPERT,N/A_SCRIPTED_EXPERT,N/A_SCRIPTED_EXPERT,DEVELOPMENT_OR_CHECKPOINT_SELECTION,"Development/qualification evidence, not protected final evidence. Retained for provenance and original gate accounting; excluded from the canonical manuscript endpoint dataset.",NONE_DIFFERENT_ESTIMAND_OR_DEVELOPMENT_ONLY,,,,PARTIAL_EXPERT_INTERFACE,"{""1.0"":""PASS_SELECTION_AND_PAIRING""}",PASS_OBSERVED_90_OF_100,97,100,"[""experiments/act_comparability/AUDIT.md"",""outputs/act_comparability/upright/seed-0/selection-20260911.json""]"
S131,upright,act:seed0:epoch1200,ACT,outputs/act_comparability/upright/seed-0/development-provenance/act_epoch-1200.jsonl,45c8ce6ddb3611a055837e3954d8e71d46da73ba12f0d5f5f45033057009d234,,[1.0],"{""1.0"":100}","{""1.0"":85}",development,"[""development""]","[""592eaf90642778f173a28db8a088869ee068ba9826eb3fdd9cbc6e3da5ee47c6""]",outputs/act_comparability/upright/seed-0/training/checkpoints/epoch-1200.pt,105270298a7386fb88617fc5c54f0df611707fe8ccb7babaae55366a4679e1f2,outputs/upright/demos/expert_episodes.pt,2959a476b294bbd63fe76a4a7ab4e64e1a87dfadd7e146b132559b953acfbb07,DEVELOPMENT_OR_CHECKPOINT_SELECTION,"Development/qualification evidence, not protected final evidence. Retained for provenance and original gate accounting; excluded from the canonical manuscript endpoint dataset.",NONE_DIFFERENT_ESTIMAND_OR_DEVELOPMENT_ONLY,,,,PASS_SCOPED_ACT_INTERFACE_AND_TRAINING_CORRECTIONS,"{""1.0"":""PASS_SELECTION_AND_PAIRING""}",FAIL_90_OF_100,85,100,"[""experiments/act_comparability/AUDIT.md"",""outputs/act_comparability/upright/seed-0/development-provenance/summary_epoch-1200.jsonl"",""outputs/act_comparability/upright/seed-0/selection-20260911.json""]"
S132,upright,act:seed0:epoch1300,ACT,outputs/act_comparability/upright/seed-0/development-provenance/act_epoch-1300.jsonl,d6b1cd6ab98f3334e5a6c3660cc17801efe4484dc64a521ada619dab07ba3f3e,,[1.0],"{""1.0"":100}","{""1.0"":92}",development,"[""development""]","[""592eaf90642778f173a28db8a088869ee068ba9826eb3fdd9cbc6e3da5ee47c6""]",outputs/act_comparability/upright/seed-0/training/checkpoints/epoch-1300.pt,36e73decbb6c40862470f1a6efc4ebc9ff254026a7ad83a9a99748d375380cf4,outputs/upright/demos/expert_episodes.pt,2959a476b294bbd63fe76a4a7ab4e64e1a87dfadd7e146b132559b953acfbb07,DEVELOPMENT_OR_CHECKPOINT_SELECTION,"Development/qualification evidence, not protected final evidence. Retained for provenance and original gate accounting; excluded from the canonical manuscript endpoint dataset.",NONE_DIFFERENT_ESTIMAND_OR_DEVELOPMENT_ONLY,,,,PASS_SCOPED_ACT_INTERFACE_AND_TRAINING_CORRECTIONS,"{""1.0"":""PASS_SELECTION_AND_PAIRING""}",PASS_OBSERVED_90_OF_100,92,100,"[""experiments/act_comparability/AUDIT.md"",""outputs/act_comparability/upright/seed-0/development-provenance/summary_epoch-1300.jsonl"",""outputs/act_comparability/upright/seed-0/selection-20260911.json""]"
S133,upright,act:seed0:epoch1700,ACT,outputs/act_comparability/upright/seed-0/development-provenance/act_epoch-1700.jsonl,0208633b5b79fc6953db380b40ae935b8629a3e522e77b624b71d26b6d078902,,[1.0],"{""1.0"":100}","{""1.0"":83}",development,"[""development""]","[""592eaf90642778f173a28db8a088869ee068ba9826eb3fdd9cbc6e3da5ee47c6""]",outputs/act_comparability/upright/seed-0/training/checkpoints/epoch-1700.pt,4dcbcdf9ccc72814248475009a2a4d076f08ab757228e7656ede51ad20325f11,outputs/upright/demos/expert_episodes.pt,2959a476b294bbd63fe76a4a7ab4e64e1a87dfadd7e146b132559b953acfbb07,DEVELOPMENT_OR_CHECKPOINT_SELECTION,"Development/qualification evidence, not protected final evidence. Retained for provenance and original gate accounting; excluded from the canonical manuscript endpoint dataset.",NONE_DIFFERENT_ESTIMAND_OR_DEVELOPMENT_ONLY,,,,PASS_SCOPED_ACT_INTERFACE_AND_TRAINING_CORRECTIONS,"{""1.0"":""PASS_SELECTION_AND_PAIRING""}",FAIL_90_OF_100,83,100,"[""experiments/act_comparability/AUDIT.md"",""outputs/act_comparability/upright/seed-0/development-provenance/summary_epoch-1700.jsonl"",""outputs/act_comparability/upright/seed-0/selection-20260911.json""]"
S134,upright,act:seed0:epoch1900,ACT,outputs/act_comparability/upright/seed-0/development-provenance/act_epoch-1900.jsonl,0f052745753ce7c37c95bb1c4703c086ee475896fee1f8c55d90bce774abab5c,,[1.0],"{""1.0"":100}","{""1.0"":58}",development,"[""development""]","[""592eaf90642778f173a28db8a088869ee068ba9826eb3fdd9cbc6e3da5ee47c6""]",outputs/act_comparability/upright/seed-0/training/checkpoints/epoch-1900.pt,713c221c604885fb2068896bf846a39671b83651d0e6c45453048c038dd1d4c6,outputs/upright/demos/expert_episodes.pt,2959a476b294bbd63fe76a4a7ab4e64e1a87dfadd7e146b132559b953acfbb07,DEVELOPMENT_OR_CHECKPOINT_SELECTION,"Development/qualification evidence, not protected final evidence. Retained for provenance and original gate accounting; excluded from the canonical manuscript endpoint dataset.",NONE_DIFFERENT_ESTIMAND_OR_DEVELOPMENT_ONLY,,,,PASS_SCOPED_ACT_INTERFACE_AND_TRAINING_CORRECTIONS,"{""1.0"":""PASS_SELECTION_AND_PAIRING""}",FAIL_90_OF_100,58,100,"[""experiments/act_comparability/AUDIT.md"",""outputs/act_comparability/upright/seed-0/development-provenance/summary_epoch-1900.jsonl"",""outputs/act_comparability/upright/seed-0/selection-20260911.json""]"
S135,upright,act:seed0:epoch2000,ACT,outputs/act_comparability/upright/seed-0/development-provenance/act_epoch-2000.jsonl,a25ee9284b875557c0e6238b3278d07550f70f283dace3daab9f409cf5c2a224,,[1.0],"{""1.0"":100}","{""1.0"":98}",development,"[""development""]","[""592eaf90642778f173a28db8a088869ee068ba9826eb3fdd9cbc6e3da5ee47c6""]",outputs/act_comparability/upright/seed-0/training/checkpoints/epoch-2000.pt,94888be60215900c6aff75d73ae8d4fd15535691ff16a7fcb545d34556e22fa7,outputs/upright/demos/expert_episodes.pt,2959a476b294bbd63fe76a4a7ab4e64e1a87dfadd7e146b132559b953acfbb07,DEVELOPMENT_OR_CHECKPOINT_SELECTION,"Development/qualification evidence, not protected final evidence. Retained for provenance and original gate accounting; excluded from the canonical manuscript endpoint dataset.",NONE_DIFFERENT_ESTIMAND_OR_DEVELOPMENT_ONLY,,,,PASS_SCOPED_ACT_INTERFACE_AND_TRAINING_CORRECTIONS,"{""1.0"":""PASS_SELECTION_AND_PAIRING""}",PASS_OBSERVED_90_OF_100,98,100,"[""experiments/act_comparability/AUDIT.md"",""outputs/act_comparability/upright/seed-0/development-provenance/summary_epoch-2000.jsonl"",""outputs/act_comparability/upright/seed-0/selection-20260911.json""]"
S136,upright,expert,expert,outputs/act_comparability/upright/seed-0/development-provenance/expert_expert.jsonl,9d5e508a05d6278c55ca75fa60bca870f136c4d55ce523f2edccc402384fe53f,,[1.0],"{""1.0"":100}","{""1.0"":97}",development,"[""development""]","[""592eaf90642778f173a28db8a088869ee068ba9826eb3fdd9cbc6e3da5ee47c6""]",N/A_SCRIPTED_EXPERT,N/A_SCRIPTED_EXPERT,N/A_SCRIPTED_EXPERT,N/A_SCRIPTED_EXPERT,DEVELOPMENT_OR_CHECKPOINT_SELECTION,"Development/qualification evidence, not protected final evidence. Retained for provenance and original gate accounting; excluded from the canonical manuscript endpoint dataset.",NONE_DIFFERENT_ESTIMAND_OR_DEVELOPMENT_ONLY,,,,PARTIAL_EXPERT_INTERFACE,"{""1.0"":""PASS_SELECTION_AND_PAIRING""}",PASS_OBSERVED_90_OF_100,97,100,"[""experiments/act_comparability/AUDIT.md"",""outputs/act_comparability/upright/seed-0/selection-20260911.json""]"
S137,upright,act:seed0:epoch2000,ACT,outputs/act_comparability/upright/seed-0/final/act_protocol-descriptive-20260911.jsonl,ee99d53b4a6c8cf31000d4f7b0c83f4f357590f17149c582eee5576e36c47343,,"[0.5,0.75,1.0,1.25,1.5,1.75,2.0,2.5]","{""0.5"":200,""0.75"":200,""1.0"":200,""1.25"":200,""1.5"":200,""1.75"":200,""2.0"":200,""2.5"":200}","{""0.5"":155,""0.75"":182,""1.0"":194,""1.25"":199,""1.5"":198,""1.75"":194,""2.0"":24,""2.5"":0}",protected_final,"[""final""]","[""5bdd95631544534a6510a49e11da1731724d8e92ee8d8f20bc6f7c53717ce62b""]",outputs/act_comparability/upright/seed-0/training/checkpoints/epoch-2000.pt,94888be60215900c6aff75d73ae8d4fd15535691ff16a7fcb545d34556e22fa7,outputs/upright/demos/expert_episodes.pt,2959a476b294bbd63fe76a4a7ab4e64e1a87dfadd7e146b132559b953acfbb07,OVERLAPPING_PROTECTED_FINAL,Repeated protected evaluation of the same selected ACT checkpoint or scripted expert on the declared final bank. The checksum-frozen three-actor snapshot is canonical for the common comparison. No pooling or choice by outcome.,S156,outputs/iclr_dp_three_task_20260919/raw/final/upright/act_protocol-1.jsonl,,,PASS_SCOPED_ACT_INTERFACE_AND_TRAINING_CORRECTIONS,"{""0.5"":""COUNTS_AND_BANK_METADATA_CHECKED"",""0.75"":""COUNTS_AND_BANK_METADATA_CHECKED"",""1.0"":""COUNTS_AND_BANK_METADATA_CHECKED"",""1.25"":""COUNTS_AND_BANK_METADATA_CHECKED"",""1.5"":""COUNTS_AND_BANK_METADATA_CHECKED"",""1.75"":""COUNTS_AND_BANK_METADATA_CHECKED"",""2.0"":""COUNTS_AND_BANK_METADATA_CHECKED"",""2.5"":""COUNTS_AND_BANK_METADATA_CHECKED""}",PASS_OBSERVED_90_OF_100,98,100,"[""experiments/act_comparability/AUDIT.md"",""outputs/act_comparability/upright/seed-0/final/summary_protocol-descriptive-20260911.jsonl"",""outputs/act_comparability/upright/seed-0/selection-20260911.json""]"
S138,upright,expert,expert,outputs/act_comparability/upright/seed-0/final/expert_protocol-descriptive-20260911.jsonl,e86089e22740ccfcba9fa5b5fc3014e969a4bb52493733b4a2c99150d6723747,,"[0.5,0.75,1.0,1.25,1.5,1.75,2.0,2.5]","{""0.5"":200,""0.75"":200,""1.0"":200,""1.25"":200,""1.5"":200,""1.75"":200,""2.0"":200,""2.5"":200}","{""0.5"":176,""0.75"":191,""1.0"":185,""1.25"":194,""1.5"":193,""1.75"":184,""2.0"":105,""2.5"":2}",protected_final,"[""final""]","[""5bdd95631544534a6510a49e11da1731724d8e92ee8d8f20bc6f7c53717ce62b""]",N/A_SCRIPTED_EXPERT,N/A_SCRIPTED_EXPERT,N/A_SCRIPTED_EXPERT,N/A_SCRIPTED_EXPERT,OVERLAPPING_PROTECTED_FINAL,Repeated protected evaluation of the same selected ACT checkpoint or scripted expert on the declared final bank. The checksum-frozen three-actor snapshot is canonical for the common comparison. No pooling or choice by outcome.,S158,outputs/iclr_dp_three_task_20260919/raw/final/upright/expert_protocol-1.jsonl,,,PARTIAL_EXPERT_INTERFACE,"{""0.5"":""COUNTS_AND_BANK_METADATA_CHECKED"",""0.75"":""COUNTS_AND_BANK_METADATA_CHECKED"",""1.0"":""COUNTS_AND_BANK_METADATA_CHECKED"",""1.25"":""COUNTS_AND_BANK_METADATA_CHECKED"",""1.5"":""COUNTS_AND_BANK_METADATA_CHECKED"",""1.75"":""COUNTS_AND_BANK_METADATA_CHECKED"",""2.0"":""COUNTS_AND_BANK_METADATA_CHECKED"",""2.5"":""COUNTS_AND_BANK_METADATA_CHECKED""}",PASS_OBSERVED_90_OF_100,97,100,"[""experiments/act_comparability/AUDIT.md"",""outputs/act_comparability/upright/seed-0/final/summary_protocol-descriptive-20260911.jsonl"",""outputs/act_comparability/upright/seed-0/selection-20260911.json""]"
S139,upright,act:seed1:epoch1200,ACT,outputs/act_comparability/upright/seed-1/development/act_epoch-1200.jsonl,d527c23893cd0becc523bcaba5ca0db5f1424d7851d79352f2d81396a2b34c01,,[1.0],"{""1.0"":100}","{""1.0"":78}",development,"[""development""]","[""592eaf90642778f173a28db8a088869ee068ba9826eb3fdd9cbc6e3da5ee47c6""]",outputs/act_comparability/upright/seed-1/training/checkpoints/epoch-1200.pt,c702aae0a1f058e325cb5a2fea6f2d70eeb49dd632ec5c26cf54d0ac18bc2439,outputs/upright/demos/expert_episodes.pt,2959a476b294bbd63fe76a4a7ab4e64e1a87dfadd7e146b132559b953acfbb07,DEVELOPMENT_OR_CHECKPOINT_SELECTION,"Development/qualification evidence, not protected final evidence. Retained for provenance and original gate accounting; excluded from the canonical manuscript endpoint dataset.",NONE_DIFFERENT_ESTIMAND_OR_DEVELOPMENT_ONLY,,,,PASS_SCOPED_ACT_INTERFACE_AND_TRAINING_CORRECTIONS,"{""1.0"":""PASS_SELECTION_AND_PAIRING""}",FAIL_90_OF_100,78,100,"[""experiments/act_comparability/AUDIT.md"",""outputs/act_comparability/upright/seed-1/development/summary_epoch-1200.jsonl"",""outputs/act_comparability/upright/seed-1/selection-20260911.json""]"
S140,upright,act:seed1:epoch1600,ACT,outputs/act_comparability/upright/seed-1/development/act_epoch-1600.jsonl,b250435fda8d1845b448e2c7c606d4e62dfefc5f31e6708512fea21859d3f40f,,[1.0],"{""1.0"":100}","{""1.0"":97}",development,"[""development""]","[""592eaf90642778f173a28db8a088869ee068ba9826eb3fdd9cbc6e3da5ee47c6""]",outputs/act_comparability/upright/seed-1/training/checkpoints/epoch-1600.pt,486c949951b139d7138e2aea427da5160382a4cf347439944054245353ff65b1,outputs/upright/demos/expert_episodes.pt,2959a476b294bbd63fe76a4a7ab4e64e1a87dfadd7e146b132559b953acfbb07,DEVELOPMENT_OR_CHECKPOINT_SELECTION,"Development/qualification evidence, not protected final evidence. Retained for provenance and original gate accounting; excluded from the canonical manuscript endpoint dataset.",NONE_DIFFERENT_ESTIMAND_OR_DEVELOPMENT_ONLY,,,,PASS_SCOPED_ACT_INTERFACE_AND_TRAINING_CORRECTIONS,"{""1.0"":""PASS_SELECTION_AND_PAIRING""}",PASS_OBSERVED_90_OF_100,97,100,"[""experiments/act_comparability/AUDIT.md"",""outputs/act_comparability/upright/seed-1/development/summary_epoch-1600.jsonl"",""outputs/act_comparability/upright/seed-1/selection-20260911.json""]"
S141,upright,act:seed1:epoch1700,ACT,outputs/act_comparability/upright/seed-1/development/act_epoch-1700.jsonl,776ab2686ae4f60c1cae81c3507263b9e6ebeabb439885517213609352723884,,[1.0],"{""1.0"":100}","{""1.0"":74}",development,"[""development""]","[""592eaf90642778f173a28db8a088869ee068ba9826eb3fdd9cbc6e3da5ee47c6""]",outputs/act_comparability/upright/seed-1/training/checkpoints/epoch-1700.pt,d0da0bb44c5c92d0378e4e15dfa054402190f45b00a49a74c710abe4834e263b,outputs/upright/demos/expert_episodes.pt,2959a476b294bbd63fe76a4a7ab4e64e1a87dfadd7e146b132559b953acfbb07,DEVELOPMENT_OR_CHECKPOINT_SELECTION,"Development/qualification evidence, not protected final evidence. Retained for provenance and original gate accounting; excluded from the canonical manuscript endpoint dataset.",NONE_DIFFERENT_ESTIMAND_OR_DEVELOPMENT_ONLY,,,,PASS_SCOPED_ACT_INTERFACE_AND_TRAINING_CORRECTIONS,"{""1.0"":""PASS_SELECTION_AND_PAIRING""}",FAIL_90_OF_100,74,100,"[""experiments/act_comparability/AUDIT.md"",""outputs/act_comparability/upright/seed-1/development/summary_epoch-1700.jsonl"",""outputs/act_comparability/upright/seed-1/selection-20260911.json""]"
S142,upright,act:seed1:epoch1900,ACT,outputs/act_comparability/upright/seed-1/development/act_epoch-1900.jsonl,532d9e6045006010cc04bd62c77501e06b365f5d142ea469c59fc83b00453aa4,,[1.0],"{""1.0"":100}","{""1.0"":49}",development,"[""development""]","[""592eaf90642778f173a28db8a088869ee068ba9826eb3fdd9cbc6e3da5ee47c6""]",outputs/act_comparability/upright/seed-1/training/checkpoints/epoch-1900.pt,9494a9497127a5ff05150fc3d8f91a64e4bd32db085b2a0593459fb48a1393b0,outputs/upright/demos/expert_episodes.pt,2959a476b294bbd63fe76a4a7ab4e64e1a87dfadd7e146b132559b953acfbb07,DEVELOPMENT_OR_CHECKPOINT_SELECTION,"Development/qualification evidence, not protected final evidence. Retained for provenance and original gate accounting; excluded from the canonical manuscript endpoint dataset.",NONE_DIFFERENT_ESTIMAND_OR_DEVELOPMENT_ONLY,,,,PASS_SCOPED_ACT_INTERFACE_AND_TRAINING_CORRECTIONS,"{""1.0"":""PASS_SELECTION_AND_PAIRING""}",FAIL_90_OF_100,49,100,"[""experiments/act_comparability/AUDIT.md"",""outputs/act_comparability/upright/seed-1/development/summary_epoch-1900.jsonl"",""outputs/act_comparability/upright/seed-1/selection-20260911.json""]"
S143,upright,act:seed1:epoch2000,ACT,outputs/act_comparability/upright/seed-1/development/act_epoch-2000.jsonl,2808c45ad71a24a11f466608e21cf3689f7a78f596c6678e8064db6c8a988ed9,,[1.0],"{""1.0"":100}","{""1.0"":45}",development,"[""development""]","[""592eaf90642778f173a28db8a088869ee068ba9826eb3fdd9cbc6e3da5ee47c6""]",outputs/act_comparability/upright/seed-1/training/checkpoints/epoch-2000.pt,aea1298c03378b6a44dacc04083ddea128e6feac89aa611bf4f1d245a7ca2138,outputs/upright/demos/expert_episodes.pt,2959a476b294bbd63fe76a4a7ab4e64e1a87dfadd7e146b132559b953acfbb07,DEVELOPMENT_OR_CHECKPOINT_SELECTION,"Development/qualification evidence, not protected final evidence. Retained for provenance and original gate accounting; excluded from the canonical manuscript endpoint dataset.",NONE_DIFFERENT_ESTIMAND_OR_DEVELOPMENT_ONLY,,,,PASS_SCOPED_ACT_INTERFACE_AND_TRAINING_CORRECTIONS,"{""1.0"":""PASS_SELECTION_AND_PAIRING""}",FAIL_90_OF_100,45,100,"[""experiments/act_comparability/AUDIT.md"",""outputs/act_comparability/upright/seed-1/development/summary_epoch-2000.jsonl"",""outputs/act_comparability/upright/seed-1/selection-20260911.json""]"
S145,upright,expert,expert,outputs/act_comparability/upright/seed-1/final/expert_protocol-descriptive-20260911.jsonl,2a2fbfc86496c27b705a1113d89dc8c248b9f9e2013235b866a6c8ee65dade63,,"[0.5,0.75,1.0,1.25,1.5,1.75,2.0,2.5]","{""0.5"":200,""0.75"":200,""1.0"":200,""1.25"":200,""1.5"":200,""1.75"":200,""2.0"":200,""2.5"":200}","{""0.5"":176,""0.75"":191,""1.0"":185,""1.25"":194,""1.5"":193,""1.75"":184,""2.0"":105,""2.5"":2}",protected_final,"[""final""]","[""5bdd95631544534a6510a49e11da1731724d8e92ee8d8f20bc6f7c53717ce62b""]",N/A_SCRIPTED_EXPERT,N/A_SCRIPTED_EXPERT,N/A_SCRIPTED_EXPERT,N/A_SCRIPTED_EXPERT,OVERLAPPING_PROTECTED_FINAL,Repeated protected evaluation of the same selected ACT checkpoint or scripted expert on the declared final bank. The checksum-frozen three-actor snapshot is canonical for the common comparison. No pooling or choice by outcome.,S158,outputs/iclr_dp_three_task_20260919/raw/final/upright/expert_protocol-1.jsonl,outputs/act_comparability/upright/seed-0/final/expert_protocol-descriptive-20260911.jsonl,,PARTIAL_EXPERT_INTERFACE,"{""0.5"":""COUNTS_AND_BANK_METADATA_CHECKED"",""0.75"":""COUNTS_AND_BANK_METADATA_CHECKED"",""1.0"":""COUNTS_AND_BANK_METADATA_CHECKED"",""1.25"":""COUNTS_AND_BANK_METADATA_CHECKED"",""1.5"":""COUNTS_AND_BANK_METADATA_CHECKED"",""1.75"":""COUNTS_AND_BANK_METADATA_CHECKED"",""2.0"":""COUNTS_AND_BANK_METADATA_CHECKED"",""2.5"":""COUNTS_AND_BANK_METADATA_CHECKED""}",PASS_OBSERVED_90_OF_100,97,100,"[""experiments/act_comparability/AUDIT.md"",""outputs/act_comparability/upright/seed-1/final/summary_protocol-descriptive-20260911.jsonl"",""outputs/act_comparability/upright/seed-1/selection-20260911.json""]"
S146,upright,act:seed2:epoch1300,ACT,outputs/act_comparability/upright/seed-2/development/act_epoch-1300.jsonl,9387e607a67252e5a175855f8156607297f1e21f7dc2044a75e026d1138141d5,,[1.0],"{""1.0"":100}","{""1.0"":85}",development,"[""development""]","[""592eaf90642778f173a28db8a088869ee068ba9826eb3fdd9cbc6e3da5ee47c6""]",outputs/act_comparability/upright/seed-2/training/checkpoints/epoch-1300.pt,7314bc7bc23242866362e37085bf8cd54579315ad27e9805ff3b34b3e217049a,outputs/upright/demos/expert_episodes.pt,2959a476b294bbd63fe76a4a7ab4e64e1a87dfadd7e146b132559b953acfbb07,DEVELOPMENT_OR_CHECKPOINT_SELECTION,"Development/qualification evidence, not protected final evidence. Retained for provenance and original gate accounting; excluded from the canonical manuscript endpoint dataset.",NONE_DIFFERENT_ESTIMAND_OR_DEVELOPMENT_ONLY,,,,PASS_SCOPED_ACT_INTERFACE_AND_TRAINING_CORRECTIONS,"{""1.0"":""PASS_SELECTION_AND_PAIRING""}",FAIL_90_OF_100,85,100,"[""experiments/act_comparability/AUDIT.md"",""outputs/act_comparability/upright/seed-2/development/summary_epoch-1300.jsonl"",""outputs/act_comparability/upright/seed-2/selection-20260911.json""]"
S147,upright,act:seed2:epoch1700,ACT,outputs/act_comparability/upright/seed-2/development/act_epoch-1700.jsonl,36d9ffe27edd4b4c464b53a7328d1c7a3a78b885faea0eea3434d922ad1b3559,,[1.0],"{""1.0"":100}","{""1.0"":69}",development,"[""development""]","[""592eaf90642778f173a28db8a088869ee068ba9826eb3fdd9cbc6e3da5ee47c6""]",outputs/act_comparability/upright/seed-2/training/checkpoints/epoch-1700.pt,f43a0d175c86578ad164dce68d53c6e2263f934540ae87e54915aae9271b2306,outputs/upright/demos/expert_episodes.pt,2959a476b294bbd63fe76a4a7ab4e64e1a87dfadd7e146b132559b953acfbb07,DEVELOPMENT_OR_CHECKPOINT_SELECTION,"Development/qualification evidence, not protected final evidence. Retained for provenance and original gate accounting; excluded from the canonical manuscript endpoint dataset.",NONE_DIFFERENT_ESTIMAND_OR_DEVELOPMENT_ONLY,,,,PASS_SCOPED_ACT_INTERFACE_AND_TRAINING_CORRECTIONS,"{""1.0"":""PASS_SELECTION_AND_PAIRING""}",FAIL_90_OF_100,69,100,"[""experiments/act_comparability/AUDIT.md"",""outputs/act_comparability/upright/seed-2/development/summary_epoch-1700.jsonl"",""outputs/act_comparability/upright/seed-2/selection-20260911.json""]"
S148,upright,act:seed2:epoch1800,ACT,outputs/act_comparability/upright/seed-2/development/act_epoch-1800.jsonl,52fffa400d4e770074c3b080f73ce60328e60c20f0d69c045552dfb640504b19,,[1.0],"{""1.0"":100}","{""1.0"":42}",development,"[""development""]","[""592eaf90642778f173a28db8a088869ee068ba9826eb3fdd9cbc6e3da5ee47c6""]",outputs/act_comparability/upright/seed-2/training/checkpoints/epoch-1800.pt,5adf8b96d4a4e08d9e53ee18da3bfea168227526504cc85045dfc94c709cefde,outputs/upright/demos/expert_episodes.pt,2959a476b294bbd63fe76a4a7ab4e64e1a87dfadd7e146b132559b953acfbb07,DEVELOPMENT_OR_CHECKPOINT_SELECTION,"Development/qualification evidence, not protected final evidence. Retained for provenance and original gate accounting; excluded from the canonical manuscript endpoint dataset.",NONE_DIFFERENT_ESTIMAND_OR_DEVELOPMENT_ONLY,,,,PASS_SCOPED_ACT_INTERFACE_AND_TRAINING_CORRECTIONS,"{""1.0"":""PASS_SELECTION_AND_PAIRING""}",FAIL_90_OF_100,42,100,"[""experiments/act_comparability/AUDIT.md"",""outputs/act_comparability/upright/seed-2/development/summary_epoch-1800.jsonl"",""outputs/act_comparability/upright/seed-2/selection-20260911.json""]"
S149,upright,act:seed2:epoch1900,ACT,outputs/act_comparability/upright/seed-2/development/act_epoch-1900.jsonl,9e019d14f7b7ea4a235070d52688bd34bb0c80a2ce34976708cf9f46294a8fc2,,[1.0],"{""1.0"":100}","{""1.0"":37}",development,"[""development""]","[""592eaf90642778f173a28db8a088869ee068ba9826eb3fdd9cbc6e3da5ee47c6""]",outputs/act_comparability/upright/seed-2/training/checkpoints/epoch-1900.pt,7607bfa3564ab98eb11c63eeb4ebb22d15ca04d72c89135f5e1a18cc0171c9c2,outputs/upright/demos/expert_episodes.pt,2959a476b294bbd63fe76a4a7ab4e64e1a87dfadd7e146b132559b953acfbb07,DEVELOPMENT_OR_CHECKPOINT_SELECTION,"Development/qualification evidence, not protected final evidence. Retained for provenance and original gate accounting; excluded from the canonical manuscript endpoint dataset.",NONE_DIFFERENT_ESTIMAND_OR_DEVELOPMENT_ONLY,,,,PASS_SCOPED_ACT_INTERFACE_AND_TRAINING_CORRECTIONS,"{""1.0"":""PASS_SELECTION_AND_PAIRING""}",FAIL_90_OF_100,37,100,"[""experiments/act_comparability/AUDIT.md"",""outputs/act_comparability/upright/seed-2/development/summary_epoch-1900.jsonl"",""outputs/act_comparability/upright/seed-2/selection-20260911.json""]"
S150,upright,act:seed2:epoch2000,ACT,outputs/act_comparability/upright/seed-2/development/act_epoch-2000.jsonl,61e31206ff534596e331c32b41afa337786ea4fcc97fa94bf75438e21bc93bf0,,[1.0],"{""1.0"":100}","{""1.0"":66}",development,"[""development""]","[""592eaf90642778f173a28db8a088869ee068ba9826eb3fdd9cbc6e3da5ee47c6""]",outputs/act_comparability/upright/seed-2/training/checkpoints/epoch-2000.pt,29ac96043b97a84409c685859428c225dbf2c0a8b0b0504517883689920dd4c9,outputs/upright/demos/expert_episodes.pt,2959a476b294bbd63fe76a4a7ab4e64e1a87dfadd7e146b132559b953acfbb07,DEVELOPMENT_OR_CHECKPOINT_SELECTION,"Development/qualification evidence, not protected final evidence. Retained for provenance and original gate accounting; excluded from the canonical manuscript endpoint dataset.",NONE_DIFFERENT_ESTIMAND_OR_DEVELOPMENT_ONLY,,,,PASS_SCOPED_ACT_INTERFACE_AND_TRAINING_CORRECTIONS,"{""1.0"":""PASS_SELECTION_AND_PAIRING""}",FAIL_90_OF_100,66,100,"[""experiments/act_comparability/AUDIT.md"",""outputs/act_comparability/upright/seed-2/development/summary_epoch-2000.jsonl"",""outputs/act_comparability/upright/seed-2/selection-20260911.json""]"
S152,upright,expert,expert,outputs/act_comparability/upright/seed-2/final/expert_protocol-descriptive-20260911.jsonl,1749d6b7f11d70ab4b5ee1e7bf751b21c62d7ebad69d965d1edf6dd1166822ff,,"[0.5,0.75,1.0,1.25,1.5,1.75,2.0,2.5]","{""0.5"":200,""0.75"":200,""1.0"":200,""1.25"":200,""1.5"":200,""1.75"":200,""2.0"":200,""2.5"":200}","{""0.5"":176,""0.75"":191,""1.0"":185,""1.25"":194,""1.5"":193,""1.75"":184,""2.0"":105,""2.5"":2}",protected_final,"[""final""]","[""5bdd95631544534a6510a49e11da1731724d8e92ee8d8f20bc6f7c53717ce62b""]",N/A_SCRIPTED_EXPERT,N/A_SCRIPTED_EXPERT,N/A_SCRIPTED_EXPERT,N/A_SCRIPTED_EXPERT,OVERLAPPING_PROTECTED_FINAL,Repeated protected evaluation of the same selected ACT checkpoint or scripted expert on the declared final bank. The checksum-frozen three-actor snapshot is canonical for the common comparison. No pooling or choice by outcome.,S158,outputs/iclr_dp_three_task_20260919/raw/final/upright/expert_protocol-1.jsonl,outputs/act_comparability/upright/seed-0/final/expert_protocol-descriptive-20260911.jsonl,,PARTIAL_EXPERT_INTERFACE,"{""0.5"":""COUNTS_AND_BANK_METADATA_CHECKED"",""0.75"":""COUNTS_AND_BANK_METADATA_CHECKED"",""1.0"":""COUNTS_AND_BANK_METADATA_CHECKED"",""1.25"":""COUNTS_AND_BANK_METADATA_CHECKED"",""1.5"":""COUNTS_AND_BANK_METADATA_CHECKED"",""1.75"":""COUNTS_AND_BANK_METADATA_CHECKED"",""2.0"":""COUNTS_AND_BANK_METADATA_CHECKED"",""2.5"":""COUNTS_AND_BANK_METADATA_CHECKED""}",PASS_OBSERVED_90_OF_100,97,100,"[""experiments/act_comparability/AUDIT.md"",""outputs/act_comparability/upright/seed-2/final/summary_protocol-descriptive-20260911.jsonl"",""outputs/act_comparability/upright/seed-2/selection-20260911.json""]"
S159,peg,dp:seed42:epoch300,Diffusion Policy,outputs/iclr_dp_three_task_20260919/raw/training/peg/diag.jsonl,16e11c1d171636ece243c8ef5b7c760eea96868db49ae62cd1bc12aa6b364b76,,[1.0],"{""1.0"":100}","{""1.0"":51}",development,"[""development""]","[""592eaf90642778f173a28db8a088869ee068ba9826eb3fdd9cbc6e3da5ee47c6""]",outputs/iclr_dp_three_task_20260919/raw/checkpoints/dp_peg.pt,917a2bb36d2f35321726cf9b26f995d0d92096be0ef8725f7cd1ee8831ed6b4c,outputs/peg/demos/expert_episodes.pt,4512ae3a7b0b651faa380351ff727cdabe85ec1b132fdec0ac5f3ec0c0fff17d,DEVELOPMENT_OR_CHECKPOINT_SELECTION,"Development/qualification evidence, not protected final evidence. Retained for provenance and original gate accounting; excluded from the canonical manuscript endpoint dataset.",NONE_DIFFERENT_ESTIMAND_OR_DEVELOPMENT_ONLY,,,,PARTIAL_INTERFACE_AND_CHECKPOINT_NO_FULL_DP_AUDIT,"{""1.0"":""SAVED_DIAGNOSTIC_PARTIAL""}",FAIL_90_OF_100,51,100,"[""outputs/iclr_dagger_three_task/analysis/validation.json"",""outputs/iclr_dp_three_task_20260919/README.md"",""outputs/iclr_dp_three_task_20260919/analysis/validation.json"",""outputs/iclr_dp_three_task_20260919/raw/training/peg/results.jsonl""]"
S160,upright,dp:seed42:epoch300,Diffusion Policy,outputs/iclr_dp_three_task_20260919/raw/training/upright/diag.jsonl,85bf0c7a281f81fab084815382332857e59e73b539f2eccc5bf5c4a2cdb1a3f7,,[1.0],"{""1.0"":100}","{""1.0"":87}",development,"[""development""]","[""592eaf90642778f173a28db8a088869ee068ba9826eb3fdd9cbc6e3da5ee47c6""]",outputs/iclr_dp_three_task_20260919/raw/checkpoints/dp_upright.pt,20e22e97eb4cdac0dface0fe3ac2a0cbc6bc7691336b44ebbab9c39304779ce8,outputs/upright/demos/expert_episodes.pt,2959a476b294bbd63fe76a4a7ab4e64e1a87dfadd7e146b132559b953acfbb07,DEVELOPMENT_OR_CHECKPOINT_SELECTION,"Development/qualification evidence, not protected final evidence. Retained for provenance and original gate accounting; excluded from the canonical manuscript endpoint dataset.",NONE_DIFFERENT_ESTIMAND_OR_DEVELOPMENT_ONLY,,,,PARTIAL_INTERFACE_AND_CHECKPOINT_NO_FULL_DP_AUDIT,"{""1.0"":""SAVED_DIAGNOSTIC_PARTIAL""}",FAIL_90_OF_100,87,100,"[""outputs/iclr_dagger_three_task/analysis/validation.json"",""outputs/iclr_dp_three_task_20260919/README.md"",""outputs/iclr_dp_three_task_20260919/analysis/validation.json"",""outputs/iclr_dp_three_task_20260919/raw/training/upright/results.jsonl""]"
S163,peg,dagger:eval_round0,DAgger,outputs/iclr_dagger_three_task/peg/diag.jsonl,6eceeeb731ca049a6dcaf84eca0dce2f0ea31d577760f8a9c1782b6babadce09,eval_round0,[1.0],"{""1.0"":100}","{""1.0"":0}",development,"[""development""]","[""592eaf90642778f173a28db8a088869ee068ba9826eb3fdd9cbc6e3da5ee47c6""]",outputs/iclr_dagger_three_task/peg/student_round0.pt,f280d680e7ccc5881f16758e199353ada32e68222b9f6d8e1dda4b6680360eb5,outputs/peg/demos/expert_episodes.pt,4512ae3a7b0b651faa380351ff727cdabe85ec1b132fdec0ac5f3ec0c0fff17d,DEVELOPMENT_OR_CHECKPOINT_SELECTION,"Development/qualification evidence, not protected final evidence. Retained for provenance and original gate accounting; excluded from the canonical manuscript endpoint dataset.",NONE_DIFFERENT_ESTIMAND_OR_DEVELOPMENT_ONLY,,,,PASS,"{""1.0"":""SAVED_DIAGNOSTIC_PARTIAL""}",FAIL_90_OF_100,0,100,"[""outputs/iclr_dagger_three_task/analysis/CLOSEOUT_REPORT.md"",""outputs/iclr_dagger_three_task/analysis/implementation_audit.json"",""outputs/iclr_dagger_three_task/analysis/validation.json"",""outputs/iclr_dagger_three_task/peg/results.jsonl""]"
S164,peg,dagger:eval_round1,DAgger,outputs/iclr_dagger_three_task/peg/diag.jsonl,6eceeeb731ca049a6dcaf84eca0dce2f0ea31d577760f8a9c1782b6babadce09,eval_round1,[1.0],"{""1.0"":100}","{""1.0"":0}",development,"[""development""]","[""592eaf90642778f173a28db8a088869ee068ba9826eb3fdd9cbc6e3da5ee47c6""]",outputs/iclr_dagger_three_task/peg/student_round1.pt,30b9e2a36905874a95dc72f6161d1a825442d0d2013e2db6179582a515915623,outputs/peg/demos/expert_episodes.pt,4512ae3a7b0b651faa380351ff727cdabe85ec1b132fdec0ac5f3ec0c0fff17d,DEVELOPMENT_OR_CHECKPOINT_SELECTION,"Development/qualification evidence, not protected final evidence. Retained for provenance and original gate accounting; excluded from the canonical manuscript endpoint dataset.",NONE_DIFFERENT_ESTIMAND_OR_DEVELOPMENT_ONLY,,,,PASS,"{""1.0"":""SAVED_DIAGNOSTIC_PARTIAL""}",FAIL_90_OF_100,0,100,"[""outputs/iclr_dagger_three_task/analysis/CLOSEOUT_REPORT.md"",""outputs/iclr_dagger_three_task/analysis/implementation_audit.json"",""outputs/iclr_dagger_three_task/analysis/validation.json"",""outputs/iclr_dagger_three_task/peg/results.jsonl""]"
S165,peg,dagger:eval_round2,DAgger,outputs/iclr_dagger_three_task/peg/diag.jsonl,6eceeeb731ca049a6dcaf84eca0dce2f0ea31d577760f8a9c1782b6babadce09,eval_round2,[1.0],"{""1.0"":100}","{""1.0"":0}",development,"[""development""]","[""592eaf90642778f173a28db8a088869ee068ba9826eb3fdd9cbc6e3da5ee47c6""]",outputs/iclr_dagger_three_task/peg/student_round2.pt,72a086342390acfe36f9fc4ea9e41e0b2c738824a0001148732d2cd721538230,outputs/peg/demos/expert_episodes.pt,4512ae3a7b0b651faa380351ff727cdabe85ec1b132fdec0ac5f3ec0c0fff17d,DEVELOPMENT_OR_CHECKPOINT_SELECTION,"Development/qualification evidence, not protected final evidence. Retained for provenance and original gate accounting; excluded from the canonical manuscript endpoint dataset.",NONE_DIFFERENT_ESTIMAND_OR_DEVELOPMENT_ONLY,,,,PASS,"{""1.0"":""SAVED_DIAGNOSTIC_PARTIAL""}",FAIL_90_OF_100,0,100,"[""outputs/iclr_dagger_three_task/analysis/CLOSEOUT_REPORT.md"",""outputs/iclr_dagger_three_task/analysis/implementation_audit.json"",""outputs/iclr_dagger_three_task/analysis/validation.json"",""outputs/iclr_dagger_three_task/peg/results.jsonl""]"
S166,peg,dagger:eval_round3,DAgger,outputs/iclr_dagger_three_task/peg/diag.jsonl,6eceeeb731ca049a6dcaf84eca0dce2f0ea31d577760f8a9c1782b6babadce09,eval_round3,[1.0],"{""1.0"":100}","{""1.0"":0}",development,"[""development""]","[""592eaf90642778f173a28db8a088869ee068ba9826eb3fdd9cbc6e3da5ee47c6""]",outputs/iclr_dagger_three_task/peg/student_round3.pt,3353eb7e57497ce3bc28d3d10da77743a2a0bbf9df83c5a44d2ca933385e7253,outputs/peg/demos/expert_episodes.pt,4512ae3a7b0b651faa380351ff727cdabe85ec1b132fdec0ac5f3ec0c0fff17d,DEVELOPMENT_OR_CHECKPOINT_SELECTION,"Development/qualification evidence, not protected final evidence. Retained for provenance and original gate accounting; excluded from the canonical manuscript endpoint dataset.",NONE_DIFFERENT_ESTIMAND_OR_DEVELOPMENT_ONLY,,,,PASS,"{""1.0"":""SAVED_DIAGNOSTIC_PARTIAL""}",FAIL_90_OF_100,0,100,"[""outputs/iclr_dagger_three_task/analysis/CLOSEOUT_REPORT.md"",""outputs/iclr_dagger_three_task/analysis/implementation_audit.json"",""outputs/iclr_dagger_three_task/analysis/validation.json"",""outputs/iclr_dagger_three_task/peg/results.jsonl""]"
S167,peg,dagger:eval_round4,DAgger,outputs/iclr_dagger_three_task/peg/diag.jsonl,6eceeeb731ca049a6dcaf84eca0dce2f0ea31d577760f8a9c1782b6babadce09,eval_round4,[1.0],"{""1.0"":100}","{""1.0"":0}",development,"[""development""]","[""592eaf90642778f173a28db8a088869ee068ba9826eb3fdd9cbc6e3da5ee47c6""]",outputs/iclr_dagger_three_task/peg/student_round4.pt,d77be6fa125d1ee7403fd0699798e5aa453257c7ef10889eb7d6e868608171fc,outputs/peg/demos/expert_episodes.pt,4512ae3a7b0b651faa380351ff727cdabe85ec1b132fdec0ac5f3ec0c0fff17d,DEVELOPMENT_OR_CHECKPOINT_SELECTION,"Development/qualification evidence, not protected final evidence. Retained for provenance and original gate accounting; excluded from the canonical manuscript endpoint dataset.",NONE_DIFFERENT_ESTIMAND_OR_DEVELOPMENT_ONLY,,,,PASS,"{""1.0"":""SAVED_DIAGNOSTIC_PARTIAL""}",FAIL_90_OF_100,0,100,"[""outputs/iclr_dagger_three_task/analysis/CLOSEOUT_REPORT.md"",""outputs/iclr_dagger_three_task/analysis/implementation_audit.json"",""outputs/iclr_dagger_three_task/analysis/validation.json"",""outputs/iclr_dagger_three_task/peg/results.jsonl""]"
S168,upright,dagger:eval_round0,DAgger,outputs/iclr_dagger_three_task/upright/diag.jsonl,dd2f5c23cd75b15add09e35b304ddd2ea53752747bc71acb524beba44bf9a1d3,eval_round0,[1.0],"{""1.0"":100}","{""1.0"":0}",development,"[""development""]","[""592eaf90642778f173a28db8a088869ee068ba9826eb3fdd9cbc6e3da5ee47c6""]",outputs/iclr_dagger_three_task/upright/student_round0.pt,b94f99f5f38411f614032eb2d3744db0329a920ef9cbda97133d14e280d52c76,outputs/upright/demos/expert_episodes.pt,2959a476b294bbd63fe76a4a7ab4e64e1a87dfadd7e146b132559b953acfbb07,DEVELOPMENT_OR_CHECKPOINT_SELECTION,"Development/qualification evidence, not protected final evidence. Retained for provenance and original gate accounting; excluded from the canonical manuscript endpoint dataset.",NONE_DIFFERENT_ESTIMAND_OR_DEVELOPMENT_ONLY,,,,PASS,"{""1.0"":""SAVED_DIAGNOSTIC_PARTIAL""}",FAIL_90_OF_100,0,100,"[""outputs/iclr_dagger_three_task/analysis/CLOSEOUT_REPORT.md"",""outputs/iclr_dagger_three_task/analysis/implementation_audit.json"",""outputs/iclr_dagger_three_task/analysis/validation.json"",""outputs/iclr_dagger_three_task/upright/results.jsonl""]"
S169,upright,dagger:eval_round1,DAgger,outputs/iclr_dagger_three_task/upright/diag.jsonl,dd2f5c23cd75b15add09e35b304ddd2ea53752747bc71acb524beba44bf9a1d3,eval_round1,[1.0],"{""1.0"":100}","{""1.0"":0}",development,"[""development""]","[""592eaf90642778f173a28db8a088869ee068ba9826eb3fdd9cbc6e3da5ee47c6""]",outputs/iclr_dagger_three_task/upright/student_round1.pt,b2535791af6f2e2f015a825c1b8f6f831349964bf7693a650c43ef64b6841db3,outputs/upright/demos/expert_episodes.pt,2959a476b294bbd63fe76a4a7ab4e64e1a87dfadd7e146b132559b953acfbb07,DEVELOPMENT_OR_CHECKPOINT_SELECTION,"Development/qualification evidence, not protected final evidence. Retained for provenance and original gate accounting; excluded from the canonical manuscript endpoint dataset.",NONE_DIFFERENT_ESTIMAND_OR_DEVELOPMENT_ONLY,,,,PASS,"{""1.0"":""SAVED_DIAGNOSTIC_PARTIAL""}",FAIL_90_OF_100,0,100,"[""outputs/iclr_dagger_three_task/analysis/CLOSEOUT_REPORT.md"",""outputs/iclr_dagger_three_task/analysis/implementation_audit.json"",""outputs/iclr_dagger_three_task/analysis/validation.json"",""outputs/iclr_dagger_three_task/upright/results.jsonl""]"
S170,upright,dagger:eval_round2,DAgger,outputs/iclr_dagger_three_task/upright/diag.jsonl,dd2f5c23cd75b15add09e35b304ddd2ea53752747bc71acb524beba44bf9a1d3,eval_round2,[1.0],"{""1.0"":100}","{""1.0"":0}",development,"[""development""]","[""592eaf90642778f173a28db8a088869ee068ba9826eb3fdd9cbc6e3da5ee47c6""]",outputs/iclr_dagger_three_task/upright/student_round2.pt,e2baf391df14c43f72b10b198a308068159f6b0dc08a1fa01cb5a2660a7a551a,outputs/upright/demos/expert_episodes.pt,2959a476b294bbd63fe76a4a7ab4e64e1a87dfadd7e146b132559b953acfbb07,DEVELOPMENT_OR_CHECKPOINT_SELECTION,"Development/qualification evidence, not protected final evidence. Retained for provenance and original gate accounting; excluded from the canonical manuscript endpoint dataset.",NONE_DIFFERENT_ESTIMAND_OR_DEVELOPMENT_ONLY,,,,PASS,"{""1.0"":""SAVED_DIAGNOSTIC_PARTIAL""}",FAIL_90_OF_100,0,100,"[""outputs/iclr_dagger_three_task/analysis/CLOSEOUT_REPORT.md"",""outputs/iclr_dagger_three_task/analysis/implementation_audit.json"",""outputs/iclr_dagger_three_task/analysis/validation.json"",""outputs/iclr_dagger_three_task/upright/results.jsonl""]"
S171,upright,dagger:eval_round3,DAgger,outputs/iclr_dagger_three_task/upright/diag.jsonl,dd2f5c23cd75b15add09e35b304ddd2ea53752747bc71acb524beba44bf9a1d3,eval_round3,[1.0],"{""1.0"":100}","{""1.0"":0}",development,"[""development""]","[""592eaf90642778f173a28db8a088869ee068ba9826eb3fdd9cbc6e3da5ee47c6""]",outputs/iclr_dagger_three_task/upright/student_round3.pt,3113d59efe762dffd6350ed9906ad04f6b19fa8edc2860bbe67cc31697122316,outputs/upright/demos/expert_episodes.pt,2959a476b294bbd63fe76a4a7ab4e64e1a87dfadd7e146b132559b953acfbb07,DEVELOPMENT_OR_CHECKPOINT_SELECTION,"Development/qualification evidence, not protected final evidence. Retained for provenance and original gate accounting; excluded from the canonical manuscript endpoint dataset.",NONE_DIFFERENT_ESTIMAND_OR_DEVELOPMENT_ONLY,,,,PASS,"{""1.0"":""SAVED_DIAGNOSTIC_PARTIAL""}",FAIL_90_OF_100,0,100,"[""outputs/iclr_dagger_three_task/analysis/CLOSEOUT_REPORT.md"",""outputs/iclr_dagger_three_task/analysis/implementation_audit.json"",""outputs/iclr_dagger_three_task/analysis/validation.json"",""outputs/iclr_dagger_three_task/upright/results.jsonl""]"
S172,upright,dagger:eval_round4,DAgger,outputs/iclr_dagger_three_task/upright/diag.jsonl,dd2f5c23cd75b15add09e35b304ddd2ea53752747bc71acb524beba44bf9a1d3,eval_round4,[1.0],"{""1.0"":100}","{""1.0"":1}",development,"[""development""]","[""592eaf90642778f173a28db8a088869ee068ba9826eb3fdd9cbc6e3da5ee47c6""]",outputs/iclr_dagger_three_task/upright/student_round4.pt,a0ad4ea83e9671ed8eac0abaf5c6e4d1d78e149dd9e4af0e3ddebf6e31a6ccc8,outputs/upright/demos/expert_episodes.pt,2959a476b294bbd63fe76a4a7ab4e64e1a87dfadd7e146b132559b953acfbb07,DEVELOPMENT_OR_CHECKPOINT_SELECTION,"Development/qualification evidence, not protected final evidence. Retained for provenance and original gate accounting; excluded from the canonical manuscript endpoint dataset.",NONE_DIFFERENT_ESTIMAND_OR_DEVELOPMENT_ONLY,,,,PASS,"{""1.0"":""SAVED_DIAGNOSTIC_PARTIAL""}",FAIL_90_OF_100,1,100,"[""outputs/iclr_dagger_three_task/analysis/CLOSEOUT_REPORT.md"",""outputs/iclr_dagger_three_task/analysis/implementation_audit.json"",""outputs/iclr_dagger_three_task/analysis/validation.json"",""outputs/iclr_dagger_three_task/upright/results.jsonl""]"
S173,upright,bc_rnn:bc_rnn_pilot,BC-RNN,outputs/bc_rnn_pilot_20260920/upright/development/episodes.jsonl,612c4b67498c263d0f8a1fc4de72c7ec72a7019fdb53d9b57da7fd207bde9214,,[1.0],"{""1.0"":100}","{""1.0"":0}",development,"[""development""]","[""592eaf90642778f173a28db8a088869ee068ba9826eb3fdd9cbc6e3da5ee47c6""]",/home/drce/ResearchProjects/parcelstow/outputs/bc_rnn_pilot_20260920/upright/train/bc_rnn_final.pt,cbc140908482cd6963197dcdff948ed83ca209399e72fe22eba27ef87948257c,outputs/upright/demos/expert_episodes.pt,2959a476b294bbd63fe76a4a7ab4e64e1a87dfadd7e146b132559b953acfbb07,DEVELOPMENT_ONLY,"Development/qualification evidence, not protected final evidence. Retained for provenance and original gate accounting; excluded from the canonical manuscript endpoint dataset. No protected final series exists for this pilot; no substitute condition is manufactured.",NONE_DIFFERENT_ESTIMAND_OR_DEVELOPMENT_ONLY,,,,PASS,"{""1.0"":""PASS""}",FAIL_90_OF_100,0,100,"[""outputs/bc_rnn_pilot_20260920/STOP_REPORT.md"",""outputs/bc_rnn_pilot_20260920/upright/VALIDATION_RESOLVED.json"",""outputs/bc_rnn_pilot_20260920/upright/development/summary.jsonl""]"
S174,upright,bc_rnn_chunked:bc_rnn_chunked_pilot,BC-RNN,outputs/bc_rnn_chunked_pilot_20260920/upright/development/episodes.jsonl,4e976d990de620ec6dabd4fcc54d75a644e6acbdeb1ebc61a4194967c8ac1317,,[1.0],"{""1.0"":100}","{""1.0"":0}",development,"[""development""]","[""592eaf90642778f173a28db8a088869ee068ba9826eb3fdd9cbc6e3da5ee47c6""]",/home/drce/ResearchProjects/parcelstow/outputs/bc_rnn_chunked_pilot_20260920/upright/train/bc_rnn_chunked_final.pt,df12787fc6a00e62019bd2c5eefacbe62c58965d34ae50ba542a64d1e8230f73,outputs/upright/demos/expert_episodes.pt,2959a476b294bbd63fe76a4a7ab4e64e1a87dfadd7e146b132559b953acfbb07,DEVELOPMENT_ONLY,"Development/qualification evidence, not protected final evidence. Retained for provenance and original gate accounting; excluded from the canonical manuscript endpoint dataset. No protected final series exists for this pilot; no substitute condition is manufactured.",NONE_DIFFERENT_ESTIMAND_OR_DEVELOPMENT_ONLY,,,,PASS,"{""1.0"":""PASS""}",FAIL_90_OF_100,0,100,"[""outputs/bc_rnn_chunked_pilot_20260920/STOP_REPORT.md"",""outputs/bc_rnn_chunked_pilot_20260920/upright/VALIDATION.json"",""outputs/bc_rnn_chunked_pilot_20260920/upright/development/summary.jsonl""]"
S175,upright,bc_rnn_chunked_200k:bc_rnn_chunked_200k_pilot,BC-RNN,outputs/bc_rnn_chunked_200k_pilot_20260920/upright/development/episodes.jsonl,d1ff0bff38f1ca4080980f979657357382b94b78043fb2a5f6b6f39f70f0430d,,[1.0],"{""1.0"":100}","{""1.0"":79}",development,"[""development""]","[""592eaf90642778f173a28db8a088869ee068ba9826eb3fdd9cbc6e3da5ee47c6""]",/home/drce/ResearchProjects/parcelstow/outputs/bc_rnn_chunked_200k_pilot_20260920/upright/train/bc_rnn_chunked_200k_final.pt,cb4f383f69b7cbe4a0280f84fe9350ea5b0501761635053ac991b7fae6989cc9,outputs/upright/demos/expert_episodes.pt,2959a476b294bbd63fe76a4a7ab4e64e1a87dfadd7e146b132559b953acfbb07,DEVELOPMENT_ONLY,"Development/qualification evidence, not protected final evidence. Retained for provenance and original gate accounting; excluded from the canonical manuscript endpoint dataset. No protected final series exists for this pilot; no substitute condition is manufactured.",NONE_DIFFERENT_ESTIMAND_OR_DEVELOPMENT_ONLY,,,,PASS,"{""1.0"":""PASS""}",FAIL_90_OF_100,79,100,"[""outputs/bc_rnn_chunked_200k_pilot_20260920/RESULT_REPORT.md"",""outputs/bc_rnn_chunked_200k_pilot_20260920/upright/VALIDATION.json"",""outputs/bc_rnn_chunked_200k_pilot_20260920/upright/development/summary.jsonl""]"
S176,parcel,bc_rnn_chunked_200k:bc_rnn_batch,BC-RNN,outputs/bc_rnn_batch_20260920/parcel/development/episodes.jsonl,15862aac59b1e9a380c61af8c669ff8d2f6afe540f03ff773cb7c1e25bf04f2d,,[1.0],"{""1.0"":100}","{""1.0"":66}",development,"[""development""]","[""768f17a28c3ae1fb6a31aeae39d4d6fd0064a7ac1dabca6a1c0c13092ee2f546""]",/home/drce/ResearchProjects/parcelstow/outputs/bc_rnn_batch_20260920/parcel/train/bc_rnn_chunked_200k_final.pt,97149945132098171447a4eab10efc5f27ae5f05c4f3227834f3841a1b41da1d,outputs/paper/demos/expert_episodes.pt,5c443c62d21471897edad0132dbc46bc24f19ea63d77fd2b8f9c6e53bd605fa2,DEVELOPMENT_ONLY,"Development/qualification evidence, not protected final evidence. Retained for provenance and original gate accounting; excluded from the canonical manuscript endpoint dataset. No protected final series exists for this pilot; no substitute condition is manufactured.",NONE_DIFFERENT_ESTIMAND_OR_DEVELOPMENT_ONLY,,,,PASS,"{""1.0"":""PASS""}",FAIL_90_OF_100,66,100,"[""outputs/bc_rnn_batch_20260920/BATCH_REPORT.md"",""outputs/bc_rnn_batch_20260920/parcel/VALIDATION_RESOLVED.json"",""outputs/bc_rnn_batch_20260920/parcel/development/summary.jsonl""]"
S177,peg,bc_rnn_chunked_200k:bc_rnn_batch,BC-RNN,outputs/bc_rnn_batch_20260920/peg/development/episodes.jsonl,1282a9bcead4bd8b54aecfbf5f52c698ce8807ae9ba5440d8597bfd0938c3a74,,[1.0],"{""1.0"":100}","{""1.0"":4}",development,"[""development""]","[""592eaf90642778f173a28db8a088869ee068ba9826eb3fdd9cbc6e3da5ee47c6""]",/home/drce/ResearchProjects/parcelstow/outputs/bc_rnn_batch_20260920/peg/train/bc_rnn_chunked_200k_final.pt,5e704274a833e12aaa5e2ca90e8cf973ed9c9681c0e3efa95f8885f623a36bd2,outputs/peg/demos/expert_episodes.pt,4512ae3a7b0b651faa380351ff727cdabe85ec1b132fdec0ac5f3ec0c0fff17d,DEVELOPMENT_ONLY,"Development/qualification evidence, not protected final evidence. Retained for provenance and original gate accounting; excluded from the canonical manuscript endpoint dataset. No protected final series exists for this pilot; no substitute condition is manufactured.",NONE_DIFFERENT_ESTIMAND_OR_DEVELOPMENT_ONLY,,,,PASS,"{""1.0"":""PASS""}",FAIL_90_OF_100,4,100,"[""outputs/bc_rnn_batch_20260920/BATCH_REPORT.md"",""outputs/bc_rnn_batch_20260920/peg/VALIDATION_RESOLVED.json"",""outputs/bc_rnn_batch_20260920/peg/development/summary.jsonl""]"
S178,peg,vq_bet:vq_bet_pilot,VQ-BeT,outputs/vq_bet_pilot_20260921/peg/development/episodes.jsonl,5ad15bcb6978b62760cf38d61363eca243710e61baf2a3c69117d9a161efc321,,[1.0],"{""1.0"":100}","{""1.0"":3}",development,"[""development""]","[""592eaf90642778f173a28db8a088869ee068ba9826eb3fdd9cbc6e3da5ee47c6""]",/home/drce/ResearchProjects/parcelstow/outputs/vq_bet_pilot_20260921/peg/train/vq_bet_final.pt,36fda081e2b370969b8c39598312fe50834119f885e206340c5506e2b728edb8,outputs/peg/demos/expert_episodes.pt,4512ae3a7b0b651faa380351ff727cdabe85ec1b132fdec0ac5f3ec0c0fff17d,DEVELOPMENT_ONLY,"Development/qualification evidence, not protected final evidence. Retained for provenance and original gate accounting; excluded from the canonical manuscript endpoint dataset. No protected final series exists for this pilot; no substitute condition is manufactured.",NONE_DIFFERENT_ESTIMAND_OR_DEVELOPMENT_ONLY,,,,PASS,"{""1.0"":""PASS""}",FAIL_90_OF_100,3,100,"[""outputs/vq_bet_pilot_20260921/RESULT_REPORT.md"",""outputs/vq_bet_pilot_20260921/peg/VALIDATION.json"",""outputs/vq_bet_pilot_20260921/peg/development/summary.jsonl""]"
S179,parcel,expert,expert,outputs/verify/eval/expert.jsonl,68521aea17b09875b2e004ea749c4bd3a0e9bd1a39cff38ce6ae207e81418b82,,[1.0],"{""1.0"":4}","{""1.0"":4}",development_or_calibration,"[""UNKNOWN_LEGACY_UNSTAMPED""]","[""UNKNOWN_NOT_RECORDED""]",N/A_SCRIPTED_EXPERT,N/A_SCRIPTED_EXPERT,N/A_SCRIPTED_EXPERT,N/A_SCRIPTED_EXPERT,CALIBRATION_OR_SETUP,Calibration/setup evidence is not a protected final learner-comparison series.,NONE_DIFFERENT_ESTIMAND_OR_DEVELOPMENT_ONLY,,,,NOT_DOCUMENTED,"{""1.0"":""COUNTS_ONLY""}",NOT_ASSESSABLE_NO_100_EPISODE_GATE,4,4,"[""outputs/verify/eval/summary.jsonl""]"
S184,peg,act:legacy_uncorrected,ACT,data/records/peg/act_episodes.jsonl.gz,9a0dcbe04ec3e4bf9d9adf2a9a3a0bde6b0b275673fefd571f0ce7cd320998fe,,"[0.5,0.75,1.0,1.25,1.5,1.75,2.0,2.5]","{""0.5"":100,""0.75"":100,""1.0"":100,""1.25"":100,""1.5"":100,""1.75"":100,""2.0"":100,""2.5"":100}","{""0.5"":69,""0.75"":76,""1.0"":75,""1.25"":65,""1.5"":0,""1.75"":0,""2.0"":0,""2.5"":0}",legacy_released_final,"[""UNKNOWN_LEGACY_UNSTAMPED""]","[""UNKNOWN_NOT_RECORDED""]",outputs/peg/act/act_peg.pt,207132aaed13d16bcdabe674c0df7450214997cc7c0dbcc6d50e7a3a0a1a1747,outputs/peg/demos/expert_episodes.pt,4512ae3a7b0b651faa380351ff727cdabe85ec1b132fdec0ac5f3ec0c0fff17d,SUPERSEDED_UNCORRECTED_ACT,"Legacy ACT training/diagnostic implementation is superseded by the corrected ACT protocol and selected seed-0 checkpoint. Distinct checkpoint and evaluation protocol, not a sample-size or success-based choice.",S153,outputs/iclr_dp_three_task_20260919/raw/final/peg/act_protocol-1.jsonl,,TRACKED_AND_OUTPUT_RECORDS_DIFFER; retain both; tracked release is authoritative for published legacy claims,KNOWN_PADDED_LOSS_AND_DIAGNOSTIC_DEFECTS_PRESERVED,"{""0.5"":""COUNTS_ONLY"",""0.75"":""COUNTS_ONLY"",""1.0"":""COUNTS_ONLY"",""1.25"":""COUNTS_ONLY"",""1.5"":""COUNTS_ONLY"",""1.75"":""COUNTS_ONLY"",""2.0"":""COUNTS_ONLY"",""2.5"":""COUNTS_ONLY""}",FAIL_90_OF_100,75,100,"[""data/records/peg/eval_summary.jsonl"",""experiments/act_comparability/AUDIT.md"",""experiments/paper/results/eval_summary.jsonl""]"
S185,peg,expert,expert,data/records/peg/expert_episodes.jsonl.gz,797b8d9438f67b6aac9a5b23b99e6e11ff12b71c5e85d950b9cfdad3ba4d9f16,,"[0.5,0.75,1.0,1.25,1.5,1.75,2.0,2.5]","{""0.5"":100,""0.75"":100,""1.0"":100,""1.25"":100,""1.5"":100,""1.75"":100,""2.0"":100,""2.5"":100}","{""0.5"":100,""0.75"":100,""1.0"":93,""1.25"":81,""1.5"":75,""1.75"":76,""2.0"":87,""2.5"":93}",legacy_released_final,"[""UNKNOWN_LEGACY_UNSTAMPED""]","[""UNKNOWN_NOT_RECORDED""]",N/A_SCRIPTED_EXPERT,N/A_SCRIPTED_EXPERT,N/A_SCRIPTED_EXPERT,N/A_SCRIPTED_EXPERT,SUPERSEDED_REFERENCE_PROTOCOL,Legacy expert bank belongs to the superseded upright/peg comparison. Use the declared corrected final-bank expert. The larger N is not the selection criterion.,S155,outputs/iclr_dp_three_task_20260919/raw/final/peg/expert_protocol-1.jsonl,,TRACKED_AND_OUTPUT_RECORDS_DIFFER; retain both; tracked release is authoritative for published legacy claims,NOT_DOCUMENTED,"{""0.5"":""COUNTS_ONLY"",""0.75"":""COUNTS_ONLY"",""1.0"":""COUNTS_ONLY"",""1.25"":""COUNTS_ONLY"",""1.5"":""COUNTS_ONLY"",""1.75"":""COUNTS_ONLY"",""2.0"":""COUNTS_ONLY"",""2.5"":""COUNTS_ONLY""}",PASS_OBSERVED_90_OF_100,93,100,"[""data/records/peg/eval_summary.jsonl"",""experiments/act_comparability/AUDIT.md"",""experiments/paper/results/eval_summary.jsonl""]"
S188,parcel,act:ACT-A:model_seed0,ACT,data/records/replication/act_seed1_rerun.jsonl.gz,54a85d253e025a4c6e6f8375a715809c72eb2406dea5f82a71162613e7cc5cdc,,"[1.0,1.5,2.0]","{""1.0"":100,""1.5"":100,""2.0"":100}","{""1.0"":100,""1.5"":91,""2.0"":53}",legacy_released_replication,"[""UNKNOWN_LEGACY_UNSTAMPED""]","[""UNKNOWN_NOT_RECORDED""]",outputs/paper/act/act_stow.pt,0d9400462d8ff4d3d99614d48a1d6c365de3e3df8faa9bf88f91677130a0d4af,outputs/paper/demos/expert_episodes.pt,5c443c62d21471897edad0132dbc46bc24f19ea63d77fd2b8f9c6e53bd605fa2,OVERLAPPING_DETERMINISM_RERUN,"Same ACT-A checkpoint and shared evaluation draws at rates 1, 1.5, 2; designated determinism rerun, not an independent sample. Canonical main release already covers these conditions.",S180,data/records/act_episodes.jsonl.gz,outputs/paper/act_multiseed/eval/act_seed1_rerun.jsonl,,NOT_DOCUMENTED,"{""1.0"":""COUNTS_ONLY"",""1.5"":""COUNTS_ONLY"",""2.0"":""COUNTS_ONLY""}",PASS_OBSERVED_90_OF_100,100,100,"[""experiments/paper/results/README.md"",""experiments/paper/results/act_demoscale_summary.json"",""experiments/paper/results/act_multiseed_summary.json""]"
S191,upright,act:legacy_uncorrected,ACT,data/records/upright/act_episodes.jsonl.gz,bda71100312d454f0c0b276a582e6eacd5298d9cc11fad48ce70111bf628681b,,"[0.5,0.75,1.0,1.25,1.5,1.75,2.0,2.5]","{""0.5"":100,""0.75"":100,""1.0"":100,""1.25"":100,""1.5"":100,""1.75"":100,""2.0"":100,""2.5"":100}","{""0.5"":25,""0.75"":11,""1.0"":39,""1.25"":53,""1.5"":66,""1.75"":74,""2.0"":8,""2.5"":0}",legacy_released_final,"[""UNKNOWN_LEGACY_UNSTAMPED""]","[""UNKNOWN_NOT_RECORDED""]",outputs/upright/act/act_upright.pt,23792507a4a9e03b11682b28de929485211fb662c464bea10a3ed770caafbbc3,outputs/upright/demos/expert_episodes.pt,2959a476b294bbd63fe76a4a7ab4e64e1a87dfadd7e146b132559b953acfbb07,SUPERSEDED_UNCORRECTED_ACT,"Legacy ACT training/diagnostic implementation is superseded by the corrected ACT protocol and selected seed-0 checkpoint. Distinct checkpoint and evaluation protocol, not a sample-size or success-based choice.",S156,outputs/iclr_dp_three_task_20260919/raw/final/upright/act_protocol-1.jsonl,outputs/upright/eval/act.jsonl,,KNOWN_PADDED_LOSS_AND_DIAGNOSTIC_DEFECTS_PRESERVED,"{""0.5"":""COUNTS_ONLY"",""0.75"":""COUNTS_ONLY"",""1.0"":""COUNTS_ONLY"",""1.25"":""COUNTS_ONLY"",""1.5"":""COUNTS_ONLY"",""1.75"":""COUNTS_ONLY"",""2.0"":""COUNTS_ONLY"",""2.5"":""COUNTS_ONLY""}",FAIL_90_OF_100,39,100,"[""data/records/upright/eval_summary.jsonl"",""experiments/act_comparability/AUDIT.md"",""experiments/paper/results/eval_summary.jsonl""]"
S192,upright,expert,expert,data/records/upright/expert_episodes.jsonl.gz,eb1ecd3ccc90b6d62533a591201d0903630f5b0055c64ea0d8bdfa41aa487a2c,,"[0.5,0.75,1.0,1.25,1.5,1.75,2.0,2.5]","{""0.5"":100,""0.75"":100,""1.0"":100,""1.25"":100,""1.5"":100,""1.75"":100,""2.0"":100,""2.5"":100}","{""0.5"":86,""0.75"":93,""1.0"":92,""1.25"":97,""1.5"":96,""1.75"":90,""2.0"":43,""2.5"":3}",legacy_released_final,"[""UNKNOWN_LEGACY_UNSTAMPED""]","[""UNKNOWN_NOT_RECORDED""]",N/A_SCRIPTED_EXPERT,N/A_SCRIPTED_EXPERT,N/A_SCRIPTED_EXPERT,N/A_SCRIPTED_EXPERT,SUPERSEDED_REFERENCE_PROTOCOL,Legacy expert bank belongs to the superseded upright/peg comparison. Use the declared corrected final-bank expert. The larger N is not the selection criterion.,S158,outputs/iclr_dp_three_task_20260919/raw/final/upright/expert_protocol-1.jsonl,outputs/upright/eval/expert.jsonl,,NOT_DOCUMENTED,"{""0.5"":""COUNTS_ONLY"",""0.75"":""COUNTS_ONLY"",""1.0"":""COUNTS_ONLY"",""1.25"":""COUNTS_ONLY"",""1.5"":""COUNTS_ONLY"",""1.75"":""COUNTS_ONLY"",""2.0"":""COUNTS_ONLY"",""2.5"":""COUNTS_ONLY""}",PASS_OBSERVED_90_OF_100,92,100,"[""data/records/upright/eval_summary.jsonl"",""experiments/act_comparability/AUDIT.md"",""experiments/paper/results/eval_summary.jsonl""]"
