canonical_condition_id,series_id,task,actor,method,model_seed,checkpoint_path,checkpoint_sha256,checkpoint_hash_basis,execution_recorded_checkpoint_sha256,dataset_path,dataset_sha256,aggregate_dataset_path,aggregate_dataset_sha256,evaluation_role,bank_role,bank_sha256,evaluation_seeds,task_rate,episode_count,success_count,nominal_success_count,nominal_episode_count,stage_counts,stage_missing_fields,terminal_failure_counts,terminal_failure_detail_counts,implementation_audit_status,record_validation_status,closeout_record_checks,gate_90_of_100,gate_success_count,gate_episode_count,gate_record_path,gate_historical_scope,evidence_role,floor_saturated_nominal,source_record_path,source_record_sha256,source_line_first,source_line_last,source_round,report_paths,source_copy_aliases,copy_difference,overlap_do_not_pool_with,frozen_input_status,frozen_manifest_paths,pairing_reference_record_path,pairing_validation_status,initial_pose_pairing_mismatches,other_pairing_mismatches,selection_reason,success_rate,wilson_95_low,wilson_95_high,canonical_record_check,speed_degradation_claim_allowed,comparison_status,comparison_reason,expert_canonical_condition_id,paired_episode_count,permitted_statistical_treatment,protocol_path
S116_r0.5,S116,peg,act:seed1:epoch2000,ACT,1,outputs/act_comparability/peg/seed-1/training/checkpoints/epoch-2000.pt,be70ae8abc8c2d6adf9e23af77bb312cf474456ef65b5b6baad0f7c4aac2e348,execution_digest_or_selection_manifest,"[""be70ae8abc8c2d6adf9e23af77bb312cf474456ef65b5b6baad0f7c4aac2e348""]",outputs/peg/demos/expert_episodes.pt,4512ae3a7b0b651faa380351ff727cdabe85ec1b132fdec0ac5f3ec0c0fff17d,N/A,N/A,protected_final,"[""final""]","[""5bdd95631544534a6510a49e11da1731724d8e92ee8d8f20bc6f7c53717ce62b""]",[73001],0.5,200,127,179,200,"{""acquired"":182,""aligned"":129,""inserted"":127,""lifted_clear"":178,""released"":127,""reoriented_upright"":134,""settled"":127}",{},"{""acquisition_failure"":18,""alignment_failure"":2,""dropped_during_transport"":12,""insertion_jam"":41,""none"":127}","{""drop_in_LIFT"":6,""drop_in_REORIENT"":1,""drop_in_TRANSFER"":5,""never_acquired"":18,""none"":127,""pocket_not_reached"":2,""sustained_pocket_contact"":41}",PASS_SCOPED_ACT_INTERFACE_AND_TRAINING_CORRECTIONS,COUNTS_AND_BANK_METADATA_CHECKED,PASS_COUNTS_IDENTITIES,FAIL_90_OF_100,84,100,outputs/act_comparability/peg/seed-1/development/act_epoch-2000.jsonl,NOT_PREDECLARED_FOR_THIS_RUN,UNMATCHED_SPEED_EVALUATION,False,outputs/act_comparability/peg/seed-1/final/act_protocol-descriptive-20260911.jsonl,4d1de4c564ad88349e0b7fa7fcbf3a1bcbe2b76bf517f3f1c6a3df4434dc63f0,1,200,,"[""experiments/act_comparability/AUDIT.md"",""outputs/act_comparability/peg/seed-1/final/summary_protocol-descriptive-20260911.jsonl"",""outputs/act_comparability/peg/seed-1/selection-20260911.json""]",[],,,EXISTING_RECORD_SHA256_COMPUTED_AT_CLOSEOUT,[],outputs/act_comparability/peg/seed-1/final/expert_protocol-descriptive-20260911.jsonl,PASS_RECORDED_INITIAL_CONDITIONS,0,0,"Only protected final series for this predeclared ACT replication seed and selected checkpoint. Seed is retained separately, never substituted for primary seed 0.",0.635,0.566317026527406,0.698594735350732,PASS_HASH_COUNTS_UNIQUE_EPISODE_KEYS_STAGE_AND_TERMINAL_COUNTS,SUBJECT_TO_COMPARISON_AND_RATE_SUPPORT,VERIFIED_PAIRED,"All episode keys, recorded initial object poses, evaluation seed, jitter, corruption, action noise and physical configuration match. Bank hash, logical initial-condition IDs and final-bank metadata also match.",S155_r0.5,200,Paired expert-minus-learner difference and episode-pair bootstrap permitted; separate Wilson binomial intervals,experiments/act_comparability/PROTOCOL.md
S116_r0.75,S116,peg,act:seed1:epoch2000,ACT,1,outputs/act_comparability/peg/seed-1/training/checkpoints/epoch-2000.pt,be70ae8abc8c2d6adf9e23af77bb312cf474456ef65b5b6baad0f7c4aac2e348,execution_digest_or_selection_manifest,"[""be70ae8abc8c2d6adf9e23af77bb312cf474456ef65b5b6baad0f7c4aac2e348""]",outputs/peg/demos/expert_episodes.pt,4512ae3a7b0b651faa380351ff727cdabe85ec1b132fdec0ac5f3ec0c0fff17d,N/A,N/A,protected_final,"[""final""]","[""62c7911bf934c52a8bd330d0ad8073c435c548e96e4353484c413e64e669110e""]",[74001],0.75,200,145,179,200,"{""acquired"":182,""aligned"":149,""inserted"":145,""lifted_clear"":182,""released"":145,""reoriented_upright"":165,""settled"":145}",{},"{""acquisition_failure"":18,""dropped_during_transport"":15,""insertion_jam"":22,""none"":145}","{""drop_in_INSERT"":5,""drop_in_INSERT_DWELL"":2,""drop_in_LIFT"":2,""drop_in_REORIENT"":2,""drop_in_TRANSFER"":4,""never_acquired"":18,""none"":145,""sustained_pocket_contact"":22}",PASS_SCOPED_ACT_INTERFACE_AND_TRAINING_CORRECTIONS,COUNTS_AND_BANK_METADATA_CHECKED,PASS_COUNTS_IDENTITIES,FAIL_90_OF_100,84,100,outputs/act_comparability/peg/seed-1/development/act_epoch-2000.jsonl,NOT_PREDECLARED_FOR_THIS_RUN,UNMATCHED_SPEED_EVALUATION,False,outputs/act_comparability/peg/seed-1/final/act_protocol-descriptive-20260911.jsonl,4d1de4c564ad88349e0b7fa7fcbf3a1bcbe2b76bf517f3f1c6a3df4434dc63f0,201,400,,"[""experiments/act_comparability/AUDIT.md"",""outputs/act_comparability/peg/seed-1/final/summary_protocol-descriptive-20260911.jsonl"",""outputs/act_comparability/peg/seed-1/selection-20260911.json""]",[],,,EXISTING_RECORD_SHA256_COMPUTED_AT_CLOSEOUT,[],outputs/act_comparability/peg/seed-1/final/expert_protocol-descriptive-20260911.jsonl,PASS_RECORDED_INITIAL_CONDITIONS,0,0,"Only protected final series for this predeclared ACT replication seed and selected checkpoint. Seed is retained separately, never substituted for primary seed 0.",0.725,0.6593166064233035,0.7822029967069265,PASS_HASH_COUNTS_UNIQUE_EPISODE_KEYS_STAGE_AND_TERMINAL_COUNTS,SUBJECT_TO_COMPARISON_AND_RATE_SUPPORT,VERIFIED_PAIRED,"All episode keys, recorded initial object poses, evaluation seed, jitter, corruption, action noise and physical configuration match. Bank hash, logical initial-condition IDs and final-bank metadata also match.",S155_r0.75,200,Paired expert-minus-learner difference and episode-pair bootstrap permitted; separate Wilson binomial intervals,experiments/act_comparability/PROTOCOL.md
S116_r1,S116,peg,act:seed1:epoch2000,ACT,1,outputs/act_comparability/peg/seed-1/training/checkpoints/epoch-2000.pt,be70ae8abc8c2d6adf9e23af77bb312cf474456ef65b5b6baad0f7c4aac2e348,execution_digest_or_selection_manifest,"[""be70ae8abc8c2d6adf9e23af77bb312cf474456ef65b5b6baad0f7c4aac2e348""]",outputs/peg/demos/expert_episodes.pt,4512ae3a7b0b651faa380351ff727cdabe85ec1b132fdec0ac5f3ec0c0fff17d,N/A,N/A,protected_final,"[""final""]","[""773c5b540cb396bae894da308a3e8345c8a308e7c38d3646a0e0286bb6f77890""]",[75001],1,200,179,179,200,"{""acquired"":197,""aligned"":181,""inserted"":179,""lifted_clear"":197,""released"":179,""reoriented_upright"":192,""settled"":179}",{},"{""acquisition_failure"":3,""dropped_during_transport"":7,""insertion_jam"":11,""none"":179}","{""drop_in_INSERT"":2,""drop_in_INSERT_DWELL"":2,""drop_in_LIFT"":1,""drop_in_TRANSFER"":2,""never_acquired"":3,""none"":179,""sustained_pocket_contact"":11}",PASS_SCOPED_ACT_INTERFACE_AND_TRAINING_CORRECTIONS,COUNTS_AND_BANK_METADATA_CHECKED,PASS_COUNTS_IDENTITIES,FAIL_90_OF_100,84,100,outputs/act_comparability/peg/seed-1/development/act_epoch-2000.jsonl,NOT_PREDECLARED_FOR_THIS_RUN,UNMATCHED_SPEED_EVALUATION,False,outputs/act_comparability/peg/seed-1/final/act_protocol-descriptive-20260911.jsonl,4d1de4c564ad88349e0b7fa7fcbf3a1bcbe2b76bf517f3f1c6a3df4434dc63f0,401,600,,"[""experiments/act_comparability/AUDIT.md"",""outputs/act_comparability/peg/seed-1/final/summary_protocol-descriptive-20260911.jsonl"",""outputs/act_comparability/peg/seed-1/selection-20260911.json""]",[],,,EXISTING_RECORD_SHA256_COMPUTED_AT_CLOSEOUT,[],outputs/act_comparability/peg/seed-1/final/expert_protocol-descriptive-20260911.jsonl,PASS_RECORDED_INITIAL_CONDITIONS,0,0,"Only protected final series for this predeclared ACT replication seed and selected checkpoint. Seed is retained separately, never substituted for primary seed 0.",0.895,0.8448196800887696,0.9302925120731899,PASS_HASH_COUNTS_UNIQUE_EPISODE_KEYS_STAGE_AND_TERMINAL_COUNTS,SUBJECT_TO_COMPARISON_AND_RATE_SUPPORT,VERIFIED_PAIRED,"All episode keys, recorded initial object poses, evaluation seed, jitter, corruption, action noise and physical configuration match. Bank hash, logical initial-condition IDs and final-bank metadata also match.",S155_r1,200,Paired expert-minus-learner difference and episode-pair bootstrap permitted; separate Wilson binomial intervals,experiments/act_comparability/PROTOCOL.md
S116_r1.25,S116,peg,act:seed1:epoch2000,ACT,1,outputs/act_comparability/peg/seed-1/training/checkpoints/epoch-2000.pt,be70ae8abc8c2d6adf9e23af77bb312cf474456ef65b5b6baad0f7c4aac2e348,execution_digest_or_selection_manifest,"[""be70ae8abc8c2d6adf9e23af77bb312cf474456ef65b5b6baad0f7c4aac2e348""]",outputs/peg/demos/expert_episodes.pt,4512ae3a7b0b651faa380351ff727cdabe85ec1b132fdec0ac5f3ec0c0fff17d,N/A,N/A,protected_final,"[""final""]","[""769c0c5299d8c1965d73974ebc4dc1b9865478ec19f2d5aefa44a1698fcdde73""]",[76001],1.25,200,148,179,200,"{""acquired"":200,""aligned"":152,""inserted"":149,""lifted_clear"":186,""released"":149,""reoriented_upright"":174,""settled"":148}",{},"{""dropped_during_transport"":37,""insertion_jam"":14,""none"":148,""timeout"":1}","{""drop_in_INSERT"":5,""drop_in_LIFT"":17,""drop_in_REORIENT"":8,""drop_in_TRANSFER"":7,""none"":148,""not_settled"":1,""sustained_pocket_contact"":14}",PASS_SCOPED_ACT_INTERFACE_AND_TRAINING_CORRECTIONS,COUNTS_AND_BANK_METADATA_CHECKED,PASS_COUNTS_IDENTITIES,FAIL_90_OF_100,84,100,outputs/act_comparability/peg/seed-1/development/act_epoch-2000.jsonl,NOT_PREDECLARED_FOR_THIS_RUN,UNMATCHED_SPEED_EVALUATION,False,outputs/act_comparability/peg/seed-1/final/act_protocol-descriptive-20260911.jsonl,4d1de4c564ad88349e0b7fa7fcbf3a1bcbe2b76bf517f3f1c6a3df4434dc63f0,601,800,,"[""experiments/act_comparability/AUDIT.md"",""outputs/act_comparability/peg/seed-1/final/summary_protocol-descriptive-20260911.jsonl"",""outputs/act_comparability/peg/seed-1/selection-20260911.json""]",[],,,EXISTING_RECORD_SHA256_COMPUTED_AT_CLOSEOUT,[],outputs/act_comparability/peg/seed-1/final/expert_protocol-descriptive-20260911.jsonl,PASS_RECORDED_INITIAL_CONDITIONS,0,0,"Only protected final series for this predeclared ACT replication seed and selected checkpoint. Seed is retained separately, never substituted for primary seed 0.",0.74,0.6750925439746589,0.7958616993642531,PASS_HASH_COUNTS_UNIQUE_EPISODE_KEYS_STAGE_AND_TERMINAL_COUNTS,SUBJECT_TO_COMPARISON_AND_RATE_SUPPORT,VERIFIED_PAIRED,"All episode keys, recorded initial object poses, evaluation seed, jitter, corruption, action noise and physical configuration match. Bank hash, logical initial-condition IDs and final-bank metadata also match.",S155_r1.25,200,Paired expert-minus-learner difference and episode-pair bootstrap permitted; separate Wilson binomial intervals,experiments/act_comparability/PROTOCOL.md
S116_r1.5,S116,peg,act:seed1:epoch2000,ACT,1,outputs/act_comparability/peg/seed-1/training/checkpoints/epoch-2000.pt,be70ae8abc8c2d6adf9e23af77bb312cf474456ef65b5b6baad0f7c4aac2e348,execution_digest_or_selection_manifest,"[""be70ae8abc8c2d6adf9e23af77bb312cf474456ef65b5b6baad0f7c4aac2e348""]",outputs/peg/demos/expert_episodes.pt,4512ae3a7b0b651faa380351ff727cdabe85ec1b132fdec0ac5f3ec0c0fff17d,N/A,N/A,protected_final,"[""final""]","[""99d0f18b359ec6b1e6719c13e85be185725430242777bd0bac40efd09b2417e9""]",[77001],1.5,200,0,179,200,"{""acquired"":22,""aligned"":1,""inserted"":0,""lifted_clear"":14,""released"":0,""reoriented_upright"":2,""settled"":0}",{},"{""acquisition_failure"":178,""alignment_failure"":1,""dropped_during_transport"":16,""insertion_jam"":5}","{""drop_in_INSERT"":3,""drop_in_LIFT"":11,""drop_in_REORIENT"":2,""never_acquired"":178,""pocket_not_reached"":1,""sustained_pocket_contact"":5}",PASS_SCOPED_ACT_INTERFACE_AND_TRAINING_CORRECTIONS,COUNTS_AND_BANK_METADATA_CHECKED,PASS_COUNTS_IDENTITIES,FAIL_90_OF_100,84,100,outputs/act_comparability/peg/seed-1/development/act_epoch-2000.jsonl,NOT_PREDECLARED_FOR_THIS_RUN,UNMATCHED_SPEED_EVALUATION,False,outputs/act_comparability/peg/seed-1/final/act_protocol-descriptive-20260911.jsonl,4d1de4c564ad88349e0b7fa7fcbf3a1bcbe2b76bf517f3f1c6a3df4434dc63f0,801,1000,,"[""experiments/act_comparability/AUDIT.md"",""outputs/act_comparability/peg/seed-1/final/summary_protocol-descriptive-20260911.jsonl"",""outputs/act_comparability/peg/seed-1/selection-20260911.json""]",[],,,EXISTING_RECORD_SHA256_COMPUTED_AT_CLOSEOUT,[],outputs/act_comparability/peg/seed-1/final/expert_protocol-descriptive-20260911.jsonl,PASS_RECORDED_INITIAL_CONDITIONS,0,0,"Only protected final series for this predeclared ACT replication seed and selected checkpoint. Seed is retained separately, never substituted for primary seed 0.",0,1.734723475976807e-18,0.018845326377266575,PASS_HASH_COUNTS_UNIQUE_EPISODE_KEYS_STAGE_AND_TERMINAL_COUNTS,SUBJECT_TO_COMPARISON_AND_RATE_SUPPORT,VERIFIED_PAIRED,"All episode keys, recorded initial object poses, evaluation seed, jitter, corruption, action noise and physical configuration match. Bank hash, logical initial-condition IDs and final-bank metadata also match.",S155_r1.5,200,Paired expert-minus-learner difference and episode-pair bootstrap permitted; separate Wilson binomial intervals,experiments/act_comparability/PROTOCOL.md
S116_r1.75,S116,peg,act:seed1:epoch2000,ACT,1,outputs/act_comparability/peg/seed-1/training/checkpoints/epoch-2000.pt,be70ae8abc8c2d6adf9e23af77bb312cf474456ef65b5b6baad0f7c4aac2e348,execution_digest_or_selection_manifest,"[""be70ae8abc8c2d6adf9e23af77bb312cf474456ef65b5b6baad0f7c4aac2e348""]",outputs/peg/demos/expert_episodes.pt,4512ae3a7b0b651faa380351ff727cdabe85ec1b132fdec0ac5f3ec0c0fff17d,N/A,N/A,protected_final,"[""final""]","[""8cb85e15482868092b26c9ee46d971afe82a9df62c35e3b32d79f76066476970""]",[78001],1.75,200,0,179,200,"{""acquired"":0,""aligned"":0,""inserted"":0,""lifted_clear"":0,""released"":0,""reoriented_upright"":0,""settled"":0}",{},"{""acquisition_failure"":200}","{""never_acquired"":200}",PASS_SCOPED_ACT_INTERFACE_AND_TRAINING_CORRECTIONS,COUNTS_AND_BANK_METADATA_CHECKED,PASS_COUNTS_IDENTITIES,FAIL_90_OF_100,84,100,outputs/act_comparability/peg/seed-1/development/act_epoch-2000.jsonl,NOT_PREDECLARED_FOR_THIS_RUN,UNMATCHED_SPEED_EVALUATION,False,outputs/act_comparability/peg/seed-1/final/act_protocol-descriptive-20260911.jsonl,4d1de4c564ad88349e0b7fa7fcbf3a1bcbe2b76bf517f3f1c6a3df4434dc63f0,1001,1200,,"[""experiments/act_comparability/AUDIT.md"",""outputs/act_comparability/peg/seed-1/final/summary_protocol-descriptive-20260911.jsonl"",""outputs/act_comparability/peg/seed-1/selection-20260911.json""]",[],,,EXISTING_RECORD_SHA256_COMPUTED_AT_CLOSEOUT,[],outputs/act_comparability/peg/seed-1/final/expert_protocol-descriptive-20260911.jsonl,PASS_RECORDED_INITIAL_CONDITIONS,0,0,"Only protected final series for this predeclared ACT replication seed and selected checkpoint. Seed is retained separately, never substituted for primary seed 0.",0,1.734723475976807e-18,0.018845326377266575,PASS_HASH_COUNTS_UNIQUE_EPISODE_KEYS_STAGE_AND_TERMINAL_COUNTS,SUBJECT_TO_COMPARISON_AND_RATE_SUPPORT,VERIFIED_PAIRED,"All episode keys, recorded initial object poses, evaluation seed, jitter, corruption, action noise and physical configuration match. Bank hash, logical initial-condition IDs and final-bank metadata also match.",S155_r1.75,200,Paired expert-minus-learner difference and episode-pair bootstrap permitted; separate Wilson binomial intervals,experiments/act_comparability/PROTOCOL.md
S116_r2,S116,peg,act:seed1:epoch2000,ACT,1,outputs/act_comparability/peg/seed-1/training/checkpoints/epoch-2000.pt,be70ae8abc8c2d6adf9e23af77bb312cf474456ef65b5b6baad0f7c4aac2e348,execution_digest_or_selection_manifest,"[""be70ae8abc8c2d6adf9e23af77bb312cf474456ef65b5b6baad0f7c4aac2e348""]",outputs/peg/demos/expert_episodes.pt,4512ae3a7b0b651faa380351ff727cdabe85ec1b132fdec0ac5f3ec0c0fff17d,N/A,N/A,protected_final,"[""final""]","[""80170a6d88af32eca89839c0391aebb59eb22cf4afce2d0b0b2cc0b7ab8cbe7e""]",[79001],2,200,0,179,200,"{""acquired"":0,""aligned"":0,""inserted"":0,""lifted_clear"":0,""released"":0,""reoriented_upright"":0,""settled"":0}",{},"{""acquisition_failure"":200}","{""never_acquired"":200}",PASS_SCOPED_ACT_INTERFACE_AND_TRAINING_CORRECTIONS,COUNTS_AND_BANK_METADATA_CHECKED,PASS_COUNTS_IDENTITIES,FAIL_90_OF_100,84,100,outputs/act_comparability/peg/seed-1/development/act_epoch-2000.jsonl,NOT_PREDECLARED_FOR_THIS_RUN,UNMATCHED_SPEED_EVALUATION,False,outputs/act_comparability/peg/seed-1/final/act_protocol-descriptive-20260911.jsonl,4d1de4c564ad88349e0b7fa7fcbf3a1bcbe2b76bf517f3f1c6a3df4434dc63f0,1201,1400,,"[""experiments/act_comparability/AUDIT.md"",""outputs/act_comparability/peg/seed-1/final/summary_protocol-descriptive-20260911.jsonl"",""outputs/act_comparability/peg/seed-1/selection-20260911.json""]",[],,,EXISTING_RECORD_SHA256_COMPUTED_AT_CLOSEOUT,[],outputs/act_comparability/peg/seed-1/final/expert_protocol-descriptive-20260911.jsonl,PASS_RECORDED_INITIAL_CONDITIONS,0,0,"Only protected final series for this predeclared ACT replication seed and selected checkpoint. Seed is retained separately, never substituted for primary seed 0.",0,1.734723475976807e-18,0.018845326377266575,PASS_HASH_COUNTS_UNIQUE_EPISODE_KEYS_STAGE_AND_TERMINAL_COUNTS,SUBJECT_TO_COMPARISON_AND_RATE_SUPPORT,VERIFIED_PAIRED,"All episode keys, recorded initial object poses, evaluation seed, jitter, corruption, action noise and physical configuration match. Bank hash, logical initial-condition IDs and final-bank metadata also match.",S155_r2,200,Paired expert-minus-learner difference and episode-pair bootstrap permitted; separate Wilson binomial intervals,experiments/act_comparability/PROTOCOL.md
S116_r2.5,S116,peg,act:seed1:epoch2000,ACT,1,outputs/act_comparability/peg/seed-1/training/checkpoints/epoch-2000.pt,be70ae8abc8c2d6adf9e23af77bb312cf474456ef65b5b6baad0f7c4aac2e348,execution_digest_or_selection_manifest,"[""be70ae8abc8c2d6adf9e23af77bb312cf474456ef65b5b6baad0f7c4aac2e348""]",outputs/peg/demos/expert_episodes.pt,4512ae3a7b0b651faa380351ff727cdabe85ec1b132fdec0ac5f3ec0c0fff17d,N/A,N/A,protected_final,"[""final""]","[""431b44e40964e858b4e3ee6c0717c019203c6738a84b5e7f674d218bbe1f5b37""]",[80001],2.5,200,0,179,200,"{""acquired"":0,""aligned"":0,""inserted"":0,""lifted_clear"":0,""released"":0,""reoriented_upright"":0,""settled"":0}",{},"{""acquisition_failure"":200}","{""never_acquired"":200}",PASS_SCOPED_ACT_INTERFACE_AND_TRAINING_CORRECTIONS,COUNTS_AND_BANK_METADATA_CHECKED,PASS_COUNTS_IDENTITIES,FAIL_90_OF_100,84,100,outputs/act_comparability/peg/seed-1/development/act_epoch-2000.jsonl,NOT_PREDECLARED_FOR_THIS_RUN,UNMATCHED_SPEED_EVALUATION,False,outputs/act_comparability/peg/seed-1/final/act_protocol-descriptive-20260911.jsonl,4d1de4c564ad88349e0b7fa7fcbf3a1bcbe2b76bf517f3f1c6a3df4434dc63f0,1401,1600,,"[""experiments/act_comparability/AUDIT.md"",""outputs/act_comparability/peg/seed-1/final/summary_protocol-descriptive-20260911.jsonl"",""outputs/act_comparability/peg/seed-1/selection-20260911.json""]",[],,,EXISTING_RECORD_SHA256_COMPUTED_AT_CLOSEOUT,[],outputs/act_comparability/peg/seed-1/final/expert_protocol-descriptive-20260911.jsonl,PASS_RECORDED_INITIAL_CONDITIONS,0,0,"Only protected final series for this predeclared ACT replication seed and selected checkpoint. Seed is retained separately, never substituted for primary seed 0.",0,1.734723475976807e-18,0.018845326377266575,PASS_HASH_COUNTS_UNIQUE_EPISODE_KEYS_STAGE_AND_TERMINAL_COUNTS,SUBJECT_TO_COMPARISON_AND_RATE_SUPPORT,VERIFIED_PAIRED,"All episode keys, recorded initial object poses, evaluation seed, jitter, corruption, action noise and physical configuration match. Bank hash, logical initial-condition IDs and final-bank metadata also match.",S155_r2.5,200,Paired expert-minus-learner difference and episode-pair bootstrap permitted; separate Wilson binomial intervals,experiments/act_comparability/PROTOCOL.md
S123_r0.5,S123,peg,act:seed2:epoch1600,ACT,2,outputs/act_comparability/peg/seed-2/training/checkpoints/epoch-1600.pt,17c85466b3f30e40e2d50c10f42ab13d71abf5931bfc25d5ba9f2eae6a71b598,execution_digest_or_selection_manifest,"[""17c85466b3f30e40e2d50c10f42ab13d71abf5931bfc25d5ba9f2eae6a71b598""]",outputs/peg/demos/expert_episodes.pt,4512ae3a7b0b651faa380351ff727cdabe85ec1b132fdec0ac5f3ec0c0fff17d,N/A,N/A,protected_final,"[""final""]","[""5bdd95631544534a6510a49e11da1731724d8e92ee8d8f20bc6f7c53717ce62b""]",[73001],0.5,200,199,197,200,"{""acquired"":200,""aligned"":199,""inserted"":199,""lifted_clear"":199,""released"":199,""reoriented_upright"":199,""settled"":199}",{},"{""dropped_during_transport"":1,""none"":199}","{""drop_in_REORIENT"":1,""none"":199}",PASS_SCOPED_ACT_INTERFACE_AND_TRAINING_CORRECTIONS,COUNTS_AND_BANK_METADATA_CHECKED,PASS_COUNTS_IDENTITIES,PASS_OBSERVED_90_OF_100,93,100,outputs/act_comparability/peg/seed-2/development/act_epoch-1600.jsonl,NOT_PREDECLARED_FOR_THIS_RUN,MATCHED_EXPERT_COMPARISON,False,outputs/act_comparability/peg/seed-2/final/act_protocol-descriptive-20260911.jsonl,4afd0c2084bcee32d38f983b8b1c6edff12fe0183429a194bc8ae9bd8530df4f,1,200,,"[""experiments/act_comparability/AUDIT.md"",""outputs/act_comparability/peg/seed-2/final/summary_protocol-descriptive-20260911.jsonl"",""outputs/act_comparability/peg/seed-2/selection-20260911.json""]",[],,,EXISTING_RECORD_SHA256_COMPUTED_AT_CLOSEOUT,[],outputs/act_comparability/peg/seed-2/final/expert_protocol-descriptive-20260911.jsonl,PASS_RECORDED_INITIAL_CONDITIONS,0,0,"Only protected final series for this predeclared ACT replication seed and selected checkpoint. Seed is retained separately, never substituted for primary seed 0.",0.995,0.9722262956021069,0.9991168312843989,PASS_HASH_COUNTS_UNIQUE_EPISODE_KEYS_STAGE_AND_TERMINAL_COUNTS,SUBJECT_TO_COMPARISON_AND_RATE_SUPPORT,VERIFIED_PAIRED,"All episode keys, recorded initial object poses, evaluation seed, jitter, corruption, action noise and physical configuration match. Bank hash, logical initial-condition IDs and final-bank metadata also match.",S155_r0.5,200,Paired expert-minus-learner difference and episode-pair bootstrap permitted; separate Wilson binomial intervals,experiments/act_comparability/PROTOCOL.md
S123_r0.75,S123,peg,act:seed2:epoch1600,ACT,2,outputs/act_comparability/peg/seed-2/training/checkpoints/epoch-1600.pt,17c85466b3f30e40e2d50c10f42ab13d71abf5931bfc25d5ba9f2eae6a71b598,execution_digest_or_selection_manifest,"[""17c85466b3f30e40e2d50c10f42ab13d71abf5931bfc25d5ba9f2eae6a71b598""]",outputs/peg/demos/expert_episodes.pt,4512ae3a7b0b651faa380351ff727cdabe85ec1b132fdec0ac5f3ec0c0fff17d,N/A,N/A,protected_final,"[""final""]","[""62c7911bf934c52a8bd330d0ad8073c435c548e96e4353484c413e64e669110e""]",[74001],0.75,200,195,197,200,"{""acquired"":197,""aligned"":195,""inserted"":195,""lifted_clear"":197,""released"":195,""reoriented_upright"":195,""settled"":195}",{},"{""acquisition_failure"":3,""insertion_jam"":2,""none"":195}","{""never_acquired"":3,""none"":195,""sustained_pocket_contact"":2}",PASS_SCOPED_ACT_INTERFACE_AND_TRAINING_CORRECTIONS,COUNTS_AND_BANK_METADATA_CHECKED,PASS_COUNTS_IDENTITIES,PASS_OBSERVED_90_OF_100,93,100,outputs/act_comparability/peg/seed-2/development/act_epoch-1600.jsonl,NOT_PREDECLARED_FOR_THIS_RUN,MATCHED_EXPERT_COMPARISON,False,outputs/act_comparability/peg/seed-2/final/act_protocol-descriptive-20260911.jsonl,4afd0c2084bcee32d38f983b8b1c6edff12fe0183429a194bc8ae9bd8530df4f,201,400,,"[""experiments/act_comparability/AUDIT.md"",""outputs/act_comparability/peg/seed-2/final/summary_protocol-descriptive-20260911.jsonl"",""outputs/act_comparability/peg/seed-2/selection-20260911.json""]",[],,,EXISTING_RECORD_SHA256_COMPUTED_AT_CLOSEOUT,[],outputs/act_comparability/peg/seed-2/final/expert_protocol-descriptive-20260911.jsonl,PASS_RECORDED_INITIAL_CONDITIONS,0,0,"Only protected final series for this predeclared ACT replication seed and selected checkpoint. Seed is retained separately, never substituted for primary seed 0.",0.975,0.942821659593358,0.9892752803482386,PASS_HASH_COUNTS_UNIQUE_EPISODE_KEYS_STAGE_AND_TERMINAL_COUNTS,SUBJECT_TO_COMPARISON_AND_RATE_SUPPORT,VERIFIED_PAIRED,"All episode keys, recorded initial object poses, evaluation seed, jitter, corruption, action noise and physical configuration match. Bank hash, logical initial-condition IDs and final-bank metadata also match.",S155_r0.75,200,Paired expert-minus-learner difference and episode-pair bootstrap permitted; separate Wilson binomial intervals,experiments/act_comparability/PROTOCOL.md
S123_r1,S123,peg,act:seed2:epoch1600,ACT,2,outputs/act_comparability/peg/seed-2/training/checkpoints/epoch-1600.pt,17c85466b3f30e40e2d50c10f42ab13d71abf5931bfc25d5ba9f2eae6a71b598,execution_digest_or_selection_manifest,"[""17c85466b3f30e40e2d50c10f42ab13d71abf5931bfc25d5ba9f2eae6a71b598""]",outputs/peg/demos/expert_episodes.pt,4512ae3a7b0b651faa380351ff727cdabe85ec1b132fdec0ac5f3ec0c0fff17d,N/A,N/A,protected_final,"[""final""]","[""773c5b540cb396bae894da308a3e8345c8a308e7c38d3646a0e0286bb6f77890""]",[75001],1,200,197,197,200,"{""acquired"":200,""aligned"":197,""inserted"":197,""lifted_clear"":200,""released"":197,""reoriented_upright"":197,""settled"":197}",{},"{""insertion_jam"":3,""none"":197}","{""none"":197,""sustained_pocket_contact"":3}",PASS_SCOPED_ACT_INTERFACE_AND_TRAINING_CORRECTIONS,COUNTS_AND_BANK_METADATA_CHECKED,PASS_COUNTS_IDENTITIES,PASS_OBSERVED_90_OF_100,93,100,outputs/act_comparability/peg/seed-2/development/act_epoch-1600.jsonl,NOT_PREDECLARED_FOR_THIS_RUN,MATCHED_EXPERT_COMPARISON,False,outputs/act_comparability/peg/seed-2/final/act_protocol-descriptive-20260911.jsonl,4afd0c2084bcee32d38f983b8b1c6edff12fe0183429a194bc8ae9bd8530df4f,401,600,,"[""experiments/act_comparability/AUDIT.md"",""outputs/act_comparability/peg/seed-2/final/summary_protocol-descriptive-20260911.jsonl"",""outputs/act_comparability/peg/seed-2/selection-20260911.json""]",[],,,EXISTING_RECORD_SHA256_COMPUTED_AT_CLOSEOUT,[],outputs/act_comparability/peg/seed-2/final/expert_protocol-descriptive-20260911.jsonl,PASS_RECORDED_INITIAL_CONDITIONS,0,0,"Only protected final series for this predeclared ACT replication seed and selected checkpoint. Seed is retained separately, never substituted for primary seed 0.",0.985,0.9568342712073097,0.9948857622067417,PASS_HASH_COUNTS_UNIQUE_EPISODE_KEYS_STAGE_AND_TERMINAL_COUNTS,SUBJECT_TO_COMPARISON_AND_RATE_SUPPORT,VERIFIED_PAIRED,"All episode keys, recorded initial object poses, evaluation seed, jitter, corruption, action noise and physical configuration match. Bank hash, logical initial-condition IDs and final-bank metadata also match.",S155_r1,200,Paired expert-minus-learner difference and episode-pair bootstrap permitted; separate Wilson binomial intervals,experiments/act_comparability/PROTOCOL.md
S123_r1.25,S123,peg,act:seed2:epoch1600,ACT,2,outputs/act_comparability/peg/seed-2/training/checkpoints/epoch-1600.pt,17c85466b3f30e40e2d50c10f42ab13d71abf5931bfc25d5ba9f2eae6a71b598,execution_digest_or_selection_manifest,"[""17c85466b3f30e40e2d50c10f42ab13d71abf5931bfc25d5ba9f2eae6a71b598""]",outputs/peg/demos/expert_episodes.pt,4512ae3a7b0b651faa380351ff727cdabe85ec1b132fdec0ac5f3ec0c0fff17d,N/A,N/A,protected_final,"[""final""]","[""769c0c5299d8c1965d73974ebc4dc1b9865478ec19f2d5aefa44a1698fcdde73""]",[76001],1.25,200,186,197,200,"{""acquired"":200,""aligned"":186,""inserted"":186,""lifted_clear"":200,""released"":186,""reoriented_upright"":191,""settled"":186}",{},"{""dropped_during_transport"":2,""insertion_jam"":12,""none"":186}","{""drop_in_REORIENT"":2,""none"":186,""sustained_pocket_contact"":12}",PASS_SCOPED_ACT_INTERFACE_AND_TRAINING_CORRECTIONS,COUNTS_AND_BANK_METADATA_CHECKED,PASS_COUNTS_IDENTITIES,PASS_OBSERVED_90_OF_100,93,100,outputs/act_comparability/peg/seed-2/development/act_epoch-1600.jsonl,NOT_PREDECLARED_FOR_THIS_RUN,MATCHED_EXPERT_COMPARISON,False,outputs/act_comparability/peg/seed-2/final/act_protocol-descriptive-20260911.jsonl,4afd0c2084bcee32d38f983b8b1c6edff12fe0183429a194bc8ae9bd8530df4f,601,800,,"[""experiments/act_comparability/AUDIT.md"",""outputs/act_comparability/peg/seed-2/final/summary_protocol-descriptive-20260911.jsonl"",""outputs/act_comparability/peg/seed-2/selection-20260911.json""]",[],,,EXISTING_RECORD_SHA256_COMPUTED_AT_CLOSEOUT,[],outputs/act_comparability/peg/seed-2/final/expert_protocol-descriptive-20260911.jsonl,PASS_RECORDED_INITIAL_CONDITIONS,0,0,"Only protected final series for this predeclared ACT replication seed and selected checkpoint. Seed is retained separately, never substituted for primary seed 0.",0.93,0.8859451911438936,0.9578478281716571,PASS_HASH_COUNTS_UNIQUE_EPISODE_KEYS_STAGE_AND_TERMINAL_COUNTS,SUBJECT_TO_COMPARISON_AND_RATE_SUPPORT,VERIFIED_PAIRED,"All episode keys, recorded initial object poses, evaluation seed, jitter, corruption, action noise and physical configuration match. Bank hash, logical initial-condition IDs and final-bank metadata also match.",S155_r1.25,200,Paired expert-minus-learner difference and episode-pair bootstrap permitted; separate Wilson binomial intervals,experiments/act_comparability/PROTOCOL.md
S123_r1.5,S123,peg,act:seed2:epoch1600,ACT,2,outputs/act_comparability/peg/seed-2/training/checkpoints/epoch-1600.pt,17c85466b3f30e40e2d50c10f42ab13d71abf5931bfc25d5ba9f2eae6a71b598,execution_digest_or_selection_manifest,"[""17c85466b3f30e40e2d50c10f42ab13d71abf5931bfc25d5ba9f2eae6a71b598""]",outputs/peg/demos/expert_episodes.pt,4512ae3a7b0b651faa380351ff727cdabe85ec1b132fdec0ac5f3ec0c0fff17d,N/A,N/A,protected_final,"[""final""]","[""99d0f18b359ec6b1e6719c13e85be185725430242777bd0bac40efd09b2417e9""]",[77001],1.5,200,0,197,200,"{""acquired"":177,""aligned"":27,""inserted"":0,""lifted_clear"":170,""released"":0,""reoriented_upright"":65,""settled"":0}",{},"{""acquisition_failure"":23,""alignment_failure"":48,""dropped_during_transport"":57,""insertion_jam"":72}","{""drop_in_INSERT"":3,""drop_in_INSERT_DWELL"":4,""drop_in_LIFT"":19,""drop_in_REORIENT"":24,""drop_in_TRANSFER"":7,""never_acquired"":23,""not_inserted"":12,""pocket_not_reached"":36,""sustained_pocket_contact"":72}",PASS_SCOPED_ACT_INTERFACE_AND_TRAINING_CORRECTIONS,COUNTS_AND_BANK_METADATA_CHECKED,PASS_COUNTS_IDENTITIES,PASS_OBSERVED_90_OF_100,93,100,outputs/act_comparability/peg/seed-2/development/act_epoch-1600.jsonl,NOT_PREDECLARED_FOR_THIS_RUN,MATCHED_EXPERT_COMPARISON,False,outputs/act_comparability/peg/seed-2/final/act_protocol-descriptive-20260911.jsonl,4afd0c2084bcee32d38f983b8b1c6edff12fe0183429a194bc8ae9bd8530df4f,801,1000,,"[""experiments/act_comparability/AUDIT.md"",""outputs/act_comparability/peg/seed-2/final/summary_protocol-descriptive-20260911.jsonl"",""outputs/act_comparability/peg/seed-2/selection-20260911.json""]",[],,,EXISTING_RECORD_SHA256_COMPUTED_AT_CLOSEOUT,[],outputs/act_comparability/peg/seed-2/final/expert_protocol-descriptive-20260911.jsonl,PASS_RECORDED_INITIAL_CONDITIONS,0,0,"Only protected final series for this predeclared ACT replication seed and selected checkpoint. Seed is retained separately, never substituted for primary seed 0.",0,1.734723475976807e-18,0.018845326377266575,PASS_HASH_COUNTS_UNIQUE_EPISODE_KEYS_STAGE_AND_TERMINAL_COUNTS,SUBJECT_TO_COMPARISON_AND_RATE_SUPPORT,VERIFIED_PAIRED,"All episode keys, recorded initial object poses, evaluation seed, jitter, corruption, action noise and physical configuration match. Bank hash, logical initial-condition IDs and final-bank metadata also match.",S155_r1.5,200,Paired expert-minus-learner difference and episode-pair bootstrap permitted; separate Wilson binomial intervals,experiments/act_comparability/PROTOCOL.md
S123_r1.75,S123,peg,act:seed2:epoch1600,ACT,2,outputs/act_comparability/peg/seed-2/training/checkpoints/epoch-1600.pt,17c85466b3f30e40e2d50c10f42ab13d71abf5931bfc25d5ba9f2eae6a71b598,execution_digest_or_selection_manifest,"[""17c85466b3f30e40e2d50c10f42ab13d71abf5931bfc25d5ba9f2eae6a71b598""]",outputs/peg/demos/expert_episodes.pt,4512ae3a7b0b651faa380351ff727cdabe85ec1b132fdec0ac5f3ec0c0fff17d,N/A,N/A,protected_final,"[""final""]","[""8cb85e15482868092b26c9ee46d971afe82a9df62c35e3b32d79f76066476970""]",[78001],1.75,200,0,197,200,"{""acquired"":0,""aligned"":0,""inserted"":0,""lifted_clear"":0,""released"":0,""reoriented_upright"":0,""settled"":0}",{},"{""acquisition_failure"":200}","{""never_acquired"":200}",PASS_SCOPED_ACT_INTERFACE_AND_TRAINING_CORRECTIONS,COUNTS_AND_BANK_METADATA_CHECKED,PASS_COUNTS_IDENTITIES,PASS_OBSERVED_90_OF_100,93,100,outputs/act_comparability/peg/seed-2/development/act_epoch-1600.jsonl,NOT_PREDECLARED_FOR_THIS_RUN,MATCHED_EXPERT_COMPARISON,False,outputs/act_comparability/peg/seed-2/final/act_protocol-descriptive-20260911.jsonl,4afd0c2084bcee32d38f983b8b1c6edff12fe0183429a194bc8ae9bd8530df4f,1001,1200,,"[""experiments/act_comparability/AUDIT.md"",""outputs/act_comparability/peg/seed-2/final/summary_protocol-descriptive-20260911.jsonl"",""outputs/act_comparability/peg/seed-2/selection-20260911.json""]",[],,,EXISTING_RECORD_SHA256_COMPUTED_AT_CLOSEOUT,[],outputs/act_comparability/peg/seed-2/final/expert_protocol-descriptive-20260911.jsonl,PASS_RECORDED_INITIAL_CONDITIONS,0,0,"Only protected final series for this predeclared ACT replication seed and selected checkpoint. Seed is retained separately, never substituted for primary seed 0.",0,1.734723475976807e-18,0.018845326377266575,PASS_HASH_COUNTS_UNIQUE_EPISODE_KEYS_STAGE_AND_TERMINAL_COUNTS,SUBJECT_TO_COMPARISON_AND_RATE_SUPPORT,VERIFIED_PAIRED,"All episode keys, recorded initial object poses, evaluation seed, jitter, corruption, action noise and physical configuration match. Bank hash, logical initial-condition IDs and final-bank metadata also match.",S155_r1.75,200,Paired expert-minus-learner difference and episode-pair bootstrap permitted; separate Wilson binomial intervals,experiments/act_comparability/PROTOCOL.md
S123_r2,S123,peg,act:seed2:epoch1600,ACT,2,outputs/act_comparability/peg/seed-2/training/checkpoints/epoch-1600.pt,17c85466b3f30e40e2d50c10f42ab13d71abf5931bfc25d5ba9f2eae6a71b598,execution_digest_or_selection_manifest,"[""17c85466b3f30e40e2d50c10f42ab13d71abf5931bfc25d5ba9f2eae6a71b598""]",outputs/peg/demos/expert_episodes.pt,4512ae3a7b0b651faa380351ff727cdabe85ec1b132fdec0ac5f3ec0c0fff17d,N/A,N/A,protected_final,"[""final""]","[""80170a6d88af32eca89839c0391aebb59eb22cf4afce2d0b0b2cc0b7ab8cbe7e""]",[79001],2,200,0,197,200,"{""acquired"":0,""aligned"":0,""inserted"":0,""lifted_clear"":0,""released"":0,""reoriented_upright"":0,""settled"":0}",{},"{""acquisition_failure"":200}","{""never_acquired"":200}",PASS_SCOPED_ACT_INTERFACE_AND_TRAINING_CORRECTIONS,COUNTS_AND_BANK_METADATA_CHECKED,PASS_COUNTS_IDENTITIES,PASS_OBSERVED_90_OF_100,93,100,outputs/act_comparability/peg/seed-2/development/act_epoch-1600.jsonl,NOT_PREDECLARED_FOR_THIS_RUN,MATCHED_EXPERT_COMPARISON,False,outputs/act_comparability/peg/seed-2/final/act_protocol-descriptive-20260911.jsonl,4afd0c2084bcee32d38f983b8b1c6edff12fe0183429a194bc8ae9bd8530df4f,1201,1400,,"[""experiments/act_comparability/AUDIT.md"",""outputs/act_comparability/peg/seed-2/final/summary_protocol-descriptive-20260911.jsonl"",""outputs/act_comparability/peg/seed-2/selection-20260911.json""]",[],,,EXISTING_RECORD_SHA256_COMPUTED_AT_CLOSEOUT,[],outputs/act_comparability/peg/seed-2/final/expert_protocol-descriptive-20260911.jsonl,PASS_RECORDED_INITIAL_CONDITIONS,0,0,"Only protected final series for this predeclared ACT replication seed and selected checkpoint. Seed is retained separately, never substituted for primary seed 0.",0,1.734723475976807e-18,0.018845326377266575,PASS_HASH_COUNTS_UNIQUE_EPISODE_KEYS_STAGE_AND_TERMINAL_COUNTS,SUBJECT_TO_COMPARISON_AND_RATE_SUPPORT,VERIFIED_PAIRED,"All episode keys, recorded initial object poses, evaluation seed, jitter, corruption, action noise and physical configuration match. Bank hash, logical initial-condition IDs and final-bank metadata also match.",S155_r2,200,Paired expert-minus-learner difference and episode-pair bootstrap permitted; separate Wilson binomial intervals,experiments/act_comparability/PROTOCOL.md
S123_r2.5,S123,peg,act:seed2:epoch1600,ACT,2,outputs/act_comparability/peg/seed-2/training/checkpoints/epoch-1600.pt,17c85466b3f30e40e2d50c10f42ab13d71abf5931bfc25d5ba9f2eae6a71b598,execution_digest_or_selection_manifest,"[""17c85466b3f30e40e2d50c10f42ab13d71abf5931bfc25d5ba9f2eae6a71b598""]",outputs/peg/demos/expert_episodes.pt,4512ae3a7b0b651faa380351ff727cdabe85ec1b132fdec0ac5f3ec0c0fff17d,N/A,N/A,protected_final,"[""final""]","[""431b44e40964e858b4e3ee6c0717c019203c6738a84b5e7f674d218bbe1f5b37""]",[80001],2.5,200,0,197,200,"{""acquired"":0,""aligned"":0,""inserted"":0,""lifted_clear"":0,""released"":0,""reoriented_upright"":0,""settled"":0}",{},"{""acquisition_failure"":200}","{""never_acquired"":200}",PASS_SCOPED_ACT_INTERFACE_AND_TRAINING_CORRECTIONS,COUNTS_AND_BANK_METADATA_CHECKED,PASS_COUNTS_IDENTITIES,PASS_OBSERVED_90_OF_100,93,100,outputs/act_comparability/peg/seed-2/development/act_epoch-1600.jsonl,NOT_PREDECLARED_FOR_THIS_RUN,MATCHED_EXPERT_COMPARISON,False,outputs/act_comparability/peg/seed-2/final/act_protocol-descriptive-20260911.jsonl,4afd0c2084bcee32d38f983b8b1c6edff12fe0183429a194bc8ae9bd8530df4f,1401,1600,,"[""experiments/act_comparability/AUDIT.md"",""outputs/act_comparability/peg/seed-2/final/summary_protocol-descriptive-20260911.jsonl"",""outputs/act_comparability/peg/seed-2/selection-20260911.json""]",[],,,EXISTING_RECORD_SHA256_COMPUTED_AT_CLOSEOUT,[],outputs/act_comparability/peg/seed-2/final/expert_protocol-descriptive-20260911.jsonl,PASS_RECORDED_INITIAL_CONDITIONS,0,0,"Only protected final series for this predeclared ACT replication seed and selected checkpoint. Seed is retained separately, never substituted for primary seed 0.",0,1.734723475976807e-18,0.018845326377266575,PASS_HASH_COUNTS_UNIQUE_EPISODE_KEYS_STAGE_AND_TERMINAL_COUNTS,SUBJECT_TO_COMPARISON_AND_RATE_SUPPORT,VERIFIED_PAIRED,"All episode keys, recorded initial object poses, evaluation seed, jitter, corruption, action noise and physical configuration match. Bank hash, logical initial-condition IDs and final-bank metadata also match.",S155_r2.5,200,Paired expert-minus-learner difference and episode-pair bootstrap permitted; separate Wilson binomial intervals,experiments/act_comparability/PROTOCOL.md
S144_r0.5,S144,upright,act:seed1:epoch1600,ACT,1,outputs/act_comparability/upright/seed-1/training/checkpoints/epoch-1600.pt,486c949951b139d7138e2aea427da5160382a4cf347439944054245353ff65b1,execution_digest_or_selection_manifest,"[""486c949951b139d7138e2aea427da5160382a4cf347439944054245353ff65b1""]",outputs/upright/demos/expert_episodes.pt,2959a476b294bbd63fe76a4a7ab4e64e1a87dfadd7e146b132559b953acfbb07,N/A,N/A,protected_final,"[""final""]","[""5bdd95631544534a6510a49e11da1731724d8e92ee8d8f20bc6f7c53717ce62b""]",[73001],0.5,200,105,194,200,"{""acquired"":176,""lifted_clear"":171,""placed"":108,""released"":105,""reoriented_upright"":143,""settled"":105}",{},"{""acquisition_failure"":24,""dropped_during_transport"":5,""none"":105,""placement_miss"":63,""timeout"":3}","{""drop_in_LOWER"":1,""drop_in_PLACE_DWELL"":4,""hand_contact_persisted"":3,""never_acquired"":24,""none"":105,""place_not_reached"":63}",PASS_SCOPED_ACT_INTERFACE_AND_TRAINING_CORRECTIONS,COUNTS_AND_BANK_METADATA_CHECKED,PASS_COUNTS_IDENTITIES,PASS_OBSERVED_90_OF_100,97,100,outputs/act_comparability/upright/seed-1/development/act_epoch-1600.jsonl,NOT_PREDECLARED_FOR_THIS_RUN,MATCHED_EXPERT_COMPARISON,False,outputs/act_comparability/upright/seed-1/final/act_protocol-descriptive-20260911.jsonl,394d985aee70448118bd8b0fe5ac5ec8fdb816e61745d9e0992a174d839c736c,1,200,,"[""experiments/act_comparability/AUDIT.md"",""outputs/act_comparability/upright/seed-1/final/summary_protocol-descriptive-20260911.jsonl"",""outputs/act_comparability/upright/seed-1/selection-20260911.json""]",[],,,EXISTING_RECORD_SHA256_COMPUTED_AT_CLOSEOUT,[],outputs/act_comparability/upright/seed-1/final/expert_protocol-descriptive-20260911.jsonl,PASS_RECORDED_INITIAL_CONDITIONS,0,0,"Only protected final series for this predeclared ACT replication seed and selected checkpoint. Seed is retained separately, never substituted for primary seed 0.",0.525,0.4559739601468475,0.5930837735342891,PASS_HASH_COUNTS_UNIQUE_EPISODE_KEYS_STAGE_AND_TERMINAL_COUNTS,SUBJECT_TO_COMPARISON_AND_RATE_SUPPORT,VERIFIED_PAIRED,"All episode keys, recorded initial object poses, evaluation seed, jitter, corruption, action noise and physical configuration match. Bank hash, logical initial-condition IDs and final-bank metadata also match.",S158_r0.5,200,Paired expert-minus-learner difference and episode-pair bootstrap permitted; separate Wilson binomial intervals,experiments/act_comparability/PROTOCOL.md
S144_r0.75,S144,upright,act:seed1:epoch1600,ACT,1,outputs/act_comparability/upright/seed-1/training/checkpoints/epoch-1600.pt,486c949951b139d7138e2aea427da5160382a4cf347439944054245353ff65b1,execution_digest_or_selection_manifest,"[""486c949951b139d7138e2aea427da5160382a4cf347439944054245353ff65b1""]",outputs/upright/demos/expert_episodes.pt,2959a476b294bbd63fe76a4a7ab4e64e1a87dfadd7e146b132559b953acfbb07,N/A,N/A,protected_final,"[""final""]","[""62c7911bf934c52a8bd330d0ad8073c435c548e96e4353484c413e64e669110e""]",[74001],0.75,200,179,194,200,"{""acquired"":196,""lifted_clear"":196,""placed"":181,""released"":181,""reoriented_upright"":184,""settled"":179}",{},"{""acquisition_failure"":4,""none"":179,""placement_miss"":15,""tipped_after_release"":2}","{""left_target_after_release"":2,""never_acquired"":4,""none"":179,""place_not_reached"":15}",PASS_SCOPED_ACT_INTERFACE_AND_TRAINING_CORRECTIONS,COUNTS_AND_BANK_METADATA_CHECKED,PASS_COUNTS_IDENTITIES,PASS_OBSERVED_90_OF_100,97,100,outputs/act_comparability/upright/seed-1/development/act_epoch-1600.jsonl,NOT_PREDECLARED_FOR_THIS_RUN,MATCHED_EXPERT_COMPARISON,False,outputs/act_comparability/upright/seed-1/final/act_protocol-descriptive-20260911.jsonl,394d985aee70448118bd8b0fe5ac5ec8fdb816e61745d9e0992a174d839c736c,201,400,,"[""experiments/act_comparability/AUDIT.md"",""outputs/act_comparability/upright/seed-1/final/summary_protocol-descriptive-20260911.jsonl"",""outputs/act_comparability/upright/seed-1/selection-20260911.json""]",[],,,EXISTING_RECORD_SHA256_COMPUTED_AT_CLOSEOUT,[],outputs/act_comparability/upright/seed-1/final/expert_protocol-descriptive-20260911.jsonl,PASS_RECORDED_INITIAL_CONDITIONS,0,0,"Only protected final series for this predeclared ACT replication seed and selected checkpoint. Seed is retained separately, never substituted for primary seed 0.",0.895,0.8448196800887696,0.9302925120731899,PASS_HASH_COUNTS_UNIQUE_EPISODE_KEYS_STAGE_AND_TERMINAL_COUNTS,SUBJECT_TO_COMPARISON_AND_RATE_SUPPORT,VERIFIED_PAIRED,"All episode keys, recorded initial object poses, evaluation seed, jitter, corruption, action noise and physical configuration match. Bank hash, logical initial-condition IDs and final-bank metadata also match.",S158_r0.75,200,Paired expert-minus-learner difference and episode-pair bootstrap permitted; separate Wilson binomial intervals,experiments/act_comparability/PROTOCOL.md
S144_r1,S144,upright,act:seed1:epoch1600,ACT,1,outputs/act_comparability/upright/seed-1/training/checkpoints/epoch-1600.pt,486c949951b139d7138e2aea427da5160382a4cf347439944054245353ff65b1,execution_digest_or_selection_manifest,"[""486c949951b139d7138e2aea427da5160382a4cf347439944054245353ff65b1""]",outputs/upright/demos/expert_episodes.pt,2959a476b294bbd63fe76a4a7ab4e64e1a87dfadd7e146b132559b953acfbb07,N/A,N/A,protected_final,"[""final""]","[""773c5b540cb396bae894da308a3e8345c8a308e7c38d3646a0e0286bb6f77890""]",[75001],1,200,194,194,200,"{""acquired"":199,""lifted_clear"":199,""placed"":195,""released"":195,""reoriented_upright"":197,""settled"":194}",{},"{""acquisition_failure"":1,""none"":194,""placement_miss"":4,""tipped_after_release"":1}","{""left_target_after_release"":1,""never_acquired"":1,""none"":194,""place_not_reached"":4}",PASS_SCOPED_ACT_INTERFACE_AND_TRAINING_CORRECTIONS,COUNTS_AND_BANK_METADATA_CHECKED,PASS_COUNTS_IDENTITIES,PASS_OBSERVED_90_OF_100,97,100,outputs/act_comparability/upright/seed-1/development/act_epoch-1600.jsonl,NOT_PREDECLARED_FOR_THIS_RUN,MATCHED_EXPERT_COMPARISON,False,outputs/act_comparability/upright/seed-1/final/act_protocol-descriptive-20260911.jsonl,394d985aee70448118bd8b0fe5ac5ec8fdb816e61745d9e0992a174d839c736c,401,600,,"[""experiments/act_comparability/AUDIT.md"",""outputs/act_comparability/upright/seed-1/final/summary_protocol-descriptive-20260911.jsonl"",""outputs/act_comparability/upright/seed-1/selection-20260911.json""]",[],,,EXISTING_RECORD_SHA256_COMPUTED_AT_CLOSEOUT,[],outputs/act_comparability/upright/seed-1/final/expert_protocol-descriptive-20260911.jsonl,PASS_RECORDED_INITIAL_CONDITIONS,0,0,"Only protected final series for this predeclared ACT replication seed and selected checkpoint. Seed is retained separately, never substituted for primary seed 0.",0.97,0.9361057075454807,0.9861796856598887,PASS_HASH_COUNTS_UNIQUE_EPISODE_KEYS_STAGE_AND_TERMINAL_COUNTS,SUBJECT_TO_COMPARISON_AND_RATE_SUPPORT,VERIFIED_PAIRED,"All episode keys, recorded initial object poses, evaluation seed, jitter, corruption, action noise and physical configuration match. Bank hash, logical initial-condition IDs and final-bank metadata also match.",S158_r1,200,Paired expert-minus-learner difference and episode-pair bootstrap permitted; separate Wilson binomial intervals,experiments/act_comparability/PROTOCOL.md
S144_r1.25,S144,upright,act:seed1:epoch1600,ACT,1,outputs/act_comparability/upright/seed-1/training/checkpoints/epoch-1600.pt,486c949951b139d7138e2aea427da5160382a4cf347439944054245353ff65b1,execution_digest_or_selection_manifest,"[""486c949951b139d7138e2aea427da5160382a4cf347439944054245353ff65b1""]",outputs/upright/demos/expert_episodes.pt,2959a476b294bbd63fe76a4a7ab4e64e1a87dfadd7e146b132559b953acfbb07,N/A,N/A,protected_final,"[""final""]","[""769c0c5299d8c1965d73974ebc4dc1b9865478ec19f2d5aefa44a1698fcdde73""]",[76001],1.25,200,200,194,200,"{""acquired"":200,""lifted_clear"":200,""placed"":200,""released"":200,""reoriented_upright"":200,""settled"":200}",{},"{""none"":200}","{""none"":200}",PASS_SCOPED_ACT_INTERFACE_AND_TRAINING_CORRECTIONS,COUNTS_AND_BANK_METADATA_CHECKED,PASS_COUNTS_IDENTITIES,PASS_OBSERVED_90_OF_100,97,100,outputs/act_comparability/upright/seed-1/development/act_epoch-1600.jsonl,NOT_PREDECLARED_FOR_THIS_RUN,MATCHED_EXPERT_COMPARISON,False,outputs/act_comparability/upright/seed-1/final/act_protocol-descriptive-20260911.jsonl,394d985aee70448118bd8b0fe5ac5ec8fdb816e61745d9e0992a174d839c736c,601,800,,"[""experiments/act_comparability/AUDIT.md"",""outputs/act_comparability/upright/seed-1/final/summary_protocol-descriptive-20260911.jsonl"",""outputs/act_comparability/upright/seed-1/selection-20260911.json""]",[],,,EXISTING_RECORD_SHA256_COMPUTED_AT_CLOSEOUT,[],outputs/act_comparability/upright/seed-1/final/expert_protocol-descriptive-20260911.jsonl,PASS_RECORDED_INITIAL_CONDITIONS,0,0,"Only protected final series for this predeclared ACT replication seed and selected checkpoint. Seed is retained separately, never substituted for primary seed 0.",1,0.9811546736227335,1,PASS_HASH_COUNTS_UNIQUE_EPISODE_KEYS_STAGE_AND_TERMINAL_COUNTS,SUBJECT_TO_COMPARISON_AND_RATE_SUPPORT,VERIFIED_PAIRED,"All episode keys, recorded initial object poses, evaluation seed, jitter, corruption, action noise and physical configuration match. Bank hash, logical initial-condition IDs and final-bank metadata also match.",S158_r1.25,200,Paired expert-minus-learner difference and episode-pair bootstrap permitted; separate Wilson binomial intervals,experiments/act_comparability/PROTOCOL.md
S144_r1.5,S144,upright,act:seed1:epoch1600,ACT,1,outputs/act_comparability/upright/seed-1/training/checkpoints/epoch-1600.pt,486c949951b139d7138e2aea427da5160382a4cf347439944054245353ff65b1,execution_digest_or_selection_manifest,"[""486c949951b139d7138e2aea427da5160382a4cf347439944054245353ff65b1""]",outputs/upright/demos/expert_episodes.pt,2959a476b294bbd63fe76a4a7ab4e64e1a87dfadd7e146b132559b953acfbb07,N/A,N/A,protected_final,"[""final""]","[""99d0f18b359ec6b1e6719c13e85be185725430242777bd0bac40efd09b2417e9""]",[77001],1.5,200,198,194,200,"{""acquired"":200,""lifted_clear"":200,""placed"":199,""released"":199,""reoriented_upright"":199,""settled"":198}",{},"{""none"":198,""placement_miss"":1,""tipped_after_release"":1}","{""final_tilt"":1,""none"":198,""place_not_reached"":1}",PASS_SCOPED_ACT_INTERFACE_AND_TRAINING_CORRECTIONS,COUNTS_AND_BANK_METADATA_CHECKED,PASS_COUNTS_IDENTITIES,PASS_OBSERVED_90_OF_100,97,100,outputs/act_comparability/upright/seed-1/development/act_epoch-1600.jsonl,NOT_PREDECLARED_FOR_THIS_RUN,MATCHED_EXPERT_COMPARISON,False,outputs/act_comparability/upright/seed-1/final/act_protocol-descriptive-20260911.jsonl,394d985aee70448118bd8b0fe5ac5ec8fdb816e61745d9e0992a174d839c736c,801,1000,,"[""experiments/act_comparability/AUDIT.md"",""outputs/act_comparability/upright/seed-1/final/summary_protocol-descriptive-20260911.jsonl"",""outputs/act_comparability/upright/seed-1/selection-20260911.json""]",[],,,EXISTING_RECORD_SHA256_COMPUTED_AT_CLOSEOUT,[],outputs/act_comparability/upright/seed-1/final/expert_protocol-descriptive-20260911.jsonl,PASS_RECORDED_INITIAL_CONDITIONS,0,0,"Only protected final series for this predeclared ACT replication seed and selected checkpoint. Seed is retained separately, never substituted for primary seed 0.",0.99,0.9642782382838231,0.9972533418664555,PASS_HASH_COUNTS_UNIQUE_EPISODE_KEYS_STAGE_AND_TERMINAL_COUNTS,SUBJECT_TO_COMPARISON_AND_RATE_SUPPORT,VERIFIED_PAIRED,"All episode keys, recorded initial object poses, evaluation seed, jitter, corruption, action noise and physical configuration match. Bank hash, logical initial-condition IDs and final-bank metadata also match.",S158_r1.5,200,Paired expert-minus-learner difference and episode-pair bootstrap permitted; separate Wilson binomial intervals,experiments/act_comparability/PROTOCOL.md
S144_r1.75,S144,upright,act:seed1:epoch1600,ACT,1,outputs/act_comparability/upright/seed-1/training/checkpoints/epoch-1600.pt,486c949951b139d7138e2aea427da5160382a4cf347439944054245353ff65b1,execution_digest_or_selection_manifest,"[""486c949951b139d7138e2aea427da5160382a4cf347439944054245353ff65b1""]",outputs/upright/demos/expert_episodes.pt,2959a476b294bbd63fe76a4a7ab4e64e1a87dfadd7e146b132559b953acfbb07,N/A,N/A,protected_final,"[""final""]","[""8cb85e15482868092b26c9ee46d971afe82a9df62c35e3b32d79f76066476970""]",[78001],1.75,200,199,194,200,"{""acquired"":200,""lifted_clear"":200,""placed"":199,""released"":199,""reoriented_upright"":200,""settled"":199}",{},"{""none"":199,""placement_miss"":1}","{""none"":199,""place_not_reached"":1}",PASS_SCOPED_ACT_INTERFACE_AND_TRAINING_CORRECTIONS,COUNTS_AND_BANK_METADATA_CHECKED,PASS_COUNTS_IDENTITIES,PASS_OBSERVED_90_OF_100,97,100,outputs/act_comparability/upright/seed-1/development/act_epoch-1600.jsonl,NOT_PREDECLARED_FOR_THIS_RUN,MATCHED_EXPERT_COMPARISON,False,outputs/act_comparability/upright/seed-1/final/act_protocol-descriptive-20260911.jsonl,394d985aee70448118bd8b0fe5ac5ec8fdb816e61745d9e0992a174d839c736c,1001,1200,,"[""experiments/act_comparability/AUDIT.md"",""outputs/act_comparability/upright/seed-1/final/summary_protocol-descriptive-20260911.jsonl"",""outputs/act_comparability/upright/seed-1/selection-20260911.json""]",[],,,EXISTING_RECORD_SHA256_COMPUTED_AT_CLOSEOUT,[],outputs/act_comparability/upright/seed-1/final/expert_protocol-descriptive-20260911.jsonl,PASS_RECORDED_INITIAL_CONDITIONS,0,0,"Only protected final series for this predeclared ACT replication seed and selected checkpoint. Seed is retained separately, never substituted for primary seed 0.",0.995,0.9722262956021069,0.9991168312843989,PASS_HASH_COUNTS_UNIQUE_EPISODE_KEYS_STAGE_AND_TERMINAL_COUNTS,SUBJECT_TO_COMPARISON_AND_RATE_SUPPORT,VERIFIED_PAIRED,"All episode keys, recorded initial object poses, evaluation seed, jitter, corruption, action noise and physical configuration match. Bank hash, logical initial-condition IDs and final-bank metadata also match.",S158_r1.75,200,Paired expert-minus-learner difference and episode-pair bootstrap permitted; separate Wilson binomial intervals,experiments/act_comparability/PROTOCOL.md
S144_r2,S144,upright,act:seed1:epoch1600,ACT,1,outputs/act_comparability/upright/seed-1/training/checkpoints/epoch-1600.pt,486c949951b139d7138e2aea427da5160382a4cf347439944054245353ff65b1,execution_digest_or_selection_manifest,"[""486c949951b139d7138e2aea427da5160382a4cf347439944054245353ff65b1""]",outputs/upright/demos/expert_episodes.pt,2959a476b294bbd63fe76a4a7ab4e64e1a87dfadd7e146b132559b953acfbb07,N/A,N/A,protected_final,"[""final""]","[""80170a6d88af32eca89839c0391aebb59eb22cf4afce2d0b0b2cc0b7ab8cbe7e""]",[79001],2,200,98,194,200,"{""acquired"":200,""lifted_clear"":200,""placed"":197,""released"":197,""reoriented_upright"":199,""settled"":98}",{},"{""dropped_during_transport"":3,""none"":98,""tipped_after_release"":99}","{""drop_in_LOWER"":1,""drop_in_REORIENT"":1,""drop_in_TRANSFER"":1,""final_tilt"":4,""left_target_after_release"":95,""none"":98}",PASS_SCOPED_ACT_INTERFACE_AND_TRAINING_CORRECTIONS,COUNTS_AND_BANK_METADATA_CHECKED,PASS_COUNTS_IDENTITIES,PASS_OBSERVED_90_OF_100,97,100,outputs/act_comparability/upright/seed-1/development/act_epoch-1600.jsonl,NOT_PREDECLARED_FOR_THIS_RUN,MATCHED_EXPERT_COMPARISON,False,outputs/act_comparability/upright/seed-1/final/act_protocol-descriptive-20260911.jsonl,394d985aee70448118bd8b0fe5ac5ec8fdb816e61745d9e0992a174d839c736c,1201,1400,,"[""experiments/act_comparability/AUDIT.md"",""outputs/act_comparability/upright/seed-1/final/summary_protocol-descriptive-20260911.jsonl"",""outputs/act_comparability/upright/seed-1/selection-20260911.json""]",[],,,EXISTING_RECORD_SHA256_COMPUTED_AT_CLOSEOUT,[],outputs/act_comparability/upright/seed-1/final/expert_protocol-descriptive-20260911.jsonl,PASS_RECORDED_INITIAL_CONDITIONS,0,0,"Only protected final series for this predeclared ACT replication seed and selected checkpoint. Seed is retained separately, never substituted for primary seed 0.",0.49,0.42156278331213176,0.5588141232154135,PASS_HASH_COUNTS_UNIQUE_EPISODE_KEYS_STAGE_AND_TERMINAL_COUNTS,SUBJECT_TO_COMPARISON_AND_RATE_SUPPORT,VERIFIED_PAIRED,"All episode keys, recorded initial object poses, evaluation seed, jitter, corruption, action noise and physical configuration match. Bank hash, logical initial-condition IDs and final-bank metadata also match.",S158_r2,200,Paired expert-minus-learner difference and episode-pair bootstrap permitted; separate Wilson binomial intervals,experiments/act_comparability/PROTOCOL.md
S144_r2.5,S144,upright,act:seed1:epoch1600,ACT,1,outputs/act_comparability/upright/seed-1/training/checkpoints/epoch-1600.pt,486c949951b139d7138e2aea427da5160382a4cf347439944054245353ff65b1,execution_digest_or_selection_manifest,"[""486c949951b139d7138e2aea427da5160382a4cf347439944054245353ff65b1""]",outputs/upright/demos/expert_episodes.pt,2959a476b294bbd63fe76a4a7ab4e64e1a87dfadd7e146b132559b953acfbb07,N/A,N/A,protected_final,"[""final""]","[""431b44e40964e858b4e3ee6c0717c019203c6738a84b5e7f674d218bbe1f5b37""]",[80001],2.5,200,0,194,200,"{""acquired"":0,""lifted_clear"":0,""placed"":0,""released"":0,""reoriented_upright"":0,""settled"":0}",{},"{""acquisition_failure"":200}","{""never_acquired"":200}",PASS_SCOPED_ACT_INTERFACE_AND_TRAINING_CORRECTIONS,COUNTS_AND_BANK_METADATA_CHECKED,PASS_COUNTS_IDENTITIES,PASS_OBSERVED_90_OF_100,97,100,outputs/act_comparability/upright/seed-1/development/act_epoch-1600.jsonl,NOT_PREDECLARED_FOR_THIS_RUN,MATCHED_EXPERT_COMPARISON,False,outputs/act_comparability/upright/seed-1/final/act_protocol-descriptive-20260911.jsonl,394d985aee70448118bd8b0fe5ac5ec8fdb816e61745d9e0992a174d839c736c,1401,1600,,"[""experiments/act_comparability/AUDIT.md"",""outputs/act_comparability/upright/seed-1/final/summary_protocol-descriptive-20260911.jsonl"",""outputs/act_comparability/upright/seed-1/selection-20260911.json""]",[],,,EXISTING_RECORD_SHA256_COMPUTED_AT_CLOSEOUT,[],outputs/act_comparability/upright/seed-1/final/expert_protocol-descriptive-20260911.jsonl,PASS_RECORDED_INITIAL_CONDITIONS,0,0,"Only protected final series for this predeclared ACT replication seed and selected checkpoint. Seed is retained separately, never substituted for primary seed 0.",0,1.734723475976807e-18,0.018845326377266575,PASS_HASH_COUNTS_UNIQUE_EPISODE_KEYS_STAGE_AND_TERMINAL_COUNTS,SUBJECT_TO_COMPARISON_AND_RATE_SUPPORT,VERIFIED_PAIRED,"All episode keys, recorded initial object poses, evaluation seed, jitter, corruption, action noise and physical configuration match. Bank hash, logical initial-condition IDs and final-bank metadata also match.",S158_r2.5,200,Paired expert-minus-learner difference and episode-pair bootstrap permitted; separate Wilson binomial intervals,experiments/act_comparability/PROTOCOL.md
S151_r0.5,S151,upright,act:seed2:epoch1300,ACT,2,outputs/act_comparability/upright/seed-2/training/checkpoints/epoch-1300.pt,7314bc7bc23242866362e37085bf8cd54579315ad27e9805ff3b34b3e217049a,execution_digest_or_selection_manifest,"[""7314bc7bc23242866362e37085bf8cd54579315ad27e9805ff3b34b3e217049a""]",outputs/upright/demos/expert_episodes.pt,2959a476b294bbd63fe76a4a7ab4e64e1a87dfadd7e146b132559b953acfbb07,N/A,N/A,protected_final,"[""final""]","[""5bdd95631544534a6510a49e11da1731724d8e92ee8d8f20bc6f7c53717ce62b""]",[73001],0.5,200,157,182,200,"{""acquired"":197,""lifted_clear"":197,""placed"":157,""released"":157,""reoriented_upright"":159,""settled"":157}",{},"{""acquisition_failure"":3,""dropped_during_transport"":38,""none"":157,""placement_miss"":2}","{""drop_in_LIFT"":17,""drop_in_LOWER"":4,""drop_in_PLACE_DWELL"":17,""never_acquired"":3,""none"":157,""place_not_reached"":2}",PASS_SCOPED_ACT_INTERFACE_AND_TRAINING_CORRECTIONS,COUNTS_AND_BANK_METADATA_CHECKED,PASS_COUNTS_IDENTITIES,FAIL_90_OF_100,85,100,outputs/act_comparability/upright/seed-2/development/act_epoch-1300.jsonl,NOT_PREDECLARED_FOR_THIS_RUN,UNMATCHED_SPEED_EVALUATION,False,outputs/act_comparability/upright/seed-2/final/act_protocol-descriptive-20260911.jsonl,a5e42ceecde971367cefdc940ba68768830a3b2788082aa8ba423925e6e6f97a,1,200,,"[""experiments/act_comparability/AUDIT.md"",""outputs/act_comparability/upright/seed-2/final/summary_protocol-descriptive-20260911.jsonl"",""outputs/act_comparability/upright/seed-2/selection-20260911.json""]",[],,,EXISTING_RECORD_SHA256_COMPUTED_AT_CLOSEOUT,[],outputs/act_comparability/upright/seed-2/final/expert_protocol-descriptive-20260911.jsonl,PASS_RECORDED_INITIAL_CONDITIONS,0,0,"Only protected final series for this predeclared ACT replication seed and selected checkpoint. Seed is retained separately, never substituted for primary seed 0.",0.785,0.7229769265100339,0.8362812374549242,PASS_HASH_COUNTS_UNIQUE_EPISODE_KEYS_STAGE_AND_TERMINAL_COUNTS,SUBJECT_TO_COMPARISON_AND_RATE_SUPPORT,VERIFIED_PAIRED,"All episode keys, recorded initial object poses, evaluation seed, jitter, corruption, action noise and physical configuration match. Bank hash, logical initial-condition IDs and final-bank metadata also match.",S158_r0.5,200,Paired expert-minus-learner difference and episode-pair bootstrap permitted; separate Wilson binomial intervals,experiments/act_comparability/PROTOCOL.md
S151_r0.75,S151,upright,act:seed2:epoch1300,ACT,2,outputs/act_comparability/upright/seed-2/training/checkpoints/epoch-1300.pt,7314bc7bc23242866362e37085bf8cd54579315ad27e9805ff3b34b3e217049a,execution_digest_or_selection_manifest,"[""7314bc7bc23242866362e37085bf8cd54579315ad27e9805ff3b34b3e217049a""]",outputs/upright/demos/expert_episodes.pt,2959a476b294bbd63fe76a4a7ab4e64e1a87dfadd7e146b132559b953acfbb07,N/A,N/A,protected_final,"[""final""]","[""62c7911bf934c52a8bd330d0ad8073c435c548e96e4353484c413e64e669110e""]",[74001],0.75,200,153,182,200,"{""acquired"":200,""lifted_clear"":200,""placed"":154,""released"":154,""reoriented_upright"":156,""settled"":153}",{},"{""dropped_during_transport"":38,""none"":153,""placement_miss"":8,""tipped_after_release"":1}","{""drop_in_REORIENT"":38,""final_tilt"":1,""none"":153,""place_not_reached"":8}",PASS_SCOPED_ACT_INTERFACE_AND_TRAINING_CORRECTIONS,COUNTS_AND_BANK_METADATA_CHECKED,PASS_COUNTS_IDENTITIES,FAIL_90_OF_100,85,100,outputs/act_comparability/upright/seed-2/development/act_epoch-1300.jsonl,NOT_PREDECLARED_FOR_THIS_RUN,UNMATCHED_SPEED_EVALUATION,False,outputs/act_comparability/upright/seed-2/final/act_protocol-descriptive-20260911.jsonl,a5e42ceecde971367cefdc940ba68768830a3b2788082aa8ba423925e6e6f97a,201,400,,"[""experiments/act_comparability/AUDIT.md"",""outputs/act_comparability/upright/seed-2/final/summary_protocol-descriptive-20260911.jsonl"",""outputs/act_comparability/upright/seed-2/selection-20260911.json""]",[],,,EXISTING_RECORD_SHA256_COMPUTED_AT_CLOSEOUT,[],outputs/act_comparability/upright/seed-2/final/expert_protocol-descriptive-20260911.jsonl,PASS_RECORDED_INITIAL_CONDITIONS,0,0,"Only protected final series for this predeclared ACT replication seed and selected checkpoint. Seed is retained separately, never substituted for primary seed 0.",0.765,0.7015863111723746,0.8184256658476741,PASS_HASH_COUNTS_UNIQUE_EPISODE_KEYS_STAGE_AND_TERMINAL_COUNTS,SUBJECT_TO_COMPARISON_AND_RATE_SUPPORT,VERIFIED_PAIRED,"All episode keys, recorded initial object poses, evaluation seed, jitter, corruption, action noise and physical configuration match. Bank hash, logical initial-condition IDs and final-bank metadata also match.",S158_r0.75,200,Paired expert-minus-learner difference and episode-pair bootstrap permitted; separate Wilson binomial intervals,experiments/act_comparability/PROTOCOL.md
S151_r1,S151,upright,act:seed2:epoch1300,ACT,2,outputs/act_comparability/upright/seed-2/training/checkpoints/epoch-1300.pt,7314bc7bc23242866362e37085bf8cd54579315ad27e9805ff3b34b3e217049a,execution_digest_or_selection_manifest,"[""7314bc7bc23242866362e37085bf8cd54579315ad27e9805ff3b34b3e217049a""]",outputs/upright/demos/expert_episodes.pt,2959a476b294bbd63fe76a4a7ab4e64e1a87dfadd7e146b132559b953acfbb07,N/A,N/A,protected_final,"[""final""]","[""773c5b540cb396bae894da308a3e8345c8a308e7c38d3646a0e0286bb6f77890""]",[75001],1,200,182,182,200,"{""acquired"":200,""lifted_clear"":200,""placed"":186,""released"":184,""reoriented_upright"":191,""settled"":182}",{},"{""dropped_during_transport"":12,""none"":182,""placement_miss"":2,""timeout"":2,""tipped_after_release"":2}","{""drop_in_TRANSFER"":12,""final_tilt"":2,""hand_contact_persisted"":2,""none"":182,""place_not_reached"":2}",PASS_SCOPED_ACT_INTERFACE_AND_TRAINING_CORRECTIONS,COUNTS_AND_BANK_METADATA_CHECKED,PASS_COUNTS_IDENTITIES,FAIL_90_OF_100,85,100,outputs/act_comparability/upright/seed-2/development/act_epoch-1300.jsonl,NOT_PREDECLARED_FOR_THIS_RUN,UNMATCHED_SPEED_EVALUATION,False,outputs/act_comparability/upright/seed-2/final/act_protocol-descriptive-20260911.jsonl,a5e42ceecde971367cefdc940ba68768830a3b2788082aa8ba423925e6e6f97a,401,600,,"[""experiments/act_comparability/AUDIT.md"",""outputs/act_comparability/upright/seed-2/final/summary_protocol-descriptive-20260911.jsonl"",""outputs/act_comparability/upright/seed-2/selection-20260911.json""]",[],,,EXISTING_RECORD_SHA256_COMPUTED_AT_CLOSEOUT,[],outputs/act_comparability/upright/seed-2/final/expert_protocol-descriptive-20260911.jsonl,PASS_RECORDED_INITIAL_CONDITIONS,0,0,"Only protected final series for this predeclared ACT replication seed and selected checkpoint. Seed is retained separately, never substituted for primary seed 0.",0.91,0.8622342812328346,0.9423125511378069,PASS_HASH_COUNTS_UNIQUE_EPISODE_KEYS_STAGE_AND_TERMINAL_COUNTS,SUBJECT_TO_COMPARISON_AND_RATE_SUPPORT,VERIFIED_PAIRED,"All episode keys, recorded initial object poses, evaluation seed, jitter, corruption, action noise and physical configuration match. Bank hash, logical initial-condition IDs and final-bank metadata also match.",S158_r1,200,Paired expert-minus-learner difference and episode-pair bootstrap permitted; separate Wilson binomial intervals,experiments/act_comparability/PROTOCOL.md
S151_r1.25,S151,upright,act:seed2:epoch1300,ACT,2,outputs/act_comparability/upright/seed-2/training/checkpoints/epoch-1300.pt,7314bc7bc23242866362e37085bf8cd54579315ad27e9805ff3b34b3e217049a,execution_digest_or_selection_manifest,"[""7314bc7bc23242866362e37085bf8cd54579315ad27e9805ff3b34b3e217049a""]",outputs/upright/demos/expert_episodes.pt,2959a476b294bbd63fe76a4a7ab4e64e1a87dfadd7e146b132559b953acfbb07,N/A,N/A,protected_final,"[""final""]","[""769c0c5299d8c1965d73974ebc4dc1b9865478ec19f2d5aefa44a1698fcdde73""]",[76001],1.25,200,173,182,200,"{""acquired"":200,""lifted_clear"":200,""placed"":200,""released"":196,""reoriented_upright"":200,""settled"":173}",{},"{""none"":173,""timeout"":15,""tipped_after_release"":12}","{""final_tilt"":12,""hand_contact_persisted"":4,""none"":173,""not_settled"":11}",PASS_SCOPED_ACT_INTERFACE_AND_TRAINING_CORRECTIONS,COUNTS_AND_BANK_METADATA_CHECKED,PASS_COUNTS_IDENTITIES,FAIL_90_OF_100,85,100,outputs/act_comparability/upright/seed-2/development/act_epoch-1300.jsonl,NOT_PREDECLARED_FOR_THIS_RUN,UNMATCHED_SPEED_EVALUATION,False,outputs/act_comparability/upright/seed-2/final/act_protocol-descriptive-20260911.jsonl,a5e42ceecde971367cefdc940ba68768830a3b2788082aa8ba423925e6e6f97a,601,800,,"[""experiments/act_comparability/AUDIT.md"",""outputs/act_comparability/upright/seed-2/final/summary_protocol-descriptive-20260911.jsonl"",""outputs/act_comparability/upright/seed-2/selection-20260911.json""]",[],,,EXISTING_RECORD_SHA256_COMPUTED_AT_CLOSEOUT,[],outputs/act_comparability/upright/seed-2/final/expert_protocol-descriptive-20260911.jsonl,PASS_RECORDED_INITIAL_CONDITIONS,0,0,"Only protected final series for this predeclared ACT replication seed and selected checkpoint. Seed is retained separately, never substituted for primary seed 0.",0.865,0.8107086162924745,0.9055342954521209,PASS_HASH_COUNTS_UNIQUE_EPISODE_KEYS_STAGE_AND_TERMINAL_COUNTS,SUBJECT_TO_COMPARISON_AND_RATE_SUPPORT,VERIFIED_PAIRED,"All episode keys, recorded initial object poses, evaluation seed, jitter, corruption, action noise and physical configuration match. Bank hash, logical initial-condition IDs and final-bank metadata also match.",S158_r1.25,200,Paired expert-minus-learner difference and episode-pair bootstrap permitted; separate Wilson binomial intervals,experiments/act_comparability/PROTOCOL.md
S151_r1.5,S151,upright,act:seed2:epoch1300,ACT,2,outputs/act_comparability/upright/seed-2/training/checkpoints/epoch-1300.pt,7314bc7bc23242866362e37085bf8cd54579315ad27e9805ff3b34b3e217049a,execution_digest_or_selection_manifest,"[""7314bc7bc23242866362e37085bf8cd54579315ad27e9805ff3b34b3e217049a""]",outputs/upright/demos/expert_episodes.pt,2959a476b294bbd63fe76a4a7ab4e64e1a87dfadd7e146b132559b953acfbb07,N/A,N/A,protected_final,"[""final""]","[""99d0f18b359ec6b1e6719c13e85be185725430242777bd0bac40efd09b2417e9""]",[77001],1.5,200,177,182,200,"{""acquired"":200,""lifted_clear"":200,""placed"":194,""released"":194,""reoriented_upright"":200,""settled"":177}",{},"{""dropped_during_transport"":5,""none"":177,""placement_miss"":1,""tipped_after_release"":17}","{""drop_in_LOWER"":3,""drop_in_TRANSFER"":2,""final_tilt"":16,""left_target_after_release"":1,""none"":177,""place_not_reached"":1}",PASS_SCOPED_ACT_INTERFACE_AND_TRAINING_CORRECTIONS,COUNTS_AND_BANK_METADATA_CHECKED,PASS_COUNTS_IDENTITIES,FAIL_90_OF_100,85,100,outputs/act_comparability/upright/seed-2/development/act_epoch-1300.jsonl,NOT_PREDECLARED_FOR_THIS_RUN,UNMATCHED_SPEED_EVALUATION,False,outputs/act_comparability/upright/seed-2/final/act_protocol-descriptive-20260911.jsonl,a5e42ceecde971367cefdc940ba68768830a3b2788082aa8ba423925e6e6f97a,801,1000,,"[""experiments/act_comparability/AUDIT.md"",""outputs/act_comparability/upright/seed-2/final/summary_protocol-descriptive-20260911.jsonl"",""outputs/act_comparability/upright/seed-2/selection-20260911.json""]",[],,,EXISTING_RECORD_SHA256_COMPUTED_AT_CLOSEOUT,[],outputs/act_comparability/upright/seed-2/final/expert_protocol-descriptive-20260911.jsonl,PASS_RECORDED_INITIAL_CONDITIONS,0,0,"Only protected final series for this predeclared ACT replication seed and selected checkpoint. Seed is retained separately, never substituted for primary seed 0.",0.885,0.8333528310151243,0.9221362676743804,PASS_HASH_COUNTS_UNIQUE_EPISODE_KEYS_STAGE_AND_TERMINAL_COUNTS,SUBJECT_TO_COMPARISON_AND_RATE_SUPPORT,VERIFIED_PAIRED,"All episode keys, recorded initial object poses, evaluation seed, jitter, corruption, action noise and physical configuration match. Bank hash, logical initial-condition IDs and final-bank metadata also match.",S158_r1.5,200,Paired expert-minus-learner difference and episode-pair bootstrap permitted; separate Wilson binomial intervals,experiments/act_comparability/PROTOCOL.md
S151_r1.75,S151,upright,act:seed2:epoch1300,ACT,2,outputs/act_comparability/upright/seed-2/training/checkpoints/epoch-1300.pt,7314bc7bc23242866362e37085bf8cd54579315ad27e9805ff3b34b3e217049a,execution_digest_or_selection_manifest,"[""7314bc7bc23242866362e37085bf8cd54579315ad27e9805ff3b34b3e217049a""]",outputs/upright/demos/expert_episodes.pt,2959a476b294bbd63fe76a4a7ab4e64e1a87dfadd7e146b132559b953acfbb07,N/A,N/A,protected_final,"[""final""]","[""8cb85e15482868092b26c9ee46d971afe82a9df62c35e3b32d79f76066476970""]",[78001],1.75,200,161,182,200,"{""acquired"":200,""lifted_clear"":200,""placed"":179,""released"":176,""reoriented_upright"":199,""settled"":161}",{},"{""dropped_during_transport"":21,""none"":161,""timeout"":5,""tipped_after_release"":13}","{""drop_in_LOWER"":1,""drop_in_REORIENT"":2,""drop_in_TRANSFER"":18,""final_tilt"":12,""hand_contact_persisted"":3,""left_target_after_release"":1,""none"":161,""not_settled"":2}",PASS_SCOPED_ACT_INTERFACE_AND_TRAINING_CORRECTIONS,COUNTS_AND_BANK_METADATA_CHECKED,PASS_COUNTS_IDENTITIES,FAIL_90_OF_100,85,100,outputs/act_comparability/upright/seed-2/development/act_epoch-1300.jsonl,NOT_PREDECLARED_FOR_THIS_RUN,UNMATCHED_SPEED_EVALUATION,False,outputs/act_comparability/upright/seed-2/final/act_protocol-descriptive-20260911.jsonl,a5e42ceecde971367cefdc940ba68768830a3b2788082aa8ba423925e6e6f97a,1001,1200,,"[""experiments/act_comparability/AUDIT.md"",""outputs/act_comparability/upright/seed-2/final/summary_protocol-descriptive-20260911.jsonl"",""outputs/act_comparability/upright/seed-2/selection-20260911.json""]",[],,,EXISTING_RECORD_SHA256_COMPUTED_AT_CLOSEOUT,[],outputs/act_comparability/upright/seed-2/final/expert_protocol-descriptive-20260911.jsonl,PASS_RECORDED_INITIAL_CONDITIONS,0,0,"Only protected final series for this predeclared ACT replication seed and selected checkpoint. Seed is retained separately, never substituted for primary seed 0.",0.805,0.7445595562538726,0.8539447946559949,PASS_HASH_COUNTS_UNIQUE_EPISODE_KEYS_STAGE_AND_TERMINAL_COUNTS,SUBJECT_TO_COMPARISON_AND_RATE_SUPPORT,VERIFIED_PAIRED,"All episode keys, recorded initial object poses, evaluation seed, jitter, corruption, action noise and physical configuration match. Bank hash, logical initial-condition IDs and final-bank metadata also match.",S158_r1.75,200,Paired expert-minus-learner difference and episode-pair bootstrap permitted; separate Wilson binomial intervals,experiments/act_comparability/PROTOCOL.md
S151_r2,S151,upright,act:seed2:epoch1300,ACT,2,outputs/act_comparability/upright/seed-2/training/checkpoints/epoch-1300.pt,7314bc7bc23242866362e37085bf8cd54579315ad27e9805ff3b34b3e217049a,execution_digest_or_selection_manifest,"[""7314bc7bc23242866362e37085bf8cd54579315ad27e9805ff3b34b3e217049a""]",outputs/upright/demos/expert_episodes.pt,2959a476b294bbd63fe76a4a7ab4e64e1a87dfadd7e146b132559b953acfbb07,N/A,N/A,protected_final,"[""final""]","[""80170a6d88af32eca89839c0391aebb59eb22cf4afce2d0b0b2cc0b7ab8cbe7e""]",[79001],2,200,68,182,200,"{""acquired"":200,""lifted_clear"":200,""placed"":190,""released"":189,""reoriented_upright"":200,""settled"":68}",{},"{""dropped_during_transport"":10,""none"":68,""timeout"":6,""tipped_after_release"":116}","{""drop_in_TRANSFER"":10,""final_tilt"":20,""hand_contact_persisted"":1,""left_target_after_release"":96,""none"":68,""not_settled"":5}",PASS_SCOPED_ACT_INTERFACE_AND_TRAINING_CORRECTIONS,COUNTS_AND_BANK_METADATA_CHECKED,PASS_COUNTS_IDENTITIES,FAIL_90_OF_100,85,100,outputs/act_comparability/upright/seed-2/development/act_epoch-1300.jsonl,NOT_PREDECLARED_FOR_THIS_RUN,UNMATCHED_SPEED_EVALUATION,False,outputs/act_comparability/upright/seed-2/final/act_protocol-descriptive-20260911.jsonl,a5e42ceecde971367cefdc940ba68768830a3b2788082aa8ba423925e6e6f97a,1201,1400,,"[""experiments/act_comparability/AUDIT.md"",""outputs/act_comparability/upright/seed-2/final/summary_protocol-descriptive-20260911.jsonl"",""outputs/act_comparability/upright/seed-2/selection-20260911.json""]",[],,,EXISTING_RECORD_SHA256_COMPUTED_AT_CLOSEOUT,[],outputs/act_comparability/upright/seed-2/final/expert_protocol-descriptive-20260911.jsonl,PASS_RECORDED_INITIAL_CONDITIONS,0,0,"Only protected final series for this predeclared ACT replication seed and selected checkpoint. Seed is retained separately, never substituted for primary seed 0.",0.34,0.27791545970908793,0.4081150447316374,PASS_HASH_COUNTS_UNIQUE_EPISODE_KEYS_STAGE_AND_TERMINAL_COUNTS,SUBJECT_TO_COMPARISON_AND_RATE_SUPPORT,VERIFIED_PAIRED,"All episode keys, recorded initial object poses, evaluation seed, jitter, corruption, action noise and physical configuration match. Bank hash, logical initial-condition IDs and final-bank metadata also match.",S158_r2,200,Paired expert-minus-learner difference and episode-pair bootstrap permitted; separate Wilson binomial intervals,experiments/act_comparability/PROTOCOL.md
S151_r2.5,S151,upright,act:seed2:epoch1300,ACT,2,outputs/act_comparability/upright/seed-2/training/checkpoints/epoch-1300.pt,7314bc7bc23242866362e37085bf8cd54579315ad27e9805ff3b34b3e217049a,execution_digest_or_selection_manifest,"[""7314bc7bc23242866362e37085bf8cd54579315ad27e9805ff3b34b3e217049a""]",outputs/upright/demos/expert_episodes.pt,2959a476b294bbd63fe76a4a7ab4e64e1a87dfadd7e146b132559b953acfbb07,N/A,N/A,protected_final,"[""final""]","[""431b44e40964e858b4e3ee6c0717c019203c6738a84b5e7f674d218bbe1f5b37""]",[80001],2.5,200,0,182,200,"{""acquired"":0,""lifted_clear"":0,""placed"":0,""released"":0,""reoriented_upright"":0,""settled"":0}",{},"{""acquisition_failure"":200}","{""never_acquired"":200}",PASS_SCOPED_ACT_INTERFACE_AND_TRAINING_CORRECTIONS,COUNTS_AND_BANK_METADATA_CHECKED,PASS_COUNTS_IDENTITIES,FAIL_90_OF_100,85,100,outputs/act_comparability/upright/seed-2/development/act_epoch-1300.jsonl,NOT_PREDECLARED_FOR_THIS_RUN,UNMATCHED_SPEED_EVALUATION,False,outputs/act_comparability/upright/seed-2/final/act_protocol-descriptive-20260911.jsonl,a5e42ceecde971367cefdc940ba68768830a3b2788082aa8ba423925e6e6f97a,1401,1600,,"[""experiments/act_comparability/AUDIT.md"",""outputs/act_comparability/upright/seed-2/final/summary_protocol-descriptive-20260911.jsonl"",""outputs/act_comparability/upright/seed-2/selection-20260911.json""]",[],,,EXISTING_RECORD_SHA256_COMPUTED_AT_CLOSEOUT,[],outputs/act_comparability/upright/seed-2/final/expert_protocol-descriptive-20260911.jsonl,PASS_RECORDED_INITIAL_CONDITIONS,0,0,"Only protected final series for this predeclared ACT replication seed and selected checkpoint. Seed is retained separately, never substituted for primary seed 0.",0,1.734723475976807e-18,0.018845326377266575,PASS_HASH_COUNTS_UNIQUE_EPISODE_KEYS_STAGE_AND_TERMINAL_COUNTS,SUBJECT_TO_COMPARISON_AND_RATE_SUPPORT,VERIFIED_PAIRED,"All episode keys, recorded initial object poses, evaluation seed, jitter, corruption, action noise and physical configuration match. Bank hash, logical initial-condition IDs and final-bank metadata also match.",S158_r2.5,200,Paired expert-minus-learner difference and episode-pair bootstrap permitted; separate Wilson binomial intervals,experiments/act_comparability/PROTOCOL.md
S153_r0.5,S153,peg,act:seed0:epoch1400,ACT,0,outputs/act_comparability/peg/seed-0/training/checkpoints/epoch-1400.pt,c9c1e8cd08dae4d5501dbbeceae933e69e2037633f31007e4257914d346a911d,execution_digest_or_selection_manifest,"[""c9c1e8cd08dae4d5501dbbeceae933e69e2037633f31007e4257914d346a911d""]",outputs/peg/demos/expert_episodes.pt,4512ae3a7b0b651faa380351ff727cdabe85ec1b132fdec0ac5f3ec0c0fff17d,N/A,N/A,protected_final,"[""final""]","[""5bdd95631544534a6510a49e11da1731724d8e92ee8d8f20bc6f7c53717ce62b""]",[73001],0.5,200,166,191,200,"{""acquired"":199,""aligned"":167,""inserted"":166,""lifted_clear"":198,""released"":166,""reoriented_upright"":172,""settled"":166}",{},"{""acquisition_failure"":1,""alignment_failure"":1,""dropped_during_transport"":15,""insertion_jam"":17,""none"":166}","{""drop_in_LIFT"":11,""drop_in_REORIENT"":3,""drop_in_TRANSFER"":1,""never_acquired"":1,""none"":166,""pocket_not_reached"":1,""sustained_pocket_contact"":17}",PASS_SCOPED_ACT_INTERFACE_AND_TRAINING_CORRECTIONS,PASS,PASS_COUNTS_IDENTITIES,PASS_OBSERVED_90_OF_100,93,100,outputs/act_comparability/peg/seed-0/development-provenance/act_epoch-1400.jsonl,NOT_PREDECLARED_FOR_THIS_RUN,MATCHED_EXPERT_COMPARISON,False,outputs/iclr_dp_three_task_20260919/raw/final/peg/act_protocol-1.jsonl,fda3baafafb259c02ed143d98e8707bd52be525b74c480af5c10023662968427,1,200,,"[""experiments/act_comparability/AUDIT.md"",""outputs/act_comparability/peg/seed-0/selection-20260911.json"",""outputs/iclr_dagger_three_task/analysis/validation.json"",""outputs/iclr_dp_three_task_20260919/README.md"",""outputs/iclr_dp_three_task_20260919/analysis/validation.json"",""outputs/iclr_dp_three_task_20260919/raw/final/peg/summary_protocol-1.jsonl""]",[],,outputs/act_comparability/peg/seed-0/final/act_protocol-descriptive-20260911.jsonl,VERIFIED_PREEXISTING_MANIFEST,"[""outputs/iclr_dagger_three_task/SHA256SUMS"",""outputs/iclr_dp_three_task_20260919/SHA256SUMS""]",outputs/iclr_dp_three_task_20260919/raw/final/peg/expert_protocol-1.jsonl,PASS_RECORDED_INITIAL_CONDITIONS,0,0,Protected final records bound to the declared bank and selected checkpoints in the checksum-frozen three-actor snapshot. Overlapping original ACT/expert final runs are retained only as exclusions. Snapshot provenance resolves the equal-N tie; success is not a selection criterion.,0.83,0.7718411637168737,0.8757209208741302,PASS_HASH_COUNTS_UNIQUE_EPISODE_KEYS_STAGE_AND_TERMINAL_COUNTS,SUBJECT_TO_COMPARISON_AND_RATE_SUPPORT,VERIFIED_PAIRED,"All episode keys, recorded initial object poses, evaluation seed, jitter, corruption, action noise and physical configuration match. Bank hash, logical initial-condition IDs and final-bank metadata also match.",S155_r0.5,200,Paired expert-minus-learner difference and episode-pair bootstrap permitted; separate Wilson binomial intervals,outputs/iclr_dp_three_task_20260919/raw/provenance/PROTOCOL.md
S153_r0.75,S153,peg,act:seed0:epoch1400,ACT,0,outputs/act_comparability/peg/seed-0/training/checkpoints/epoch-1400.pt,c9c1e8cd08dae4d5501dbbeceae933e69e2037633f31007e4257914d346a911d,execution_digest_or_selection_manifest,"[""c9c1e8cd08dae4d5501dbbeceae933e69e2037633f31007e4257914d346a911d""]",outputs/peg/demos/expert_episodes.pt,4512ae3a7b0b651faa380351ff727cdabe85ec1b132fdec0ac5f3ec0c0fff17d,N/A,N/A,protected_final,"[""final""]","[""62c7911bf934c52a8bd330d0ad8073c435c548e96e4353484c413e64e669110e""]",[74001],0.75,200,171,191,200,"{""acquired"":196,""aligned"":173,""inserted"":171,""lifted_clear"":189,""released"":171,""reoriented_upright"":175,""settled"":171}",{},"{""acquisition_failure"":4,""dropped_during_transport"":18,""insertion_jam"":7,""none"":171}","{""drop_in_LIFT"":12,""drop_in_REORIENT"":6,""never_acquired"":4,""none"":171,""sustained_pocket_contact"":7}",PASS_SCOPED_ACT_INTERFACE_AND_TRAINING_CORRECTIONS,PASS,PASS_COUNTS_IDENTITIES,PASS_OBSERVED_90_OF_100,93,100,outputs/act_comparability/peg/seed-0/development-provenance/act_epoch-1400.jsonl,NOT_PREDECLARED_FOR_THIS_RUN,MATCHED_EXPERT_COMPARISON,False,outputs/iclr_dp_three_task_20260919/raw/final/peg/act_protocol-1.jsonl,fda3baafafb259c02ed143d98e8707bd52be525b74c480af5c10023662968427,201,400,,"[""experiments/act_comparability/AUDIT.md"",""outputs/act_comparability/peg/seed-0/selection-20260911.json"",""outputs/iclr_dagger_three_task/analysis/validation.json"",""outputs/iclr_dp_three_task_20260919/README.md"",""outputs/iclr_dp_three_task_20260919/analysis/validation.json"",""outputs/iclr_dp_three_task_20260919/raw/final/peg/summary_protocol-1.jsonl""]",[],,outputs/act_comparability/peg/seed-0/final/act_protocol-descriptive-20260911.jsonl,VERIFIED_PREEXISTING_MANIFEST,"[""outputs/iclr_dagger_three_task/SHA256SUMS"",""outputs/iclr_dp_three_task_20260919/SHA256SUMS""]",outputs/iclr_dp_three_task_20260919/raw/final/peg/expert_protocol-1.jsonl,PASS_RECORDED_INITIAL_CONDITIONS,0,0,Protected final records bound to the declared bank and selected checkpoints in the checksum-frozen three-actor snapshot. Overlapping original ACT/expert final runs are retained only as exclusions. Snapshot provenance resolves the equal-N tie; success is not a selection criterion.,0.855,0.7995133246921847,0.8971064935799559,PASS_HASH_COUNTS_UNIQUE_EPISODE_KEYS_STAGE_AND_TERMINAL_COUNTS,SUBJECT_TO_COMPARISON_AND_RATE_SUPPORT,VERIFIED_PAIRED,"All episode keys, recorded initial object poses, evaluation seed, jitter, corruption, action noise and physical configuration match. Bank hash, logical initial-condition IDs and final-bank metadata also match.",S155_r0.75,200,Paired expert-minus-learner difference and episode-pair bootstrap permitted; separate Wilson binomial intervals,outputs/iclr_dp_three_task_20260919/raw/provenance/PROTOCOL.md
S153_r1,S153,peg,act:seed0:epoch1400,ACT,0,outputs/act_comparability/peg/seed-0/training/checkpoints/epoch-1400.pt,c9c1e8cd08dae4d5501dbbeceae933e69e2037633f31007e4257914d346a911d,execution_digest_or_selection_manifest,"[""c9c1e8cd08dae4d5501dbbeceae933e69e2037633f31007e4257914d346a911d""]",outputs/peg/demos/expert_episodes.pt,4512ae3a7b0b651faa380351ff727cdabe85ec1b132fdec0ac5f3ec0c0fff17d,N/A,N/A,protected_final,"[""final""]","[""773c5b540cb396bae894da308a3e8345c8a308e7c38d3646a0e0286bb6f77890""]",[75001],1,200,191,191,200,"{""acquired"":197,""aligned"":192,""inserted"":191,""lifted_clear"":197,""released"":191,""reoriented_upright"":193,""settled"":191}",{},"{""acquisition_failure"":3,""dropped_during_transport"":4,""insertion_jam"":2,""none"":191}","{""drop_in_REORIENT"":4,""never_acquired"":3,""none"":191,""sustained_pocket_contact"":2}",PASS_SCOPED_ACT_INTERFACE_AND_TRAINING_CORRECTIONS,PASS,PASS_COUNTS_IDENTITIES,PASS_OBSERVED_90_OF_100,93,100,outputs/act_comparability/peg/seed-0/development-provenance/act_epoch-1400.jsonl,NOT_PREDECLARED_FOR_THIS_RUN,MATCHED_EXPERT_COMPARISON,False,outputs/iclr_dp_three_task_20260919/raw/final/peg/act_protocol-1.jsonl,fda3baafafb259c02ed143d98e8707bd52be525b74c480af5c10023662968427,401,600,,"[""experiments/act_comparability/AUDIT.md"",""outputs/act_comparability/peg/seed-0/selection-20260911.json"",""outputs/iclr_dagger_three_task/analysis/validation.json"",""outputs/iclr_dp_three_task_20260919/README.md"",""outputs/iclr_dp_three_task_20260919/analysis/validation.json"",""outputs/iclr_dp_three_task_20260919/raw/final/peg/summary_protocol-1.jsonl""]",[],,outputs/act_comparability/peg/seed-0/final/act_protocol-descriptive-20260911.jsonl,VERIFIED_PREEXISTING_MANIFEST,"[""outputs/iclr_dagger_three_task/SHA256SUMS"",""outputs/iclr_dp_three_task_20260919/SHA256SUMS""]",outputs/iclr_dp_three_task_20260919/raw/final/peg/expert_protocol-1.jsonl,PASS_RECORDED_INITIAL_CONDITIONS,0,0,Protected final records bound to the declared bank and selected checkpoints in the checksum-frozen three-actor snapshot. Overlapping original ACT/expert final runs are retained only as exclusions. Snapshot provenance resolves the equal-N tie; success is not a selection criterion.,0.955,0.9167032959981803,0.976147456998507,PASS_HASH_COUNTS_UNIQUE_EPISODE_KEYS_STAGE_AND_TERMINAL_COUNTS,SUBJECT_TO_COMPARISON_AND_RATE_SUPPORT,VERIFIED_PAIRED,"All episode keys, recorded initial object poses, evaluation seed, jitter, corruption, action noise and physical configuration match. Bank hash, logical initial-condition IDs and final-bank metadata also match.",S155_r1,200,Paired expert-minus-learner difference and episode-pair bootstrap permitted; separate Wilson binomial intervals,outputs/iclr_dp_three_task_20260919/raw/provenance/PROTOCOL.md
S153_r1.25,S153,peg,act:seed0:epoch1400,ACT,0,outputs/act_comparability/peg/seed-0/training/checkpoints/epoch-1400.pt,c9c1e8cd08dae4d5501dbbeceae933e69e2037633f31007e4257914d346a911d,execution_digest_or_selection_manifest,"[""c9c1e8cd08dae4d5501dbbeceae933e69e2037633f31007e4257914d346a911d""]",outputs/peg/demos/expert_episodes.pt,4512ae3a7b0b651faa380351ff727cdabe85ec1b132fdec0ac5f3ec0c0fff17d,N/A,N/A,protected_final,"[""final""]","[""769c0c5299d8c1965d73974ebc4dc1b9865478ec19f2d5aefa44a1698fcdde73""]",[76001],1.25,200,172,191,200,"{""acquired"":200,""aligned"":179,""inserted"":178,""lifted_clear"":196,""released"":178,""reoriented_upright"":188,""settled"":172}",{},"{""dropped_during_transport"":12,""insertion_jam"":10,""none"":172,""timeout"":6}","{""drop_in_LIFT"":4,""drop_in_REORIENT"":7,""drop_in_TRANSFER"":1,""none"":172,""not_settled"":6,""sustained_pocket_contact"":10}",PASS_SCOPED_ACT_INTERFACE_AND_TRAINING_CORRECTIONS,PASS,PASS_COUNTS_IDENTITIES,PASS_OBSERVED_90_OF_100,93,100,outputs/act_comparability/peg/seed-0/development-provenance/act_epoch-1400.jsonl,NOT_PREDECLARED_FOR_THIS_RUN,MATCHED_EXPERT_COMPARISON,False,outputs/iclr_dp_three_task_20260919/raw/final/peg/act_protocol-1.jsonl,fda3baafafb259c02ed143d98e8707bd52be525b74c480af5c10023662968427,601,800,,"[""experiments/act_comparability/AUDIT.md"",""outputs/act_comparability/peg/seed-0/selection-20260911.json"",""outputs/iclr_dagger_three_task/analysis/validation.json"",""outputs/iclr_dp_three_task_20260919/README.md"",""outputs/iclr_dp_three_task_20260919/analysis/validation.json"",""outputs/iclr_dp_three_task_20260919/raw/final/peg/summary_protocol-1.jsonl""]",[],,outputs/act_comparability/peg/seed-0/final/act_protocol-descriptive-20260911.jsonl,VERIFIED_PREEXISTING_MANIFEST,"[""outputs/iclr_dagger_three_task/SHA256SUMS"",""outputs/iclr_dp_three_task_20260919/SHA256SUMS""]",outputs/iclr_dp_three_task_20260919/raw/final/peg/expert_protocol-1.jsonl,PASS_RECORDED_INITIAL_CONDITIONS,0,0,Protected final records bound to the declared bank and selected checkpoints in the checksum-frozen three-actor snapshot. Overlapping original ACT/expert final runs are retained only as exclusions. Snapshot provenance resolves the equal-N tie; success is not a selection criterion.,0.86,0.8051011913429243,0.9013301736654437,PASS_HASH_COUNTS_UNIQUE_EPISODE_KEYS_STAGE_AND_TERMINAL_COUNTS,SUBJECT_TO_COMPARISON_AND_RATE_SUPPORT,VERIFIED_PAIRED,"All episode keys, recorded initial object poses, evaluation seed, jitter, corruption, action noise and physical configuration match. Bank hash, logical initial-condition IDs and final-bank metadata also match.",S155_r1.25,200,Paired expert-minus-learner difference and episode-pair bootstrap permitted; separate Wilson binomial intervals,outputs/iclr_dp_three_task_20260919/raw/provenance/PROTOCOL.md
S153_r1.5,S153,peg,act:seed0:epoch1400,ACT,0,outputs/act_comparability/peg/seed-0/training/checkpoints/epoch-1400.pt,c9c1e8cd08dae4d5501dbbeceae933e69e2037633f31007e4257914d346a911d,execution_digest_or_selection_manifest,"[""c9c1e8cd08dae4d5501dbbeceae933e69e2037633f31007e4257914d346a911d""]",outputs/peg/demos/expert_episodes.pt,4512ae3a7b0b651faa380351ff727cdabe85ec1b132fdec0ac5f3ec0c0fff17d,N/A,N/A,protected_final,"[""final""]","[""99d0f18b359ec6b1e6719c13e85be185725430242777bd0bac40efd09b2417e9""]",[77001],1.5,200,3,191,200,"{""acquired"":141,""aligned"":5,""inserted"":3,""lifted_clear"":123,""released"":3,""reoriented_upright"":11,""settled"":3}",{},"{""acquisition_failure"":59,""alignment_failure"":4,""dropped_during_transport"":133,""insertion_jam"":1,""none"":3}","{""drop_in_INSERT"":3,""drop_in_LIFT"":41,""drop_in_REORIENT"":85,""drop_in_TRANSFER"":4,""never_acquired"":59,""none"":3,""not_inserted"":1,""pocket_not_reached"":3,""sustained_pocket_contact"":1}",PASS_SCOPED_ACT_INTERFACE_AND_TRAINING_CORRECTIONS,PASS,PASS_COUNTS_IDENTITIES,PASS_OBSERVED_90_OF_100,93,100,outputs/act_comparability/peg/seed-0/development-provenance/act_epoch-1400.jsonl,NOT_PREDECLARED_FOR_THIS_RUN,MATCHED_EXPERT_COMPARISON,False,outputs/iclr_dp_three_task_20260919/raw/final/peg/act_protocol-1.jsonl,fda3baafafb259c02ed143d98e8707bd52be525b74c480af5c10023662968427,801,1000,,"[""experiments/act_comparability/AUDIT.md"",""outputs/act_comparability/peg/seed-0/selection-20260911.json"",""outputs/iclr_dagger_three_task/analysis/validation.json"",""outputs/iclr_dp_three_task_20260919/README.md"",""outputs/iclr_dp_three_task_20260919/analysis/validation.json"",""outputs/iclr_dp_three_task_20260919/raw/final/peg/summary_protocol-1.jsonl""]",[],,outputs/act_comparability/peg/seed-0/final/act_protocol-descriptive-20260911.jsonl,VERIFIED_PREEXISTING_MANIFEST,"[""outputs/iclr_dagger_three_task/SHA256SUMS"",""outputs/iclr_dp_three_task_20260919/SHA256SUMS""]",outputs/iclr_dp_three_task_20260919/raw/final/peg/expert_protocol-1.jsonl,PASS_RECORDED_INITIAL_CONDITIONS,0,0,Protected final records bound to the declared bank and selected checkpoints in the checksum-frozen three-actor snapshot. Overlapping original ACT/expert final runs are retained only as exclusions. Snapshot provenance resolves the equal-N tie; success is not a selection criterion.,0.015,0.00511423779325831,0.04316572879269026,PASS_HASH_COUNTS_UNIQUE_EPISODE_KEYS_STAGE_AND_TERMINAL_COUNTS,SUBJECT_TO_COMPARISON_AND_RATE_SUPPORT,VERIFIED_PAIRED,"All episode keys, recorded initial object poses, evaluation seed, jitter, corruption, action noise and physical configuration match. Bank hash, logical initial-condition IDs and final-bank metadata also match.",S155_r1.5,200,Paired expert-minus-learner difference and episode-pair bootstrap permitted; separate Wilson binomial intervals,outputs/iclr_dp_three_task_20260919/raw/provenance/PROTOCOL.md
S153_r1.75,S153,peg,act:seed0:epoch1400,ACT,0,outputs/act_comparability/peg/seed-0/training/checkpoints/epoch-1400.pt,c9c1e8cd08dae4d5501dbbeceae933e69e2037633f31007e4257914d346a911d,execution_digest_or_selection_manifest,"[""c9c1e8cd08dae4d5501dbbeceae933e69e2037633f31007e4257914d346a911d""]",outputs/peg/demos/expert_episodes.pt,4512ae3a7b0b651faa380351ff727cdabe85ec1b132fdec0ac5f3ec0c0fff17d,N/A,N/A,protected_final,"[""final""]","[""8cb85e15482868092b26c9ee46d971afe82a9df62c35e3b32d79f76066476970""]",[78001],1.75,200,0,191,200,"{""acquired"":0,""aligned"":0,""inserted"":0,""lifted_clear"":0,""released"":0,""reoriented_upright"":0,""settled"":0}",{},"{""acquisition_failure"":200}","{""never_acquired"":200}",PASS_SCOPED_ACT_INTERFACE_AND_TRAINING_CORRECTIONS,PASS,PASS_COUNTS_IDENTITIES,PASS_OBSERVED_90_OF_100,93,100,outputs/act_comparability/peg/seed-0/development-provenance/act_epoch-1400.jsonl,NOT_PREDECLARED_FOR_THIS_RUN,MATCHED_EXPERT_COMPARISON,False,outputs/iclr_dp_three_task_20260919/raw/final/peg/act_protocol-1.jsonl,fda3baafafb259c02ed143d98e8707bd52be525b74c480af5c10023662968427,1001,1200,,"[""experiments/act_comparability/AUDIT.md"",""outputs/act_comparability/peg/seed-0/selection-20260911.json"",""outputs/iclr_dagger_three_task/analysis/validation.json"",""outputs/iclr_dp_three_task_20260919/README.md"",""outputs/iclr_dp_three_task_20260919/analysis/validation.json"",""outputs/iclr_dp_three_task_20260919/raw/final/peg/summary_protocol-1.jsonl""]",[],,outputs/act_comparability/peg/seed-0/final/act_protocol-descriptive-20260911.jsonl,VERIFIED_PREEXISTING_MANIFEST,"[""outputs/iclr_dagger_three_task/SHA256SUMS"",""outputs/iclr_dp_three_task_20260919/SHA256SUMS""]",outputs/iclr_dp_three_task_20260919/raw/final/peg/expert_protocol-1.jsonl,PASS_RECORDED_INITIAL_CONDITIONS,0,0,Protected final records bound to the declared bank and selected checkpoints in the checksum-frozen three-actor snapshot. Overlapping original ACT/expert final runs are retained only as exclusions. Snapshot provenance resolves the equal-N tie; success is not a selection criterion.,0,1.734723475976807e-18,0.018845326377266575,PASS_HASH_COUNTS_UNIQUE_EPISODE_KEYS_STAGE_AND_TERMINAL_COUNTS,SUBJECT_TO_COMPARISON_AND_RATE_SUPPORT,VERIFIED_PAIRED,"All episode keys, recorded initial object poses, evaluation seed, jitter, corruption, action noise and physical configuration match. Bank hash, logical initial-condition IDs and final-bank metadata also match.",S155_r1.75,200,Paired expert-minus-learner difference and episode-pair bootstrap permitted; separate Wilson binomial intervals,outputs/iclr_dp_three_task_20260919/raw/provenance/PROTOCOL.md
S153_r2,S153,peg,act:seed0:epoch1400,ACT,0,outputs/act_comparability/peg/seed-0/training/checkpoints/epoch-1400.pt,c9c1e8cd08dae4d5501dbbeceae933e69e2037633f31007e4257914d346a911d,execution_digest_or_selection_manifest,"[""c9c1e8cd08dae4d5501dbbeceae933e69e2037633f31007e4257914d346a911d""]",outputs/peg/demos/expert_episodes.pt,4512ae3a7b0b651faa380351ff727cdabe85ec1b132fdec0ac5f3ec0c0fff17d,N/A,N/A,protected_final,"[""final""]","[""80170a6d88af32eca89839c0391aebb59eb22cf4afce2d0b0b2cc0b7ab8cbe7e""]",[79001],2,200,0,191,200,"{""acquired"":0,""aligned"":0,""inserted"":0,""lifted_clear"":0,""released"":0,""reoriented_upright"":0,""settled"":0}",{},"{""acquisition_failure"":200}","{""never_acquired"":200}",PASS_SCOPED_ACT_INTERFACE_AND_TRAINING_CORRECTIONS,PASS,PASS_COUNTS_IDENTITIES,PASS_OBSERVED_90_OF_100,93,100,outputs/act_comparability/peg/seed-0/development-provenance/act_epoch-1400.jsonl,NOT_PREDECLARED_FOR_THIS_RUN,MATCHED_EXPERT_COMPARISON,False,outputs/iclr_dp_three_task_20260919/raw/final/peg/act_protocol-1.jsonl,fda3baafafb259c02ed143d98e8707bd52be525b74c480af5c10023662968427,1201,1400,,"[""experiments/act_comparability/AUDIT.md"",""outputs/act_comparability/peg/seed-0/selection-20260911.json"",""outputs/iclr_dagger_three_task/analysis/validation.json"",""outputs/iclr_dp_three_task_20260919/README.md"",""outputs/iclr_dp_three_task_20260919/analysis/validation.json"",""outputs/iclr_dp_three_task_20260919/raw/final/peg/summary_protocol-1.jsonl""]",[],,outputs/act_comparability/peg/seed-0/final/act_protocol-descriptive-20260911.jsonl,VERIFIED_PREEXISTING_MANIFEST,"[""outputs/iclr_dagger_three_task/SHA256SUMS"",""outputs/iclr_dp_three_task_20260919/SHA256SUMS""]",outputs/iclr_dp_three_task_20260919/raw/final/peg/expert_protocol-1.jsonl,PASS_RECORDED_INITIAL_CONDITIONS,0,0,Protected final records bound to the declared bank and selected checkpoints in the checksum-frozen three-actor snapshot. Overlapping original ACT/expert final runs are retained only as exclusions. Snapshot provenance resolves the equal-N tie; success is not a selection criterion.,0,1.734723475976807e-18,0.018845326377266575,PASS_HASH_COUNTS_UNIQUE_EPISODE_KEYS_STAGE_AND_TERMINAL_COUNTS,SUBJECT_TO_COMPARISON_AND_RATE_SUPPORT,VERIFIED_PAIRED,"All episode keys, recorded initial object poses, evaluation seed, jitter, corruption, action noise and physical configuration match. Bank hash, logical initial-condition IDs and final-bank metadata also match.",S155_r2,200,Paired expert-minus-learner difference and episode-pair bootstrap permitted; separate Wilson binomial intervals,outputs/iclr_dp_three_task_20260919/raw/provenance/PROTOCOL.md
S153_r2.5,S153,peg,act:seed0:epoch1400,ACT,0,outputs/act_comparability/peg/seed-0/training/checkpoints/epoch-1400.pt,c9c1e8cd08dae4d5501dbbeceae933e69e2037633f31007e4257914d346a911d,execution_digest_or_selection_manifest,"[""c9c1e8cd08dae4d5501dbbeceae933e69e2037633f31007e4257914d346a911d""]",outputs/peg/demos/expert_episodes.pt,4512ae3a7b0b651faa380351ff727cdabe85ec1b132fdec0ac5f3ec0c0fff17d,N/A,N/A,protected_final,"[""final""]","[""431b44e40964e858b4e3ee6c0717c019203c6738a84b5e7f674d218bbe1f5b37""]",[80001],2.5,200,0,191,200,"{""acquired"":0,""aligned"":0,""inserted"":0,""lifted_clear"":0,""released"":0,""reoriented_upright"":0,""settled"":0}",{},"{""acquisition_failure"":200}","{""never_acquired"":200}",PASS_SCOPED_ACT_INTERFACE_AND_TRAINING_CORRECTIONS,PASS,PASS_COUNTS_IDENTITIES,PASS_OBSERVED_90_OF_100,93,100,outputs/act_comparability/peg/seed-0/development-provenance/act_epoch-1400.jsonl,NOT_PREDECLARED_FOR_THIS_RUN,MATCHED_EXPERT_COMPARISON,False,outputs/iclr_dp_three_task_20260919/raw/final/peg/act_protocol-1.jsonl,fda3baafafb259c02ed143d98e8707bd52be525b74c480af5c10023662968427,1401,1600,,"[""experiments/act_comparability/AUDIT.md"",""outputs/act_comparability/peg/seed-0/selection-20260911.json"",""outputs/iclr_dagger_three_task/analysis/validation.json"",""outputs/iclr_dp_three_task_20260919/README.md"",""outputs/iclr_dp_three_task_20260919/analysis/validation.json"",""outputs/iclr_dp_three_task_20260919/raw/final/peg/summary_protocol-1.jsonl""]",[],,outputs/act_comparability/peg/seed-0/final/act_protocol-descriptive-20260911.jsonl,VERIFIED_PREEXISTING_MANIFEST,"[""outputs/iclr_dagger_three_task/SHA256SUMS"",""outputs/iclr_dp_three_task_20260919/SHA256SUMS""]",outputs/iclr_dp_three_task_20260919/raw/final/peg/expert_protocol-1.jsonl,PASS_RECORDED_INITIAL_CONDITIONS,0,0,Protected final records bound to the declared bank and selected checkpoints in the checksum-frozen three-actor snapshot. Overlapping original ACT/expert final runs are retained only as exclusions. Snapshot provenance resolves the equal-N tie; success is not a selection criterion.,0,1.734723475976807e-18,0.018845326377266575,PASS_HASH_COUNTS_UNIQUE_EPISODE_KEYS_STAGE_AND_TERMINAL_COUNTS,SUBJECT_TO_COMPARISON_AND_RATE_SUPPORT,VERIFIED_PAIRED,"All episode keys, recorded initial object poses, evaluation seed, jitter, corruption, action noise and physical configuration match. Bank hash, logical initial-condition IDs and final-bank metadata also match.",S155_r2.5,200,Paired expert-minus-learner difference and episode-pair bootstrap permitted; separate Wilson binomial intervals,outputs/iclr_dp_three_task_20260919/raw/provenance/PROTOCOL.md
S154_r0.5,S154,peg,dp:seed42:epoch300,Diffusion Policy,42,outputs/iclr_dp_three_task_20260919/raw/checkpoints/dp_peg.pt,917a2bb36d2f35321726cf9b26f995d0d92096be0ef8725f7cd1ee8831ed6b4c,execution_digest_and_frozen_snapshot,"[""917a2bb36d2f35321726cf9b26f995d0d92096be0ef8725f7cd1ee8831ed6b4c""]",outputs/peg/demos/expert_episodes.pt,4512ae3a7b0b651faa380351ff727cdabe85ec1b132fdec0ac5f3ec0c0fff17d,N/A,N/A,protected_final,"[""final""]","[""5bdd95631544534a6510a49e11da1731724d8e92ee8d8f20bc6f7c53717ce62b""]",[73001],0.5,200,93,95,200,"{""acquired"":177,""aligned"":93,""inserted"":93,""lifted_clear"":173,""released"":93,""reoriented_upright"":93,""settled"":93}",{},"{""acquisition_failure"":23,""dropped_during_transport"":18,""insertion_jam"":66,""none"":93}","{""drop_in_INSERT_DWELL"":1,""drop_in_LIFT"":5,""drop_in_REORIENT"":10,""drop_in_TRANSFER"":2,""never_acquired"":23,""none"":93,""sustained_pocket_contact"":66}",PARTIAL_INTERFACE_AND_CHECKPOINT_NO_FULL_DP_AUDIT,PASS,PASS_COUNTS_IDENTITIES,FAIL_90_OF_100,51,100,outputs/iclr_dp_three_task_20260919/raw/training/peg/diag.jsonl,NOT_PREDECLARED_FOR_THIS_RUN,UNMATCHED_SPEED_EVALUATION,False,outputs/iclr_dp_three_task_20260919/raw/final/peg/dp_protocol-1.jsonl,b340595f6e70b0a6264f52591386f33bf6789bb136e94ff5ed18f6d0da0e6212,1,200,,"[""outputs/iclr_dagger_three_task/analysis/validation.json"",""outputs/iclr_dp_three_task_20260919/README.md"",""outputs/iclr_dp_three_task_20260919/analysis/validation.json"",""outputs/iclr_dp_three_task_20260919/raw/final/peg/summary_protocol-1.jsonl""]",[],,,VERIFIED_PREEXISTING_MANIFEST,"[""outputs/iclr_dagger_three_task/SHA256SUMS"",""outputs/iclr_dp_three_task_20260919/SHA256SUMS""]",outputs/iclr_dp_three_task_20260919/raw/final/peg/expert_protocol-1.jsonl,PASS_RECORDED_INITIAL_CONDITIONS,0,0,Protected final records bound to the declared bank and selected checkpoints in the checksum-frozen three-actor snapshot. Overlapping original ACT/expert final runs are retained only as exclusions. Snapshot provenance resolves the equal-N tie; success is not a selection criterion.,0.465,0.3971856415700402,0.5341335312763685,PASS_HASH_COUNTS_UNIQUE_EPISODE_KEYS_STAGE_AND_TERMINAL_COUNTS,SUBJECT_TO_COMPARISON_AND_RATE_SUPPORT,VERIFIED_PAIRED,"All episode keys, recorded initial object poses, evaluation seed, jitter, corruption, action noise and physical configuration match. Bank hash, logical initial-condition IDs and final-bank metadata also match.",S155_r0.5,200,Paired expert-minus-learner difference and episode-pair bootstrap permitted; separate Wilson binomial intervals,outputs/iclr_dp_three_task_20260919/raw/provenance/PROTOCOL.md
S154_r0.75,S154,peg,dp:seed42:epoch300,Diffusion Policy,42,outputs/iclr_dp_three_task_20260919/raw/checkpoints/dp_peg.pt,917a2bb36d2f35321726cf9b26f995d0d92096be0ef8725f7cd1ee8831ed6b4c,execution_digest_and_frozen_snapshot,"[""917a2bb36d2f35321726cf9b26f995d0d92096be0ef8725f7cd1ee8831ed6b4c""]",outputs/peg/demos/expert_episodes.pt,4512ae3a7b0b651faa380351ff727cdabe85ec1b132fdec0ac5f3ec0c0fff17d,N/A,N/A,protected_final,"[""final""]","[""62c7911bf934c52a8bd330d0ad8073c435c548e96e4353484c413e64e669110e""]",[74001],0.75,200,99,95,200,"{""acquired"":180,""aligned"":99,""inserted"":99,""lifted_clear"":179,""released"":99,""reoriented_upright"":107,""settled"":99}",{},"{""acquisition_failure"":20,""alignment_failure"":3,""dropped_during_transport"":18,""insertion_jam"":60,""none"":99}","{""drop_in_INSERT"":2,""drop_in_LIFT"":2,""drop_in_REORIENT"":10,""drop_in_TRANSFER"":4,""never_acquired"":20,""none"":99,""pocket_not_reached"":3,""sustained_pocket_contact"":60}",PARTIAL_INTERFACE_AND_CHECKPOINT_NO_FULL_DP_AUDIT,PASS,PASS_COUNTS_IDENTITIES,FAIL_90_OF_100,51,100,outputs/iclr_dp_three_task_20260919/raw/training/peg/diag.jsonl,NOT_PREDECLARED_FOR_THIS_RUN,UNMATCHED_SPEED_EVALUATION,False,outputs/iclr_dp_three_task_20260919/raw/final/peg/dp_protocol-1.jsonl,b340595f6e70b0a6264f52591386f33bf6789bb136e94ff5ed18f6d0da0e6212,201,400,,"[""outputs/iclr_dagger_three_task/analysis/validation.json"",""outputs/iclr_dp_three_task_20260919/README.md"",""outputs/iclr_dp_three_task_20260919/analysis/validation.json"",""outputs/iclr_dp_three_task_20260919/raw/final/peg/summary_protocol-1.jsonl""]",[],,,VERIFIED_PREEXISTING_MANIFEST,"[""outputs/iclr_dagger_three_task/SHA256SUMS"",""outputs/iclr_dp_three_task_20260919/SHA256SUMS""]",outputs/iclr_dp_three_task_20260919/raw/final/peg/expert_protocol-1.jsonl,PASS_RECORDED_INITIAL_CONDITIONS,0,0,Protected final records bound to the declared bank and selected checkpoints in the checksum-frozen three-actor snapshot. Overlapping original ACT/expert final runs are retained only as exclusions. Snapshot provenance resolves the equal-N tie; success is not a selection criterion.,0.495,0.4264584535990475,0.5637299996647251,PASS_HASH_COUNTS_UNIQUE_EPISODE_KEYS_STAGE_AND_TERMINAL_COUNTS,SUBJECT_TO_COMPARISON_AND_RATE_SUPPORT,VERIFIED_PAIRED,"All episode keys, recorded initial object poses, evaluation seed, jitter, corruption, action noise and physical configuration match. Bank hash, logical initial-condition IDs and final-bank metadata also match.",S155_r0.75,200,Paired expert-minus-learner difference and episode-pair bootstrap permitted; separate Wilson binomial intervals,outputs/iclr_dp_three_task_20260919/raw/provenance/PROTOCOL.md
S154_r1,S154,peg,dp:seed42:epoch300,Diffusion Policy,42,outputs/iclr_dp_three_task_20260919/raw/checkpoints/dp_peg.pt,917a2bb36d2f35321726cf9b26f995d0d92096be0ef8725f7cd1ee8831ed6b4c,execution_digest_and_frozen_snapshot,"[""917a2bb36d2f35321726cf9b26f995d0d92096be0ef8725f7cd1ee8831ed6b4c""]",outputs/peg/demos/expert_episodes.pt,4512ae3a7b0b651faa380351ff727cdabe85ec1b132fdec0ac5f3ec0c0fff17d,N/A,N/A,protected_final,"[""final""]","[""773c5b540cb396bae894da308a3e8345c8a308e7c38d3646a0e0286bb6f77890""]",[75001],1,200,95,95,200,"{""acquired"":189,""aligned"":95,""inserted"":95,""lifted_clear"":185,""released"":95,""reoriented_upright"":111,""settled"":95}",{},"{""acquisition_failure"":11,""alignment_failure"":9,""dropped_during_transport"":24,""insertion_jam"":61,""none"":95}","{""drop_in_INSERT"":5,""drop_in_REORIENT"":15,""drop_in_TRANSFER"":4,""never_acquired"":11,""none"":95,""pocket_not_reached"":9,""sustained_pocket_contact"":61}",PARTIAL_INTERFACE_AND_CHECKPOINT_NO_FULL_DP_AUDIT,PASS,PASS_COUNTS_IDENTITIES,FAIL_90_OF_100,51,100,outputs/iclr_dp_three_task_20260919/raw/training/peg/diag.jsonl,NOT_PREDECLARED_FOR_THIS_RUN,UNMATCHED_SPEED_EVALUATION,False,outputs/iclr_dp_three_task_20260919/raw/final/peg/dp_protocol-1.jsonl,b340595f6e70b0a6264f52591386f33bf6789bb136e94ff5ed18f6d0da0e6212,401,600,,"[""outputs/iclr_dagger_three_task/analysis/validation.json"",""outputs/iclr_dp_three_task_20260919/README.md"",""outputs/iclr_dp_three_task_20260919/analysis/validation.json"",""outputs/iclr_dp_three_task_20260919/raw/final/peg/summary_protocol-1.jsonl""]",[],,,VERIFIED_PREEXISTING_MANIFEST,"[""outputs/iclr_dagger_three_task/SHA256SUMS"",""outputs/iclr_dp_three_task_20260919/SHA256SUMS""]",outputs/iclr_dp_three_task_20260919/raw/final/peg/expert_protocol-1.jsonl,PASS_RECORDED_INITIAL_CONDITIONS,0,0,Protected final records bound to the declared bank and selected checkpoints in the checksum-frozen three-actor snapshot. Overlapping original ACT/expert final runs are retained only as exclusions. Snapshot provenance resolves the equal-N tie; success is not a selection criterion.,0.475,0.4069162264657108,0.5440260398531525,PASS_HASH_COUNTS_UNIQUE_EPISODE_KEYS_STAGE_AND_TERMINAL_COUNTS,SUBJECT_TO_COMPARISON_AND_RATE_SUPPORT,VERIFIED_PAIRED,"All episode keys, recorded initial object poses, evaluation seed, jitter, corruption, action noise and physical configuration match. Bank hash, logical initial-condition IDs and final-bank metadata also match.",S155_r1,200,Paired expert-minus-learner difference and episode-pair bootstrap permitted; separate Wilson binomial intervals,outputs/iclr_dp_three_task_20260919/raw/provenance/PROTOCOL.md
S154_r1.25,S154,peg,dp:seed42:epoch300,Diffusion Policy,42,outputs/iclr_dp_three_task_20260919/raw/checkpoints/dp_peg.pt,917a2bb36d2f35321726cf9b26f995d0d92096be0ef8725f7cd1ee8831ed6b4c,execution_digest_and_frozen_snapshot,"[""917a2bb36d2f35321726cf9b26f995d0d92096be0ef8725f7cd1ee8831ed6b4c""]",outputs/peg/demos/expert_episodes.pt,4512ae3a7b0b651faa380351ff727cdabe85ec1b132fdec0ac5f3ec0c0fff17d,N/A,N/A,protected_final,"[""final""]","[""769c0c5299d8c1965d73974ebc4dc1b9865478ec19f2d5aefa44a1698fcdde73""]",[76001],1.25,200,120,95,200,"{""acquired"":199,""aligned"":121,""inserted"":120,""lifted_clear"":187,""released"":120,""reoriented_upright"":151,""settled"":120}",{},"{""acquisition_failure"":1,""alignment_failure"":1,""dropped_during_transport"":28,""insertion_jam"":50,""none"":120}","{""drop_in_INSERT"":6,""drop_in_LIFT"":11,""drop_in_REORIENT"":9,""drop_in_TRANSFER"":2,""never_acquired"":1,""none"":120,""pocket_not_reached"":1,""sustained_pocket_contact"":50}",PARTIAL_INTERFACE_AND_CHECKPOINT_NO_FULL_DP_AUDIT,PASS,PASS_COUNTS_IDENTITIES,FAIL_90_OF_100,51,100,outputs/iclr_dp_three_task_20260919/raw/training/peg/diag.jsonl,NOT_PREDECLARED_FOR_THIS_RUN,UNMATCHED_SPEED_EVALUATION,False,outputs/iclr_dp_three_task_20260919/raw/final/peg/dp_protocol-1.jsonl,b340595f6e70b0a6264f52591386f33bf6789bb136e94ff5ed18f6d0da0e6212,601,800,,"[""outputs/iclr_dagger_three_task/analysis/validation.json"",""outputs/iclr_dp_three_task_20260919/README.md"",""outputs/iclr_dp_three_task_20260919/analysis/validation.json"",""outputs/iclr_dp_three_task_20260919/raw/final/peg/summary_protocol-1.jsonl""]",[],,,VERIFIED_PREEXISTING_MANIFEST,"[""outputs/iclr_dagger_three_task/SHA256SUMS"",""outputs/iclr_dp_three_task_20260919/SHA256SUMS""]",outputs/iclr_dp_three_task_20260919/raw/final/peg/expert_protocol-1.jsonl,PASS_RECORDED_INITIAL_CONDITIONS,0,0,Protected final records bound to the declared bank and selected checkpoints in the checksum-frozen three-actor snapshot. Overlapping original ACT/expert final runs are retained only as exclusions. Snapshot provenance resolves the equal-N tie; success is not a selection criterion.,0.6,0.53083672039262,0.6653942143319266,PASS_HASH_COUNTS_UNIQUE_EPISODE_KEYS_STAGE_AND_TERMINAL_COUNTS,SUBJECT_TO_COMPARISON_AND_RATE_SUPPORT,VERIFIED_PAIRED,"All episode keys, recorded initial object poses, evaluation seed, jitter, corruption, action noise and physical configuration match. Bank hash, logical initial-condition IDs and final-bank metadata also match.",S155_r1.25,200,Paired expert-minus-learner difference and episode-pair bootstrap permitted; separate Wilson binomial intervals,outputs/iclr_dp_three_task_20260919/raw/provenance/PROTOCOL.md
S154_r1.5,S154,peg,dp:seed42:epoch300,Diffusion Policy,42,outputs/iclr_dp_three_task_20260919/raw/checkpoints/dp_peg.pt,917a2bb36d2f35321726cf9b26f995d0d92096be0ef8725f7cd1ee8831ed6b4c,execution_digest_and_frozen_snapshot,"[""917a2bb36d2f35321726cf9b26f995d0d92096be0ef8725f7cd1ee8831ed6b4c""]",outputs/peg/demos/expert_episodes.pt,4512ae3a7b0b651faa380351ff727cdabe85ec1b132fdec0ac5f3ec0c0fff17d,N/A,N/A,protected_final,"[""final""]","[""99d0f18b359ec6b1e6719c13e85be185725430242777bd0bac40efd09b2417e9""]",[77001],1.5,200,25,95,200,"{""acquired"":197,""aligned"":58,""inserted"":31,""lifted_clear"":188,""released"":31,""reoriented_upright"":163,""settled"":25}",{},"{""acquisition_failure"":3,""alignment_failure"":32,""dropped_during_transport"":22,""insertion_jam"":112,""none"":25,""timeout"":6}","{""drop_in_INSERT"":5,""drop_in_INSERT_DWELL"":1,""drop_in_LIFT"":5,""drop_in_REORIENT"":7,""drop_in_TRANSFER"":4,""never_acquired"":3,""none"":25,""not_inserted"":4,""not_settled"":6,""pocket_not_reached"":28,""sustained_pocket_contact"":112}",PARTIAL_INTERFACE_AND_CHECKPOINT_NO_FULL_DP_AUDIT,PASS,PASS_COUNTS_IDENTITIES,FAIL_90_OF_100,51,100,outputs/iclr_dp_three_task_20260919/raw/training/peg/diag.jsonl,NOT_PREDECLARED_FOR_THIS_RUN,UNMATCHED_SPEED_EVALUATION,False,outputs/iclr_dp_three_task_20260919/raw/final/peg/dp_protocol-1.jsonl,b340595f6e70b0a6264f52591386f33bf6789bb136e94ff5ed18f6d0da0e6212,801,1000,,"[""outputs/iclr_dagger_three_task/analysis/validation.json"",""outputs/iclr_dp_three_task_20260919/README.md"",""outputs/iclr_dp_three_task_20260919/analysis/validation.json"",""outputs/iclr_dp_three_task_20260919/raw/final/peg/summary_protocol-1.jsonl""]",[],,,VERIFIED_PREEXISTING_MANIFEST,"[""outputs/iclr_dagger_three_task/SHA256SUMS"",""outputs/iclr_dp_three_task_20260919/SHA256SUMS""]",outputs/iclr_dp_three_task_20260919/raw/final/peg/expert_protocol-1.jsonl,PASS_RECORDED_INITIAL_CONDITIONS,0,0,Protected final records bound to the declared bank and selected checkpoints in the checksum-frozen three-actor snapshot. Overlapping original ACT/expert final runs are retained only as exclusions. Snapshot provenance resolves the equal-N tie; success is not a selection criterion.,0.125,0.08611974475712644,0.17801425002582347,PASS_HASH_COUNTS_UNIQUE_EPISODE_KEYS_STAGE_AND_TERMINAL_COUNTS,SUBJECT_TO_COMPARISON_AND_RATE_SUPPORT,VERIFIED_PAIRED,"All episode keys, recorded initial object poses, evaluation seed, jitter, corruption, action noise and physical configuration match. Bank hash, logical initial-condition IDs and final-bank metadata also match.",S155_r1.5,200,Paired expert-minus-learner difference and episode-pair bootstrap permitted; separate Wilson binomial intervals,outputs/iclr_dp_three_task_20260919/raw/provenance/PROTOCOL.md
S154_r1.75,S154,peg,dp:seed42:epoch300,Diffusion Policy,42,outputs/iclr_dp_three_task_20260919/raw/checkpoints/dp_peg.pt,917a2bb36d2f35321726cf9b26f995d0d92096be0ef8725f7cd1ee8831ed6b4c,execution_digest_and_frozen_snapshot,"[""917a2bb36d2f35321726cf9b26f995d0d92096be0ef8725f7cd1ee8831ed6b4c""]",outputs/peg/demos/expert_episodes.pt,4512ae3a7b0b651faa380351ff727cdabe85ec1b132fdec0ac5f3ec0c0fff17d,N/A,N/A,protected_final,"[""final""]","[""8cb85e15482868092b26c9ee46d971afe82a9df62c35e3b32d79f76066476970""]",[78001],1.75,200,0,95,200,"{""acquired"":12,""aligned"":0,""inserted"":0,""lifted_clear"":2,""released"":0,""reoriented_upright"":0,""settled"":0}",{},"{""acquisition_failure"":188,""alignment_failure"":1,""dropped_during_transport"":11}","{""drop_in_INSERT"":8,""drop_in_INSERT_DWELL"":1,""drop_in_TRANSFER"":2,""never_acquired"":188,""pocket_not_reached"":1}",PARTIAL_INTERFACE_AND_CHECKPOINT_NO_FULL_DP_AUDIT,PASS,PASS_COUNTS_IDENTITIES,FAIL_90_OF_100,51,100,outputs/iclr_dp_three_task_20260919/raw/training/peg/diag.jsonl,NOT_PREDECLARED_FOR_THIS_RUN,UNMATCHED_SPEED_EVALUATION,False,outputs/iclr_dp_three_task_20260919/raw/final/peg/dp_protocol-1.jsonl,b340595f6e70b0a6264f52591386f33bf6789bb136e94ff5ed18f6d0da0e6212,1001,1200,,"[""outputs/iclr_dagger_three_task/analysis/validation.json"",""outputs/iclr_dp_three_task_20260919/README.md"",""outputs/iclr_dp_three_task_20260919/analysis/validation.json"",""outputs/iclr_dp_three_task_20260919/raw/final/peg/summary_protocol-1.jsonl""]",[],,,VERIFIED_PREEXISTING_MANIFEST,"[""outputs/iclr_dagger_three_task/SHA256SUMS"",""outputs/iclr_dp_three_task_20260919/SHA256SUMS""]",outputs/iclr_dp_three_task_20260919/raw/final/peg/expert_protocol-1.jsonl,PASS_RECORDED_INITIAL_CONDITIONS,0,0,Protected final records bound to the declared bank and selected checkpoints in the checksum-frozen three-actor snapshot. Overlapping original ACT/expert final runs are retained only as exclusions. Snapshot provenance resolves the equal-N tie; success is not a selection criterion.,0,1.734723475976807e-18,0.018845326377266575,PASS_HASH_COUNTS_UNIQUE_EPISODE_KEYS_STAGE_AND_TERMINAL_COUNTS,SUBJECT_TO_COMPARISON_AND_RATE_SUPPORT,VERIFIED_PAIRED,"All episode keys, recorded initial object poses, evaluation seed, jitter, corruption, action noise and physical configuration match. Bank hash, logical initial-condition IDs and final-bank metadata also match.",S155_r1.75,200,Paired expert-minus-learner difference and episode-pair bootstrap permitted; separate Wilson binomial intervals,outputs/iclr_dp_three_task_20260919/raw/provenance/PROTOCOL.md
S154_r2,S154,peg,dp:seed42:epoch300,Diffusion Policy,42,outputs/iclr_dp_three_task_20260919/raw/checkpoints/dp_peg.pt,917a2bb36d2f35321726cf9b26f995d0d92096be0ef8725f7cd1ee8831ed6b4c,execution_digest_and_frozen_snapshot,"[""917a2bb36d2f35321726cf9b26f995d0d92096be0ef8725f7cd1ee8831ed6b4c""]",outputs/peg/demos/expert_episodes.pt,4512ae3a7b0b651faa380351ff727cdabe85ec1b132fdec0ac5f3ec0c0fff17d,N/A,N/A,protected_final,"[""final""]","[""80170a6d88af32eca89839c0391aebb59eb22cf4afce2d0b0b2cc0b7ab8cbe7e""]",[79001],2,200,0,95,200,"{""acquired"":0,""aligned"":0,""inserted"":0,""lifted_clear"":0,""released"":0,""reoriented_upright"":0,""settled"":0}",{},"{""acquisition_failure"":200}","{""never_acquired"":200}",PARTIAL_INTERFACE_AND_CHECKPOINT_NO_FULL_DP_AUDIT,PASS,PASS_COUNTS_IDENTITIES,FAIL_90_OF_100,51,100,outputs/iclr_dp_three_task_20260919/raw/training/peg/diag.jsonl,NOT_PREDECLARED_FOR_THIS_RUN,UNMATCHED_SPEED_EVALUATION,False,outputs/iclr_dp_three_task_20260919/raw/final/peg/dp_protocol-1.jsonl,b340595f6e70b0a6264f52591386f33bf6789bb136e94ff5ed18f6d0da0e6212,1201,1400,,"[""outputs/iclr_dagger_three_task/analysis/validation.json"",""outputs/iclr_dp_three_task_20260919/README.md"",""outputs/iclr_dp_three_task_20260919/analysis/validation.json"",""outputs/iclr_dp_three_task_20260919/raw/final/peg/summary_protocol-1.jsonl""]",[],,,VERIFIED_PREEXISTING_MANIFEST,"[""outputs/iclr_dagger_three_task/SHA256SUMS"",""outputs/iclr_dp_three_task_20260919/SHA256SUMS""]",outputs/iclr_dp_three_task_20260919/raw/final/peg/expert_protocol-1.jsonl,PASS_RECORDED_INITIAL_CONDITIONS,0,0,Protected final records bound to the declared bank and selected checkpoints in the checksum-frozen three-actor snapshot. Overlapping original ACT/expert final runs are retained only as exclusions. Snapshot provenance resolves the equal-N tie; success is not a selection criterion.,0,1.734723475976807e-18,0.018845326377266575,PASS_HASH_COUNTS_UNIQUE_EPISODE_KEYS_STAGE_AND_TERMINAL_COUNTS,SUBJECT_TO_COMPARISON_AND_RATE_SUPPORT,VERIFIED_PAIRED,"All episode keys, recorded initial object poses, evaluation seed, jitter, corruption, action noise and physical configuration match. Bank hash, logical initial-condition IDs and final-bank metadata also match.",S155_r2,200,Paired expert-minus-learner difference and episode-pair bootstrap permitted; separate Wilson binomial intervals,outputs/iclr_dp_three_task_20260919/raw/provenance/PROTOCOL.md
S154_r2.5,S154,peg,dp:seed42:epoch300,Diffusion Policy,42,outputs/iclr_dp_three_task_20260919/raw/checkpoints/dp_peg.pt,917a2bb36d2f35321726cf9b26f995d0d92096be0ef8725f7cd1ee8831ed6b4c,execution_digest_and_frozen_snapshot,"[""917a2bb36d2f35321726cf9b26f995d0d92096be0ef8725f7cd1ee8831ed6b4c""]",outputs/peg/demos/expert_episodes.pt,4512ae3a7b0b651faa380351ff727cdabe85ec1b132fdec0ac5f3ec0c0fff17d,N/A,N/A,protected_final,"[""final""]","[""431b44e40964e858b4e3ee6c0717c019203c6738a84b5e7f674d218bbe1f5b37""]",[80001],2.5,200,0,95,200,"{""acquired"":0,""aligned"":0,""inserted"":0,""lifted_clear"":0,""released"":0,""reoriented_upright"":0,""settled"":0}",{},"{""acquisition_failure"":200}","{""never_acquired"":200}",PARTIAL_INTERFACE_AND_CHECKPOINT_NO_FULL_DP_AUDIT,PASS,PASS_COUNTS_IDENTITIES,FAIL_90_OF_100,51,100,outputs/iclr_dp_three_task_20260919/raw/training/peg/diag.jsonl,NOT_PREDECLARED_FOR_THIS_RUN,UNMATCHED_SPEED_EVALUATION,False,outputs/iclr_dp_three_task_20260919/raw/final/peg/dp_protocol-1.jsonl,b340595f6e70b0a6264f52591386f33bf6789bb136e94ff5ed18f6d0da0e6212,1401,1600,,"[""outputs/iclr_dagger_three_task/analysis/validation.json"",""outputs/iclr_dp_three_task_20260919/README.md"",""outputs/iclr_dp_three_task_20260919/analysis/validation.json"",""outputs/iclr_dp_three_task_20260919/raw/final/peg/summary_protocol-1.jsonl""]",[],,,VERIFIED_PREEXISTING_MANIFEST,"[""outputs/iclr_dagger_three_task/SHA256SUMS"",""outputs/iclr_dp_three_task_20260919/SHA256SUMS""]",outputs/iclr_dp_three_task_20260919/raw/final/peg/expert_protocol-1.jsonl,PASS_RECORDED_INITIAL_CONDITIONS,0,0,Protected final records bound to the declared bank and selected checkpoints in the checksum-frozen three-actor snapshot. Overlapping original ACT/expert final runs are retained only as exclusions. Snapshot provenance resolves the equal-N tie; success is not a selection criterion.,0,1.734723475976807e-18,0.018845326377266575,PASS_HASH_COUNTS_UNIQUE_EPISODE_KEYS_STAGE_AND_TERMINAL_COUNTS,SUBJECT_TO_COMPARISON_AND_RATE_SUPPORT,VERIFIED_PAIRED,"All episode keys, recorded initial object poses, evaluation seed, jitter, corruption, action noise and physical configuration match. Bank hash, logical initial-condition IDs and final-bank metadata also match.",S155_r2.5,200,Paired expert-minus-learner difference and episode-pair bootstrap permitted; separate Wilson binomial intervals,outputs/iclr_dp_three_task_20260919/raw/provenance/PROTOCOL.md
S155_r0.5,S155,peg,expert,expert,N/A,N/A_SCRIPTED_EXPERT,N/A_SCRIPTED_EXPERT,N/A_SCRIPTED_EXPERT,[],N/A_SCRIPTED_EXPERT,N/A_SCRIPTED_EXPERT,N/A,N/A,protected_final,"[""final""]","[""5bdd95631544534a6510a49e11da1731724d8e92ee8d8f20bc6f7c53717ce62b""]",[73001],0.5,200,195,182,200,"{""acquired"":200,""aligned"":195,""inserted"":195,""lifted_clear"":200,""released"":195,""reoriented_upright"":199,""settled"":195}",{},"{""insertion_jam"":5,""none"":195}","{""none"":195,""sustained_pocket_contact"":5}",PARTIAL_EXPERT_INTERFACE,PASS,PASS_COUNTS_IDENTITIES,PASS_OBSERVED_90_OF_100,95,100,outputs/act_comparability/peg/seed-0/development-provenance/expert_expert.jsonl,NOT_PREDECLARED_FOR_THIS_RUN,MATCHED_EXPERT_COMPARISON,False,outputs/iclr_dp_three_task_20260919/raw/final/peg/expert_protocol-1.jsonl,b9796915292914e4b50802178a1312d73ccc2f65456001836998197942ca1566,1,200,,"[""experiments/act_comparability/AUDIT.md"",""outputs/act_comparability/peg/seed-0/selection-20260911.json"",""outputs/iclr_dagger_three_task/analysis/validation.json"",""outputs/iclr_dp_three_task_20260919/README.md"",""outputs/iclr_dp_three_task_20260919/analysis/validation.json"",""outputs/iclr_dp_three_task_20260919/raw/final/peg/summary_protocol-1.jsonl""]",[],,outputs/act_comparability/peg/seed-0/final/expert_protocol-descriptive-20260911.jsonl,VERIFIED_PREEXISTING_MANIFEST,"[""outputs/iclr_dagger_three_task/SHA256SUMS"",""outputs/iclr_dp_three_task_20260919/SHA256SUMS""]",N/A_OR_SAVED_AUDIT,REFERENCE_OR_NOT_RECHECKED,N/A,N/A,Protected final records bound to the declared bank and selected checkpoints in the checksum-frozen three-actor snapshot. Overlapping original ACT/expert final runs are retained only as exclusions. Snapshot provenance resolves the equal-N tie; success is not a selection criterion.,0.975,0.942821659593358,0.9892752803482386,PASS_HASH_COUNTS_UNIQUE_EPISODE_KEYS_STAGE_AND_TERMINAL_COUNTS,SUBJECT_TO_COMPARISON_AND_RATE_SUPPORT,REFERENCE,Expert reference condition,,,Standalone binomial success rate and Wilson 95% interval,outputs/iclr_dp_three_task_20260919/raw/provenance/PROTOCOL.md
S155_r0.75,S155,peg,expert,expert,N/A,N/A_SCRIPTED_EXPERT,N/A_SCRIPTED_EXPERT,N/A_SCRIPTED_EXPERT,[],N/A_SCRIPTED_EXPERT,N/A_SCRIPTED_EXPERT,N/A,N/A,protected_final,"[""final""]","[""62c7911bf934c52a8bd330d0ad8073c435c548e96e4353484c413e64e669110e""]",[74001],0.75,200,198,182,200,"{""acquired"":200,""aligned"":198,""inserted"":198,""lifted_clear"":200,""released"":198,""reoriented_upright"":199,""settled"":198}",{},"{""insertion_jam"":2,""none"":198}","{""none"":198,""sustained_pocket_contact"":2}",PARTIAL_EXPERT_INTERFACE,PASS,PASS_COUNTS_IDENTITIES,PASS_OBSERVED_90_OF_100,95,100,outputs/act_comparability/peg/seed-0/development-provenance/expert_expert.jsonl,NOT_PREDECLARED_FOR_THIS_RUN,MATCHED_EXPERT_COMPARISON,False,outputs/iclr_dp_three_task_20260919/raw/final/peg/expert_protocol-1.jsonl,b9796915292914e4b50802178a1312d73ccc2f65456001836998197942ca1566,201,400,,"[""experiments/act_comparability/AUDIT.md"",""outputs/act_comparability/peg/seed-0/selection-20260911.json"",""outputs/iclr_dagger_three_task/analysis/validation.json"",""outputs/iclr_dp_three_task_20260919/README.md"",""outputs/iclr_dp_three_task_20260919/analysis/validation.json"",""outputs/iclr_dp_three_task_20260919/raw/final/peg/summary_protocol-1.jsonl""]",[],,outputs/act_comparability/peg/seed-0/final/expert_protocol-descriptive-20260911.jsonl,VERIFIED_PREEXISTING_MANIFEST,"[""outputs/iclr_dagger_three_task/SHA256SUMS"",""outputs/iclr_dp_three_task_20260919/SHA256SUMS""]",N/A_OR_SAVED_AUDIT,REFERENCE_OR_NOT_RECHECKED,N/A,N/A,Protected final records bound to the declared bank and selected checkpoints in the checksum-frozen three-actor snapshot. Overlapping original ACT/expert final runs are retained only as exclusions. Snapshot provenance resolves the equal-N tie; success is not a selection criterion.,0.99,0.9642782382838231,0.9972533418664555,PASS_HASH_COUNTS_UNIQUE_EPISODE_KEYS_STAGE_AND_TERMINAL_COUNTS,SUBJECT_TO_COMPARISON_AND_RATE_SUPPORT,REFERENCE,Expert reference condition,,,Standalone binomial success rate and Wilson 95% interval,outputs/iclr_dp_three_task_20260919/raw/provenance/PROTOCOL.md
S155_r1,S155,peg,expert,expert,N/A,N/A_SCRIPTED_EXPERT,N/A_SCRIPTED_EXPERT,N/A_SCRIPTED_EXPERT,[],N/A_SCRIPTED_EXPERT,N/A_SCRIPTED_EXPERT,N/A,N/A,protected_final,"[""final""]","[""773c5b540cb396bae894da308a3e8345c8a308e7c38d3646a0e0286bb6f77890""]",[75001],1,200,182,182,200,"{""acquired"":200,""aligned"":182,""inserted"":182,""lifted_clear"":200,""released"":182,""reoriented_upright"":194,""settled"":182}",{},"{""insertion_jam"":18,""none"":182}","{""none"":182,""sustained_pocket_contact"":18}",PARTIAL_EXPERT_INTERFACE,PASS,PASS_COUNTS_IDENTITIES,PASS_OBSERVED_90_OF_100,95,100,outputs/act_comparability/peg/seed-0/development-provenance/expert_expert.jsonl,NOT_PREDECLARED_FOR_THIS_RUN,MATCHED_EXPERT_COMPARISON,False,outputs/iclr_dp_three_task_20260919/raw/final/peg/expert_protocol-1.jsonl,b9796915292914e4b50802178a1312d73ccc2f65456001836998197942ca1566,401,600,,"[""experiments/act_comparability/AUDIT.md"",""outputs/act_comparability/peg/seed-0/selection-20260911.json"",""outputs/iclr_dagger_three_task/analysis/validation.json"",""outputs/iclr_dp_three_task_20260919/README.md"",""outputs/iclr_dp_three_task_20260919/analysis/validation.json"",""outputs/iclr_dp_three_task_20260919/raw/final/peg/summary_protocol-1.jsonl""]",[],,outputs/act_comparability/peg/seed-0/final/expert_protocol-descriptive-20260911.jsonl,VERIFIED_PREEXISTING_MANIFEST,"[""outputs/iclr_dagger_three_task/SHA256SUMS"",""outputs/iclr_dp_three_task_20260919/SHA256SUMS""]",N/A_OR_SAVED_AUDIT,REFERENCE_OR_NOT_RECHECKED,N/A,N/A,Protected final records bound to the declared bank and selected checkpoints in the checksum-frozen three-actor snapshot. Overlapping original ACT/expert final runs are retained only as exclusions. Snapshot provenance resolves the equal-N tie; success is not a selection criterion.,0.91,0.8622342812328346,0.9423125511378069,PASS_HASH_COUNTS_UNIQUE_EPISODE_KEYS_STAGE_AND_TERMINAL_COUNTS,SUBJECT_TO_COMPARISON_AND_RATE_SUPPORT,REFERENCE,Expert reference condition,,,Standalone binomial success rate and Wilson 95% interval,outputs/iclr_dp_three_task_20260919/raw/provenance/PROTOCOL.md
S155_r1.25,S155,peg,expert,expert,N/A,N/A_SCRIPTED_EXPERT,N/A_SCRIPTED_EXPERT,N/A_SCRIPTED_EXPERT,[],N/A_SCRIPTED_EXPERT,N/A_SCRIPTED_EXPERT,N/A,N/A,protected_final,"[""final""]","[""769c0c5299d8c1965d73974ebc4dc1b9865478ec19f2d5aefa44a1698fcdde73""]",[76001],1.25,200,176,182,200,"{""acquired"":200,""aligned"":178,""inserted"":176,""lifted_clear"":200,""released"":176,""reoriented_upright"":200,""settled"":176}",{},"{""insertion_jam"":24,""none"":176}","{""none"":176,""sustained_pocket_contact"":24}",PARTIAL_EXPERT_INTERFACE,PASS,PASS_COUNTS_IDENTITIES,PASS_OBSERVED_90_OF_100,95,100,outputs/act_comparability/peg/seed-0/development-provenance/expert_expert.jsonl,NOT_PREDECLARED_FOR_THIS_RUN,MATCHED_EXPERT_COMPARISON,False,outputs/iclr_dp_three_task_20260919/raw/final/peg/expert_protocol-1.jsonl,b9796915292914e4b50802178a1312d73ccc2f65456001836998197942ca1566,601,800,,"[""experiments/act_comparability/AUDIT.md"",""outputs/act_comparability/peg/seed-0/selection-20260911.json"",""outputs/iclr_dagger_three_task/analysis/validation.json"",""outputs/iclr_dp_three_task_20260919/README.md"",""outputs/iclr_dp_three_task_20260919/analysis/validation.json"",""outputs/iclr_dp_three_task_20260919/raw/final/peg/summary_protocol-1.jsonl""]",[],,outputs/act_comparability/peg/seed-0/final/expert_protocol-descriptive-20260911.jsonl,VERIFIED_PREEXISTING_MANIFEST,"[""outputs/iclr_dagger_three_task/SHA256SUMS"",""outputs/iclr_dp_three_task_20260919/SHA256SUMS""]",N/A_OR_SAVED_AUDIT,REFERENCE_OR_NOT_RECHECKED,N/A,N/A,Protected final records bound to the declared bank and selected checkpoints in the checksum-frozen three-actor snapshot. Overlapping original ACT/expert final runs are retained only as exclusions. Snapshot provenance resolves the equal-N tie; success is not a selection criterion.,0.88,0.8276574790170326,0.9180200729362449,PASS_HASH_COUNTS_UNIQUE_EPISODE_KEYS_STAGE_AND_TERMINAL_COUNTS,SUBJECT_TO_COMPARISON_AND_RATE_SUPPORT,REFERENCE,Expert reference condition,,,Standalone binomial success rate and Wilson 95% interval,outputs/iclr_dp_three_task_20260919/raw/provenance/PROTOCOL.md
S155_r1.5,S155,peg,expert,expert,N/A,N/A_SCRIPTED_EXPERT,N/A_SCRIPTED_EXPERT,N/A_SCRIPTED_EXPERT,[],N/A_SCRIPTED_EXPERT,N/A_SCRIPTED_EXPERT,N/A,N/A,protected_final,"[""final""]","[""99d0f18b359ec6b1e6719c13e85be185725430242777bd0bac40efd09b2417e9""]",[77001],1.5,200,150,182,200,"{""acquired"":200,""aligned"":158,""inserted"":150,""lifted_clear"":200,""released"":150,""reoriented_upright"":196,""settled"":150}",{},"{""insertion_jam"":50,""none"":150}","{""none"":150,""sustained_pocket_contact"":50}",PARTIAL_EXPERT_INTERFACE,PASS,PASS_COUNTS_IDENTITIES,PASS_OBSERVED_90_OF_100,95,100,outputs/act_comparability/peg/seed-0/development-provenance/expert_expert.jsonl,NOT_PREDECLARED_FOR_THIS_RUN,MATCHED_EXPERT_COMPARISON,False,outputs/iclr_dp_three_task_20260919/raw/final/peg/expert_protocol-1.jsonl,b9796915292914e4b50802178a1312d73ccc2f65456001836998197942ca1566,801,1000,,"[""experiments/act_comparability/AUDIT.md"",""outputs/act_comparability/peg/seed-0/selection-20260911.json"",""outputs/iclr_dagger_three_task/analysis/validation.json"",""outputs/iclr_dp_three_task_20260919/README.md"",""outputs/iclr_dp_three_task_20260919/analysis/validation.json"",""outputs/iclr_dp_three_task_20260919/raw/final/peg/summary_protocol-1.jsonl""]",[],,outputs/act_comparability/peg/seed-0/final/expert_protocol-descriptive-20260911.jsonl,VERIFIED_PREEXISTING_MANIFEST,"[""outputs/iclr_dagger_three_task/SHA256SUMS"",""outputs/iclr_dp_three_task_20260919/SHA256SUMS""]",N/A_OR_SAVED_AUDIT,REFERENCE_OR_NOT_RECHECKED,N/A,N/A,Protected final records bound to the declared bank and selected checkpoints in the checksum-frozen three-actor snapshot. Overlapping original ACT/expert final runs are retained only as exclusions. Snapshot provenance resolves the equal-N tie; success is not a selection criterion.,0.75,0.6856590168795417,0.8049183199318249,PASS_HASH_COUNTS_UNIQUE_EPISODE_KEYS_STAGE_AND_TERMINAL_COUNTS,SUBJECT_TO_COMPARISON_AND_RATE_SUPPORT,REFERENCE,Expert reference condition,,,Standalone binomial success rate and Wilson 95% interval,outputs/iclr_dp_three_task_20260919/raw/provenance/PROTOCOL.md
S155_r1.75,S155,peg,expert,expert,N/A,N/A_SCRIPTED_EXPERT,N/A_SCRIPTED_EXPERT,N/A_SCRIPTED_EXPERT,[],N/A_SCRIPTED_EXPERT,N/A_SCRIPTED_EXPERT,N/A,N/A,protected_final,"[""final""]","[""8cb85e15482868092b26c9ee46d971afe82a9df62c35e3b32d79f76066476970""]",[78001],1.75,200,163,182,200,"{""acquired"":200,""aligned"":172,""inserted"":163,""lifted_clear"":200,""released"":163,""reoriented_upright"":199,""settled"":163}",{},"{""insertion_jam"":37,""none"":163}","{""none"":163,""sustained_pocket_contact"":37}",PARTIAL_EXPERT_INTERFACE,PASS,PASS_COUNTS_IDENTITIES,PASS_OBSERVED_90_OF_100,95,100,outputs/act_comparability/peg/seed-0/development-provenance/expert_expert.jsonl,NOT_PREDECLARED_FOR_THIS_RUN,MATCHED_EXPERT_COMPARISON,False,outputs/iclr_dp_three_task_20260919/raw/final/peg/expert_protocol-1.jsonl,b9796915292914e4b50802178a1312d73ccc2f65456001836998197942ca1566,1001,1200,,"[""experiments/act_comparability/AUDIT.md"",""outputs/act_comparability/peg/seed-0/selection-20260911.json"",""outputs/iclr_dagger_three_task/analysis/validation.json"",""outputs/iclr_dp_three_task_20260919/README.md"",""outputs/iclr_dp_three_task_20260919/analysis/validation.json"",""outputs/iclr_dp_three_task_20260919/raw/final/peg/summary_protocol-1.jsonl""]",[],,outputs/act_comparability/peg/seed-0/final/expert_protocol-descriptive-20260911.jsonl,VERIFIED_PREEXISTING_MANIFEST,"[""outputs/iclr_dagger_three_task/SHA256SUMS"",""outputs/iclr_dp_three_task_20260919/SHA256SUMS""]",N/A_OR_SAVED_AUDIT,REFERENCE_OR_NOT_RECHECKED,N/A,N/A,Protected final records bound to the declared bank and selected checkpoints in the checksum-frozen three-actor snapshot. Overlapping original ACT/expert final runs are retained only as exclusions. Snapshot provenance resolves the equal-N tie; success is not a selection criterion.,0.815,0.7554293723884824,0.8626980719938395,PASS_HASH_COUNTS_UNIQUE_EPISODE_KEYS_STAGE_AND_TERMINAL_COUNTS,SUBJECT_TO_COMPARISON_AND_RATE_SUPPORT,REFERENCE,Expert reference condition,,,Standalone binomial success rate and Wilson 95% interval,outputs/iclr_dp_three_task_20260919/raw/provenance/PROTOCOL.md
S155_r2,S155,peg,expert,expert,N/A,N/A_SCRIPTED_EXPERT,N/A_SCRIPTED_EXPERT,N/A_SCRIPTED_EXPERT,[],N/A_SCRIPTED_EXPERT,N/A_SCRIPTED_EXPERT,N/A,N/A,protected_final,"[""final""]","[""80170a6d88af32eca89839c0391aebb59eb22cf4afce2d0b0b2cc0b7ab8cbe7e""]",[79001],2,200,172,182,200,"{""acquired"":200,""aligned"":185,""inserted"":172,""lifted_clear"":200,""released"":172,""reoriented_upright"":198,""settled"":172}",{},"{""insertion_jam"":28,""none"":172}","{""none"":172,""sustained_pocket_contact"":28}",PARTIAL_EXPERT_INTERFACE,PASS,PASS_COUNTS_IDENTITIES,PASS_OBSERVED_90_OF_100,95,100,outputs/act_comparability/peg/seed-0/development-provenance/expert_expert.jsonl,NOT_PREDECLARED_FOR_THIS_RUN,MATCHED_EXPERT_COMPARISON,False,outputs/iclr_dp_three_task_20260919/raw/final/peg/expert_protocol-1.jsonl,b9796915292914e4b50802178a1312d73ccc2f65456001836998197942ca1566,1201,1400,,"[""experiments/act_comparability/AUDIT.md"",""outputs/act_comparability/peg/seed-0/selection-20260911.json"",""outputs/iclr_dagger_three_task/analysis/validation.json"",""outputs/iclr_dp_three_task_20260919/README.md"",""outputs/iclr_dp_three_task_20260919/analysis/validation.json"",""outputs/iclr_dp_three_task_20260919/raw/final/peg/summary_protocol-1.jsonl""]",[],,outputs/act_comparability/peg/seed-0/final/expert_protocol-descriptive-20260911.jsonl,VERIFIED_PREEXISTING_MANIFEST,"[""outputs/iclr_dagger_three_task/SHA256SUMS"",""outputs/iclr_dp_three_task_20260919/SHA256SUMS""]",N/A_OR_SAVED_AUDIT,REFERENCE_OR_NOT_RECHECKED,N/A,N/A,Protected final records bound to the declared bank and selected checkpoints in the checksum-frozen three-actor snapshot. Overlapping original ACT/expert final runs are retained only as exclusions. Snapshot provenance resolves the equal-N tie; success is not a selection criterion.,0.86,0.8051011913429243,0.9013301736654437,PASS_HASH_COUNTS_UNIQUE_EPISODE_KEYS_STAGE_AND_TERMINAL_COUNTS,SUBJECT_TO_COMPARISON_AND_RATE_SUPPORT,REFERENCE,Expert reference condition,,,Standalone binomial success rate and Wilson 95% interval,outputs/iclr_dp_three_task_20260919/raw/provenance/PROTOCOL.md
S155_r2.5,S155,peg,expert,expert,N/A,N/A_SCRIPTED_EXPERT,N/A_SCRIPTED_EXPERT,N/A_SCRIPTED_EXPERT,[],N/A_SCRIPTED_EXPERT,N/A_SCRIPTED_EXPERT,N/A,N/A,protected_final,"[""final""]","[""431b44e40964e858b4e3ee6c0717c019203c6738a84b5e7f674d218bbe1f5b37""]",[80001],2.5,200,174,182,200,"{""acquired"":200,""aligned"":192,""inserted"":175,""lifted_clear"":200,""released"":175,""reoriented_upright"":195,""settled"":175}",{},"{""insertion_jam"":25,""none"":174,""other"":1}","{""left_pocket_after_settle"":1,""none"":174,""sustained_pocket_contact"":25}",PARTIAL_EXPERT_INTERFACE,PASS,PASS_COUNTS_IDENTITIES,PASS_OBSERVED_90_OF_100,95,100,outputs/act_comparability/peg/seed-0/development-provenance/expert_expert.jsonl,NOT_PREDECLARED_FOR_THIS_RUN,MATCHED_EXPERT_COMPARISON,False,outputs/iclr_dp_three_task_20260919/raw/final/peg/expert_protocol-1.jsonl,b9796915292914e4b50802178a1312d73ccc2f65456001836998197942ca1566,1401,1600,,"[""experiments/act_comparability/AUDIT.md"",""outputs/act_comparability/peg/seed-0/selection-20260911.json"",""outputs/iclr_dagger_three_task/analysis/validation.json"",""outputs/iclr_dp_three_task_20260919/README.md"",""outputs/iclr_dp_three_task_20260919/analysis/validation.json"",""outputs/iclr_dp_three_task_20260919/raw/final/peg/summary_protocol-1.jsonl""]",[],,outputs/act_comparability/peg/seed-0/final/expert_protocol-descriptive-20260911.jsonl,VERIFIED_PREEXISTING_MANIFEST,"[""outputs/iclr_dagger_three_task/SHA256SUMS"",""outputs/iclr_dp_three_task_20260919/SHA256SUMS""]",N/A_OR_SAVED_AUDIT,REFERENCE_OR_NOT_RECHECKED,N/A,N/A,Protected final records bound to the declared bank and selected checkpoints in the checksum-frozen three-actor snapshot. Overlapping original ACT/expert final runs are retained only as exclusions. Snapshot provenance resolves the equal-N tie; success is not a selection criterion.,0.87,0.8163364812775159,0.9097179772033067,PASS_HASH_COUNTS_UNIQUE_EPISODE_KEYS_STAGE_AND_TERMINAL_COUNTS,SUBJECT_TO_COMPARISON_AND_RATE_SUPPORT,REFERENCE,Expert reference condition,,,Standalone binomial success rate and Wilson 95% interval,outputs/iclr_dp_three_task_20260919/raw/provenance/PROTOCOL.md
S156_r0.5,S156,upright,act:seed0:epoch2000,ACT,0,outputs/act_comparability/upright/seed-0/training/checkpoints/epoch-2000.pt,94888be60215900c6aff75d73ae8d4fd15535691ff16a7fcb545d34556e22fa7,execution_digest_or_selection_manifest,"[""94888be60215900c6aff75d73ae8d4fd15535691ff16a7fcb545d34556e22fa7""]",outputs/upright/demos/expert_episodes.pt,2959a476b294bbd63fe76a4a7ab4e64e1a87dfadd7e146b132559b953acfbb07,N/A,N/A,protected_final,"[""final""]","[""5bdd95631544534a6510a49e11da1731724d8e92ee8d8f20bc6f7c53717ce62b""]",[73001],0.5,200,155,194,200,"{""acquired"":198,""lifted_clear"":196,""placed"":155,""released"":155,""reoriented_upright"":160,""settled"":155}",{},"{""acquisition_failure"":2,""dropped_during_transport"":9,""none"":155,""placement_miss"":34}","{""drop_in_LIFT"":9,""never_acquired"":2,""none"":155,""place_not_reached"":34}",PASS_SCOPED_ACT_INTERFACE_AND_TRAINING_CORRECTIONS,PASS,PASS_COUNTS_IDENTITIES,PASS_OBSERVED_90_OF_100,98,100,outputs/act_comparability/upright/seed-0/development-provenance/act_epoch-2000.jsonl,NOT_PREDECLARED_FOR_THIS_RUN,MATCHED_EXPERT_COMPARISON,False,outputs/iclr_dp_three_task_20260919/raw/final/upright/act_protocol-1.jsonl,4d6c3fc672731156fab2545f25003e88cedd3744f6f648250cf09955f3839a38,1,200,,"[""experiments/act_comparability/AUDIT.md"",""outputs/act_comparability/upright/seed-0/selection-20260911.json"",""outputs/iclr_dagger_three_task/analysis/validation.json"",""outputs/iclr_dp_three_task_20260919/README.md"",""outputs/iclr_dp_three_task_20260919/analysis/validation.json"",""outputs/iclr_dp_three_task_20260919/raw/final/upright/summary_protocol-1.jsonl""]",[],,outputs/act_comparability/upright/seed-0/final/act_protocol-descriptive-20260911.jsonl,VERIFIED_PREEXISTING_MANIFEST,"[""outputs/iclr_dagger_three_task/SHA256SUMS"",""outputs/iclr_dp_three_task_20260919/SHA256SUMS""]",outputs/iclr_dp_three_task_20260919/raw/final/upright/expert_protocol-1.jsonl,PASS_RECORDED_INITIAL_CONDITIONS,0,0,Protected final records bound to the declared bank and selected checkpoints in the checksum-frozen three-actor snapshot. Overlapping original ACT/expert final runs are retained only as exclusions. Snapshot provenance resolves the equal-N tie; success is not a selection criterion.,0.775,0.7122587676433947,0.8273763028491088,PASS_HASH_COUNTS_UNIQUE_EPISODE_KEYS_STAGE_AND_TERMINAL_COUNTS,SUBJECT_TO_COMPARISON_AND_RATE_SUPPORT,VERIFIED_PAIRED,"All episode keys, recorded initial object poses, evaluation seed, jitter, corruption, action noise and physical configuration match. Bank hash, logical initial-condition IDs and final-bank metadata also match.",S158_r0.5,200,Paired expert-minus-learner difference and episode-pair bootstrap permitted; separate Wilson binomial intervals,outputs/iclr_dp_three_task_20260919/raw/provenance/PROTOCOL.md
S156_r0.75,S156,upright,act:seed0:epoch2000,ACT,0,outputs/act_comparability/upright/seed-0/training/checkpoints/epoch-2000.pt,94888be60215900c6aff75d73ae8d4fd15535691ff16a7fcb545d34556e22fa7,execution_digest_or_selection_manifest,"[""94888be60215900c6aff75d73ae8d4fd15535691ff16a7fcb545d34556e22fa7""]",outputs/upright/demos/expert_episodes.pt,2959a476b294bbd63fe76a4a7ab4e64e1a87dfadd7e146b132559b953acfbb07,N/A,N/A,protected_final,"[""final""]","[""62c7911bf934c52a8bd330d0ad8073c435c548e96e4353484c413e64e669110e""]",[74001],0.75,200,182,194,200,"{""acquired"":200,""lifted_clear"":200,""placed"":183,""released"":183,""reoriented_upright"":186,""settled"":182}",{},"{""dropped_during_transport"":9,""none"":182,""placement_miss"":8,""tipped_after_release"":1}","{""drop_in_LIFT"":1,""drop_in_REORIENT"":8,""final_tilt"":1,""none"":182,""place_not_reached"":8}",PASS_SCOPED_ACT_INTERFACE_AND_TRAINING_CORRECTIONS,PASS,PASS_COUNTS_IDENTITIES,PASS_OBSERVED_90_OF_100,98,100,outputs/act_comparability/upright/seed-0/development-provenance/act_epoch-2000.jsonl,NOT_PREDECLARED_FOR_THIS_RUN,MATCHED_EXPERT_COMPARISON,False,outputs/iclr_dp_three_task_20260919/raw/final/upright/act_protocol-1.jsonl,4d6c3fc672731156fab2545f25003e88cedd3744f6f648250cf09955f3839a38,201,400,,"[""experiments/act_comparability/AUDIT.md"",""outputs/act_comparability/upright/seed-0/selection-20260911.json"",""outputs/iclr_dagger_three_task/analysis/validation.json"",""outputs/iclr_dp_three_task_20260919/README.md"",""outputs/iclr_dp_three_task_20260919/analysis/validation.json"",""outputs/iclr_dp_three_task_20260919/raw/final/upright/summary_protocol-1.jsonl""]",[],,outputs/act_comparability/upright/seed-0/final/act_protocol-descriptive-20260911.jsonl,VERIFIED_PREEXISTING_MANIFEST,"[""outputs/iclr_dagger_three_task/SHA256SUMS"",""outputs/iclr_dp_three_task_20260919/SHA256SUMS""]",outputs/iclr_dp_three_task_20260919/raw/final/upright/expert_protocol-1.jsonl,PASS_RECORDED_INITIAL_CONDITIONS,0,0,Protected final records bound to the declared bank and selected checkpoints in the checksum-frozen three-actor snapshot. Overlapping original ACT/expert final runs are retained only as exclusions. Snapshot provenance resolves the equal-N tie; success is not a selection criterion.,0.91,0.8622342812328346,0.9423125511378069,PASS_HASH_COUNTS_UNIQUE_EPISODE_KEYS_STAGE_AND_TERMINAL_COUNTS,SUBJECT_TO_COMPARISON_AND_RATE_SUPPORT,VERIFIED_PAIRED,"All episode keys, recorded initial object poses, evaluation seed, jitter, corruption, action noise and physical configuration match. Bank hash, logical initial-condition IDs and final-bank metadata also match.",S158_r0.75,200,Paired expert-minus-learner difference and episode-pair bootstrap permitted; separate Wilson binomial intervals,outputs/iclr_dp_three_task_20260919/raw/provenance/PROTOCOL.md
S156_r1,S156,upright,act:seed0:epoch2000,ACT,0,outputs/act_comparability/upright/seed-0/training/checkpoints/epoch-2000.pt,94888be60215900c6aff75d73ae8d4fd15535691ff16a7fcb545d34556e22fa7,execution_digest_or_selection_manifest,"[""94888be60215900c6aff75d73ae8d4fd15535691ff16a7fcb545d34556e22fa7""]",outputs/upright/demos/expert_episodes.pt,2959a476b294bbd63fe76a4a7ab4e64e1a87dfadd7e146b132559b953acfbb07,N/A,N/A,protected_final,"[""final""]","[""773c5b540cb396bae894da308a3e8345c8a308e7c38d3646a0e0286bb6f77890""]",[75001],1,200,194,194,200,"{""acquired"":200,""lifted_clear"":200,""placed"":195,""released"":195,""reoriented_upright"":197,""settled"":194}",{},"{""dropped_during_transport"":3,""none"":194,""placement_miss"":2,""tipped_after_release"":1}","{""drop_in_LIFT"":1,""drop_in_REORIENT"":2,""final_tilt"":1,""none"":194,""place_not_reached"":2}",PASS_SCOPED_ACT_INTERFACE_AND_TRAINING_CORRECTIONS,PASS,PASS_COUNTS_IDENTITIES,PASS_OBSERVED_90_OF_100,98,100,outputs/act_comparability/upright/seed-0/development-provenance/act_epoch-2000.jsonl,NOT_PREDECLARED_FOR_THIS_RUN,MATCHED_EXPERT_COMPARISON,False,outputs/iclr_dp_three_task_20260919/raw/final/upright/act_protocol-1.jsonl,4d6c3fc672731156fab2545f25003e88cedd3744f6f648250cf09955f3839a38,401,600,,"[""experiments/act_comparability/AUDIT.md"",""outputs/act_comparability/upright/seed-0/selection-20260911.json"",""outputs/iclr_dagger_three_task/analysis/validation.json"",""outputs/iclr_dp_three_task_20260919/README.md"",""outputs/iclr_dp_three_task_20260919/analysis/validation.json"",""outputs/iclr_dp_three_task_20260919/raw/final/upright/summary_protocol-1.jsonl""]",[],,outputs/act_comparability/upright/seed-0/final/act_protocol-descriptive-20260911.jsonl,VERIFIED_PREEXISTING_MANIFEST,"[""outputs/iclr_dagger_three_task/SHA256SUMS"",""outputs/iclr_dp_three_task_20260919/SHA256SUMS""]",outputs/iclr_dp_three_task_20260919/raw/final/upright/expert_protocol-1.jsonl,PASS_RECORDED_INITIAL_CONDITIONS,0,0,Protected final records bound to the declared bank and selected checkpoints in the checksum-frozen three-actor snapshot. Overlapping original ACT/expert final runs are retained only as exclusions. Snapshot provenance resolves the equal-N tie; success is not a selection criterion.,0.97,0.9361057075454807,0.9861796856598887,PASS_HASH_COUNTS_UNIQUE_EPISODE_KEYS_STAGE_AND_TERMINAL_COUNTS,SUBJECT_TO_COMPARISON_AND_RATE_SUPPORT,VERIFIED_PAIRED,"All episode keys, recorded initial object poses, evaluation seed, jitter, corruption, action noise and physical configuration match. Bank hash, logical initial-condition IDs and final-bank metadata also match.",S158_r1,200,Paired expert-minus-learner difference and episode-pair bootstrap permitted; separate Wilson binomial intervals,outputs/iclr_dp_three_task_20260919/raw/provenance/PROTOCOL.md
S156_r1.25,S156,upright,act:seed0:epoch2000,ACT,0,outputs/act_comparability/upright/seed-0/training/checkpoints/epoch-2000.pt,94888be60215900c6aff75d73ae8d4fd15535691ff16a7fcb545d34556e22fa7,execution_digest_or_selection_manifest,"[""94888be60215900c6aff75d73ae8d4fd15535691ff16a7fcb545d34556e22fa7""]",outputs/upright/demos/expert_episodes.pt,2959a476b294bbd63fe76a4a7ab4e64e1a87dfadd7e146b132559b953acfbb07,N/A,N/A,protected_final,"[""final""]","[""769c0c5299d8c1965d73974ebc4dc1b9865478ec19f2d5aefa44a1698fcdde73""]",[76001],1.25,200,199,194,200,"{""acquired"":200,""lifted_clear"":200,""placed"":199,""released"":199,""reoriented_upright"":200,""settled"":199}",{},"{""dropped_during_transport"":1,""none"":199}","{""drop_in_REORIENT"":1,""none"":199}",PASS_SCOPED_ACT_INTERFACE_AND_TRAINING_CORRECTIONS,PASS,PASS_COUNTS_IDENTITIES,PASS_OBSERVED_90_OF_100,98,100,outputs/act_comparability/upright/seed-0/development-provenance/act_epoch-2000.jsonl,NOT_PREDECLARED_FOR_THIS_RUN,MATCHED_EXPERT_COMPARISON,False,outputs/iclr_dp_three_task_20260919/raw/final/upright/act_protocol-1.jsonl,4d6c3fc672731156fab2545f25003e88cedd3744f6f648250cf09955f3839a38,601,800,,"[""experiments/act_comparability/AUDIT.md"",""outputs/act_comparability/upright/seed-0/selection-20260911.json"",""outputs/iclr_dagger_three_task/analysis/validation.json"",""outputs/iclr_dp_three_task_20260919/README.md"",""outputs/iclr_dp_three_task_20260919/analysis/validation.json"",""outputs/iclr_dp_three_task_20260919/raw/final/upright/summary_protocol-1.jsonl""]",[],,outputs/act_comparability/upright/seed-0/final/act_protocol-descriptive-20260911.jsonl,VERIFIED_PREEXISTING_MANIFEST,"[""outputs/iclr_dagger_three_task/SHA256SUMS"",""outputs/iclr_dp_three_task_20260919/SHA256SUMS""]",outputs/iclr_dp_three_task_20260919/raw/final/upright/expert_protocol-1.jsonl,PASS_RECORDED_INITIAL_CONDITIONS,0,0,Protected final records bound to the declared bank and selected checkpoints in the checksum-frozen three-actor snapshot. Overlapping original ACT/expert final runs are retained only as exclusions. Snapshot provenance resolves the equal-N tie; success is not a selection criterion.,0.995,0.9722262956021069,0.9991168312843989,PASS_HASH_COUNTS_UNIQUE_EPISODE_KEYS_STAGE_AND_TERMINAL_COUNTS,SUBJECT_TO_COMPARISON_AND_RATE_SUPPORT,VERIFIED_PAIRED,"All episode keys, recorded initial object poses, evaluation seed, jitter, corruption, action noise and physical configuration match. Bank hash, logical initial-condition IDs and final-bank metadata also match.",S158_r1.25,200,Paired expert-minus-learner difference and episode-pair bootstrap permitted; separate Wilson binomial intervals,outputs/iclr_dp_three_task_20260919/raw/provenance/PROTOCOL.md
S156_r1.5,S156,upright,act:seed0:epoch2000,ACT,0,outputs/act_comparability/upright/seed-0/training/checkpoints/epoch-2000.pt,94888be60215900c6aff75d73ae8d4fd15535691ff16a7fcb545d34556e22fa7,execution_digest_or_selection_manifest,"[""94888be60215900c6aff75d73ae8d4fd15535691ff16a7fcb545d34556e22fa7""]",outputs/upright/demos/expert_episodes.pt,2959a476b294bbd63fe76a4a7ab4e64e1a87dfadd7e146b132559b953acfbb07,N/A,N/A,protected_final,"[""final""]","[""99d0f18b359ec6b1e6719c13e85be185725430242777bd0bac40efd09b2417e9""]",[77001],1.5,200,198,194,200,"{""acquired"":200,""lifted_clear"":200,""placed"":199,""released"":199,""reoriented_upright"":200,""settled"":198}",{},"{""dropped_during_transport"":1,""none"":198,""tipped_after_release"":1}","{""drop_in_LOWER"":1,""left_target_after_release"":1,""none"":198}",PASS_SCOPED_ACT_INTERFACE_AND_TRAINING_CORRECTIONS,PASS,PASS_COUNTS_IDENTITIES,PASS_OBSERVED_90_OF_100,98,100,outputs/act_comparability/upright/seed-0/development-provenance/act_epoch-2000.jsonl,NOT_PREDECLARED_FOR_THIS_RUN,MATCHED_EXPERT_COMPARISON,False,outputs/iclr_dp_three_task_20260919/raw/final/upright/act_protocol-1.jsonl,4d6c3fc672731156fab2545f25003e88cedd3744f6f648250cf09955f3839a38,801,1000,,"[""experiments/act_comparability/AUDIT.md"",""outputs/act_comparability/upright/seed-0/selection-20260911.json"",""outputs/iclr_dagger_three_task/analysis/validation.json"",""outputs/iclr_dp_three_task_20260919/README.md"",""outputs/iclr_dp_three_task_20260919/analysis/validation.json"",""outputs/iclr_dp_three_task_20260919/raw/final/upright/summary_protocol-1.jsonl""]",[],,outputs/act_comparability/upright/seed-0/final/act_protocol-descriptive-20260911.jsonl,VERIFIED_PREEXISTING_MANIFEST,"[""outputs/iclr_dagger_three_task/SHA256SUMS"",""outputs/iclr_dp_three_task_20260919/SHA256SUMS""]",outputs/iclr_dp_three_task_20260919/raw/final/upright/expert_protocol-1.jsonl,PASS_RECORDED_INITIAL_CONDITIONS,0,0,Protected final records bound to the declared bank and selected checkpoints in the checksum-frozen three-actor snapshot. Overlapping original ACT/expert final runs are retained only as exclusions. Snapshot provenance resolves the equal-N tie; success is not a selection criterion.,0.99,0.9642782382838231,0.9972533418664555,PASS_HASH_COUNTS_UNIQUE_EPISODE_KEYS_STAGE_AND_TERMINAL_COUNTS,SUBJECT_TO_COMPARISON_AND_RATE_SUPPORT,VERIFIED_PAIRED,"All episode keys, recorded initial object poses, evaluation seed, jitter, corruption, action noise and physical configuration match. Bank hash, logical initial-condition IDs and final-bank metadata also match.",S158_r1.5,200,Paired expert-minus-learner difference and episode-pair bootstrap permitted; separate Wilson binomial intervals,outputs/iclr_dp_three_task_20260919/raw/provenance/PROTOCOL.md
S156_r1.75,S156,upright,act:seed0:epoch2000,ACT,0,outputs/act_comparability/upright/seed-0/training/checkpoints/epoch-2000.pt,94888be60215900c6aff75d73ae8d4fd15535691ff16a7fcb545d34556e22fa7,execution_digest_or_selection_manifest,"[""94888be60215900c6aff75d73ae8d4fd15535691ff16a7fcb545d34556e22fa7""]",outputs/upright/demos/expert_episodes.pt,2959a476b294bbd63fe76a4a7ab4e64e1a87dfadd7e146b132559b953acfbb07,N/A,N/A,protected_final,"[""final""]","[""8cb85e15482868092b26c9ee46d971afe82a9df62c35e3b32d79f76066476970""]",[78001],1.75,200,194,194,200,"{""acquired"":200,""lifted_clear"":200,""placed"":198,""released"":198,""reoriented_upright"":199,""settled"":194}",{},"{""dropped_during_transport"":2,""none"":194,""tipped_after_release"":4}","{""drop_in_LIFT"":1,""drop_in_REORIENT"":1,""final_tilt"":2,""left_target_after_release"":2,""none"":194}",PASS_SCOPED_ACT_INTERFACE_AND_TRAINING_CORRECTIONS,PASS,PASS_COUNTS_IDENTITIES,PASS_OBSERVED_90_OF_100,98,100,outputs/act_comparability/upright/seed-0/development-provenance/act_epoch-2000.jsonl,NOT_PREDECLARED_FOR_THIS_RUN,MATCHED_EXPERT_COMPARISON,False,outputs/iclr_dp_three_task_20260919/raw/final/upright/act_protocol-1.jsonl,4d6c3fc672731156fab2545f25003e88cedd3744f6f648250cf09955f3839a38,1001,1200,,"[""experiments/act_comparability/AUDIT.md"",""outputs/act_comparability/upright/seed-0/selection-20260911.json"",""outputs/iclr_dagger_three_task/analysis/validation.json"",""outputs/iclr_dp_three_task_20260919/README.md"",""outputs/iclr_dp_three_task_20260919/analysis/validation.json"",""outputs/iclr_dp_three_task_20260919/raw/final/upright/summary_protocol-1.jsonl""]",[],,outputs/act_comparability/upright/seed-0/final/act_protocol-descriptive-20260911.jsonl,VERIFIED_PREEXISTING_MANIFEST,"[""outputs/iclr_dagger_three_task/SHA256SUMS"",""outputs/iclr_dp_three_task_20260919/SHA256SUMS""]",outputs/iclr_dp_three_task_20260919/raw/final/upright/expert_protocol-1.jsonl,PASS_RECORDED_INITIAL_CONDITIONS,0,0,Protected final records bound to the declared bank and selected checkpoints in the checksum-frozen three-actor snapshot. Overlapping original ACT/expert final runs are retained only as exclusions. Snapshot provenance resolves the equal-N tie; success is not a selection criterion.,0.97,0.9361057075454807,0.9861796856598887,PASS_HASH_COUNTS_UNIQUE_EPISODE_KEYS_STAGE_AND_TERMINAL_COUNTS,SUBJECT_TO_COMPARISON_AND_RATE_SUPPORT,VERIFIED_PAIRED,"All episode keys, recorded initial object poses, evaluation seed, jitter, corruption, action noise and physical configuration match. Bank hash, logical initial-condition IDs and final-bank metadata also match.",S158_r1.75,200,Paired expert-minus-learner difference and episode-pair bootstrap permitted; separate Wilson binomial intervals,outputs/iclr_dp_three_task_20260919/raw/provenance/PROTOCOL.md
S156_r2,S156,upright,act:seed0:epoch2000,ACT,0,outputs/act_comparability/upright/seed-0/training/checkpoints/epoch-2000.pt,94888be60215900c6aff75d73ae8d4fd15535691ff16a7fcb545d34556e22fa7,execution_digest_or_selection_manifest,"[""94888be60215900c6aff75d73ae8d4fd15535691ff16a7fcb545d34556e22fa7""]",outputs/upright/demos/expert_episodes.pt,2959a476b294bbd63fe76a4a7ab4e64e1a87dfadd7e146b132559b953acfbb07,N/A,N/A,protected_final,"[""final""]","[""80170a6d88af32eca89839c0391aebb59eb22cf4afce2d0b0b2cc0b7ab8cbe7e""]",[79001],2,200,24,194,200,"{""acquired"":200,""lifted_clear"":200,""placed"":197,""released"":197,""reoriented_upright"":199,""settled"":24}",{},"{""dropped_during_transport"":3,""none"":24,""tipped_after_release"":173}","{""drop_in_REORIENT"":3,""final_tilt"":5,""left_target_after_release"":168,""none"":24}",PASS_SCOPED_ACT_INTERFACE_AND_TRAINING_CORRECTIONS,PASS,PASS_COUNTS_IDENTITIES,PASS_OBSERVED_90_OF_100,98,100,outputs/act_comparability/upright/seed-0/development-provenance/act_epoch-2000.jsonl,NOT_PREDECLARED_FOR_THIS_RUN,MATCHED_EXPERT_COMPARISON,False,outputs/iclr_dp_three_task_20260919/raw/final/upright/act_protocol-1.jsonl,4d6c3fc672731156fab2545f25003e88cedd3744f6f648250cf09955f3839a38,1201,1400,,"[""experiments/act_comparability/AUDIT.md"",""outputs/act_comparability/upright/seed-0/selection-20260911.json"",""outputs/iclr_dagger_three_task/analysis/validation.json"",""outputs/iclr_dp_three_task_20260919/README.md"",""outputs/iclr_dp_three_task_20260919/analysis/validation.json"",""outputs/iclr_dp_three_task_20260919/raw/final/upright/summary_protocol-1.jsonl""]",[],,outputs/act_comparability/upright/seed-0/final/act_protocol-descriptive-20260911.jsonl,VERIFIED_PREEXISTING_MANIFEST,"[""outputs/iclr_dagger_three_task/SHA256SUMS"",""outputs/iclr_dp_three_task_20260919/SHA256SUMS""]",outputs/iclr_dp_three_task_20260919/raw/final/upright/expert_protocol-1.jsonl,PASS_RECORDED_INITIAL_CONDITIONS,0,0,Protected final records bound to the declared bank and selected checkpoints in the checksum-frozen three-actor snapshot. Overlapping original ACT/expert final runs are retained only as exclusions. Snapshot provenance resolves the equal-N tie; success is not a selection criterion.,0.12,0.08197992706375512,0.17234252098296743,PASS_HASH_COUNTS_UNIQUE_EPISODE_KEYS_STAGE_AND_TERMINAL_COUNTS,SUBJECT_TO_COMPARISON_AND_RATE_SUPPORT,VERIFIED_PAIRED,"All episode keys, recorded initial object poses, evaluation seed, jitter, corruption, action noise and physical configuration match. Bank hash, logical initial-condition IDs and final-bank metadata also match.",S158_r2,200,Paired expert-minus-learner difference and episode-pair bootstrap permitted; separate Wilson binomial intervals,outputs/iclr_dp_three_task_20260919/raw/provenance/PROTOCOL.md
S156_r2.5,S156,upright,act:seed0:epoch2000,ACT,0,outputs/act_comparability/upright/seed-0/training/checkpoints/epoch-2000.pt,94888be60215900c6aff75d73ae8d4fd15535691ff16a7fcb545d34556e22fa7,execution_digest_or_selection_manifest,"[""94888be60215900c6aff75d73ae8d4fd15535691ff16a7fcb545d34556e22fa7""]",outputs/upright/demos/expert_episodes.pt,2959a476b294bbd63fe76a4a7ab4e64e1a87dfadd7e146b132559b953acfbb07,N/A,N/A,protected_final,"[""final""]","[""431b44e40964e858b4e3ee6c0717c019203c6738a84b5e7f674d218bbe1f5b37""]",[80001],2.5,200,0,194,200,"{""acquired"":0,""lifted_clear"":0,""placed"":0,""released"":0,""reoriented_upright"":0,""settled"":0}",{},"{""acquisition_failure"":200}","{""never_acquired"":200}",PASS_SCOPED_ACT_INTERFACE_AND_TRAINING_CORRECTIONS,PASS,PASS_COUNTS_IDENTITIES,PASS_OBSERVED_90_OF_100,98,100,outputs/act_comparability/upright/seed-0/development-provenance/act_epoch-2000.jsonl,NOT_PREDECLARED_FOR_THIS_RUN,MATCHED_EXPERT_COMPARISON,False,outputs/iclr_dp_three_task_20260919/raw/final/upright/act_protocol-1.jsonl,4d6c3fc672731156fab2545f25003e88cedd3744f6f648250cf09955f3839a38,1401,1600,,"[""experiments/act_comparability/AUDIT.md"",""outputs/act_comparability/upright/seed-0/selection-20260911.json"",""outputs/iclr_dagger_three_task/analysis/validation.json"",""outputs/iclr_dp_three_task_20260919/README.md"",""outputs/iclr_dp_three_task_20260919/analysis/validation.json"",""outputs/iclr_dp_three_task_20260919/raw/final/upright/summary_protocol-1.jsonl""]",[],,outputs/act_comparability/upright/seed-0/final/act_protocol-descriptive-20260911.jsonl,VERIFIED_PREEXISTING_MANIFEST,"[""outputs/iclr_dagger_three_task/SHA256SUMS"",""outputs/iclr_dp_three_task_20260919/SHA256SUMS""]",outputs/iclr_dp_three_task_20260919/raw/final/upright/expert_protocol-1.jsonl,PASS_RECORDED_INITIAL_CONDITIONS,0,0,Protected final records bound to the declared bank and selected checkpoints in the checksum-frozen three-actor snapshot. Overlapping original ACT/expert final runs are retained only as exclusions. Snapshot provenance resolves the equal-N tie; success is not a selection criterion.,0,1.734723475976807e-18,0.018845326377266575,PASS_HASH_COUNTS_UNIQUE_EPISODE_KEYS_STAGE_AND_TERMINAL_COUNTS,SUBJECT_TO_COMPARISON_AND_RATE_SUPPORT,VERIFIED_PAIRED,"All episode keys, recorded initial object poses, evaluation seed, jitter, corruption, action noise and physical configuration match. Bank hash, logical initial-condition IDs and final-bank metadata also match.",S158_r2.5,200,Paired expert-minus-learner difference and episode-pair bootstrap permitted; separate Wilson binomial intervals,outputs/iclr_dp_three_task_20260919/raw/provenance/PROTOCOL.md
S157_r0.5,S157,upright,dp:seed42:epoch300,Diffusion Policy,42,outputs/iclr_dp_three_task_20260919/raw/checkpoints/dp_upright.pt,20e22e97eb4cdac0dface0fe3ac2a0cbc6bc7691336b44ebbab9c39304779ce8,execution_digest_and_frozen_snapshot,"[""20e22e97eb4cdac0dface0fe3ac2a0cbc6bc7691336b44ebbab9c39304779ce8""]",outputs/upright/demos/expert_episodes.pt,2959a476b294bbd63fe76a4a7ab4e64e1a87dfadd7e146b132559b953acfbb07,N/A,N/A,protected_final,"[""final""]","[""5bdd95631544534a6510a49e11da1731724d8e92ee8d8f20bc6f7c53717ce62b""]",[73001],0.5,200,155,181,200,"{""acquired"":200,""lifted_clear"":198,""placed"":160,""released"":160,""reoriented_upright"":178,""settled"":155}",{},"{""dropped_during_transport"":10,""none"":155,""placement_miss"":30,""tipped_after_release"":5}","{""drop_in_LIFT"":9,""drop_in_REORIENT"":1,""final_tilt"":4,""left_target_after_release"":1,""none"":155,""place_not_reached"":30}",PARTIAL_INTERFACE_AND_CHECKPOINT_NO_FULL_DP_AUDIT,PASS,PASS_COUNTS_IDENTITIES,FAIL_90_OF_100,87,100,outputs/iclr_dp_three_task_20260919/raw/training/upright/diag.jsonl,NOT_PREDECLARED_FOR_THIS_RUN,UNMATCHED_SPEED_EVALUATION,False,outputs/iclr_dp_three_task_20260919/raw/final/upright/dp_protocol-1.jsonl,20e670302d7b372e6faec238ad4d0abbb56767fea5eb4c9882a57727504b5fc2,1,200,,"[""outputs/iclr_dagger_three_task/analysis/validation.json"",""outputs/iclr_dp_three_task_20260919/README.md"",""outputs/iclr_dp_three_task_20260919/analysis/validation.json"",""outputs/iclr_dp_three_task_20260919/raw/final/upright/summary_protocol-1.jsonl""]",[],,,VERIFIED_PREEXISTING_MANIFEST,"[""outputs/iclr_dagger_three_task/SHA256SUMS"",""outputs/iclr_dp_three_task_20260919/SHA256SUMS""]",outputs/iclr_dp_three_task_20260919/raw/final/upright/expert_protocol-1.jsonl,PASS_RECORDED_INITIAL_CONDITIONS,0,0,Protected final records bound to the declared bank and selected checkpoints in the checksum-frozen three-actor snapshot. Overlapping original ACT/expert final runs are retained only as exclusions. Snapshot provenance resolves the equal-N tie; success is not a selection criterion.,0.775,0.7122587676433947,0.8273763028491088,PASS_HASH_COUNTS_UNIQUE_EPISODE_KEYS_STAGE_AND_TERMINAL_COUNTS,SUBJECT_TO_COMPARISON_AND_RATE_SUPPORT,VERIFIED_PAIRED,"All episode keys, recorded initial object poses, evaluation seed, jitter, corruption, action noise and physical configuration match. Bank hash, logical initial-condition IDs and final-bank metadata also match.",S158_r0.5,200,Paired expert-minus-learner difference and episode-pair bootstrap permitted; separate Wilson binomial intervals,outputs/iclr_dp_three_task_20260919/raw/provenance/PROTOCOL.md
S157_r0.75,S157,upright,dp:seed42:epoch300,Diffusion Policy,42,outputs/iclr_dp_three_task_20260919/raw/checkpoints/dp_upright.pt,20e22e97eb4cdac0dface0fe3ac2a0cbc6bc7691336b44ebbab9c39304779ce8,execution_digest_and_frozen_snapshot,"[""20e22e97eb4cdac0dface0fe3ac2a0cbc6bc7691336b44ebbab9c39304779ce8""]",outputs/upright/demos/expert_episodes.pt,2959a476b294bbd63fe76a4a7ab4e64e1a87dfadd7e146b132559b953acfbb07,N/A,N/A,protected_final,"[""final""]","[""62c7911bf934c52a8bd330d0ad8073c435c548e96e4353484c413e64e669110e""]",[74001],0.75,200,150,181,200,"{""acquired"":200,""lifted_clear"":199,""placed"":159,""released"":159,""reoriented_upright"":172,""settled"":150}",{},"{""dropped_during_transport"":22,""none"":150,""placement_miss"":19,""tipped_after_release"":9}","{""drop_in_LIFT"":7,""drop_in_LOWER"":1,""drop_in_REORIENT"":9,""drop_in_TRANSFER"":5,""final_tilt"":9,""none"":150,""place_not_reached"":19}",PARTIAL_INTERFACE_AND_CHECKPOINT_NO_FULL_DP_AUDIT,PASS,PASS_COUNTS_IDENTITIES,FAIL_90_OF_100,87,100,outputs/iclr_dp_three_task_20260919/raw/training/upright/diag.jsonl,NOT_PREDECLARED_FOR_THIS_RUN,UNMATCHED_SPEED_EVALUATION,False,outputs/iclr_dp_three_task_20260919/raw/final/upright/dp_protocol-1.jsonl,20e670302d7b372e6faec238ad4d0abbb56767fea5eb4c9882a57727504b5fc2,201,400,,"[""outputs/iclr_dagger_three_task/analysis/validation.json"",""outputs/iclr_dp_three_task_20260919/README.md"",""outputs/iclr_dp_three_task_20260919/analysis/validation.json"",""outputs/iclr_dp_three_task_20260919/raw/final/upright/summary_protocol-1.jsonl""]",[],,,VERIFIED_PREEXISTING_MANIFEST,"[""outputs/iclr_dagger_three_task/SHA256SUMS"",""outputs/iclr_dp_three_task_20260919/SHA256SUMS""]",outputs/iclr_dp_three_task_20260919/raw/final/upright/expert_protocol-1.jsonl,PASS_RECORDED_INITIAL_CONDITIONS,0,0,Protected final records bound to the declared bank and selected checkpoints in the checksum-frozen three-actor snapshot. Overlapping original ACT/expert final runs are retained only as exclusions. Snapshot provenance resolves the equal-N tie; success is not a selection criterion.,0.75,0.6856590168795417,0.8049183199318249,PASS_HASH_COUNTS_UNIQUE_EPISODE_KEYS_STAGE_AND_TERMINAL_COUNTS,SUBJECT_TO_COMPARISON_AND_RATE_SUPPORT,VERIFIED_PAIRED,"All episode keys, recorded initial object poses, evaluation seed, jitter, corruption, action noise and physical configuration match. Bank hash, logical initial-condition IDs and final-bank metadata also match.",S158_r0.75,200,Paired expert-minus-learner difference and episode-pair bootstrap permitted; separate Wilson binomial intervals,outputs/iclr_dp_three_task_20260919/raw/provenance/PROTOCOL.md
S157_r1,S157,upright,dp:seed42:epoch300,Diffusion Policy,42,outputs/iclr_dp_three_task_20260919/raw/checkpoints/dp_upright.pt,20e22e97eb4cdac0dface0fe3ac2a0cbc6bc7691336b44ebbab9c39304779ce8,execution_digest_and_frozen_snapshot,"[""20e22e97eb4cdac0dface0fe3ac2a0cbc6bc7691336b44ebbab9c39304779ce8""]",outputs/upright/demos/expert_episodes.pt,2959a476b294bbd63fe76a4a7ab4e64e1a87dfadd7e146b132559b953acfbb07,N/A,N/A,protected_final,"[""final""]","[""773c5b540cb396bae894da308a3e8345c8a308e7c38d3646a0e0286bb6f77890""]",[75001],1,200,181,181,200,"{""acquired"":200,""lifted_clear"":200,""placed"":189,""released"":189,""reoriented_upright"":193,""settled"":181}",{},"{""dropped_during_transport"":7,""none"":181,""placement_miss"":4,""tipped_after_release"":8}","{""drop_in_LIFT"":1,""drop_in_REORIENT"":6,""final_tilt"":8,""none"":181,""place_not_reached"":4}",PARTIAL_INTERFACE_AND_CHECKPOINT_NO_FULL_DP_AUDIT,PASS,PASS_COUNTS_IDENTITIES,FAIL_90_OF_100,87,100,outputs/iclr_dp_three_task_20260919/raw/training/upright/diag.jsonl,NOT_PREDECLARED_FOR_THIS_RUN,UNMATCHED_SPEED_EVALUATION,False,outputs/iclr_dp_three_task_20260919/raw/final/upright/dp_protocol-1.jsonl,20e670302d7b372e6faec238ad4d0abbb56767fea5eb4c9882a57727504b5fc2,401,600,,"[""outputs/iclr_dagger_three_task/analysis/validation.json"",""outputs/iclr_dp_three_task_20260919/README.md"",""outputs/iclr_dp_three_task_20260919/analysis/validation.json"",""outputs/iclr_dp_three_task_20260919/raw/final/upright/summary_protocol-1.jsonl""]",[],,,VERIFIED_PREEXISTING_MANIFEST,"[""outputs/iclr_dagger_three_task/SHA256SUMS"",""outputs/iclr_dp_three_task_20260919/SHA256SUMS""]",outputs/iclr_dp_three_task_20260919/raw/final/upright/expert_protocol-1.jsonl,PASS_RECORDED_INITIAL_CONDITIONS,0,0,Protected final records bound to the declared bank and selected checkpoints in the checksum-frozen three-actor snapshot. Overlapping original ACT/expert final runs are retained only as exclusions. Snapshot provenance resolves the equal-N tie; success is not a selection criterion.,0.905,0.8563983883518006,0.9383368972826135,PASS_HASH_COUNTS_UNIQUE_EPISODE_KEYS_STAGE_AND_TERMINAL_COUNTS,SUBJECT_TO_COMPARISON_AND_RATE_SUPPORT,VERIFIED_PAIRED,"All episode keys, recorded initial object poses, evaluation seed, jitter, corruption, action noise and physical configuration match. Bank hash, logical initial-condition IDs and final-bank metadata also match.",S158_r1,200,Paired expert-minus-learner difference and episode-pair bootstrap permitted; separate Wilson binomial intervals,outputs/iclr_dp_three_task_20260919/raw/provenance/PROTOCOL.md
S157_r1.25,S157,upright,dp:seed42:epoch300,Diffusion Policy,42,outputs/iclr_dp_three_task_20260919/raw/checkpoints/dp_upright.pt,20e22e97eb4cdac0dface0fe3ac2a0cbc6bc7691336b44ebbab9c39304779ce8,execution_digest_and_frozen_snapshot,"[""20e22e97eb4cdac0dface0fe3ac2a0cbc6bc7691336b44ebbab9c39304779ce8""]",outputs/upright/demos/expert_episodes.pt,2959a476b294bbd63fe76a4a7ab4e64e1a87dfadd7e146b132559b953acfbb07,N/A,N/A,protected_final,"[""final""]","[""769c0c5299d8c1965d73974ebc4dc1b9865478ec19f2d5aefa44a1698fcdde73""]",[76001],1.25,200,174,181,200,"{""acquired"":200,""lifted_clear"":200,""placed"":189,""released"":189,""reoriented_upright"":191,""settled"":174}",{},"{""dropped_during_transport"":9,""none"":174,""placement_miss"":2,""tipped_after_release"":15}","{""drop_in_LIFT"":1,""drop_in_REORIENT"":7,""drop_in_TRANSFER"":1,""final_tilt"":15,""none"":174,""place_not_reached"":2}",PARTIAL_INTERFACE_AND_CHECKPOINT_NO_FULL_DP_AUDIT,PASS,PASS_COUNTS_IDENTITIES,FAIL_90_OF_100,87,100,outputs/iclr_dp_three_task_20260919/raw/training/upright/diag.jsonl,NOT_PREDECLARED_FOR_THIS_RUN,UNMATCHED_SPEED_EVALUATION,False,outputs/iclr_dp_three_task_20260919/raw/final/upright/dp_protocol-1.jsonl,20e670302d7b372e6faec238ad4d0abbb56767fea5eb4c9882a57727504b5fc2,601,800,,"[""outputs/iclr_dagger_three_task/analysis/validation.json"",""outputs/iclr_dp_three_task_20260919/README.md"",""outputs/iclr_dp_three_task_20260919/analysis/validation.json"",""outputs/iclr_dp_three_task_20260919/raw/final/upright/summary_protocol-1.jsonl""]",[],,,VERIFIED_PREEXISTING_MANIFEST,"[""outputs/iclr_dagger_three_task/SHA256SUMS"",""outputs/iclr_dp_three_task_20260919/SHA256SUMS""]",outputs/iclr_dp_three_task_20260919/raw/final/upright/expert_protocol-1.jsonl,PASS_RECORDED_INITIAL_CONDITIONS,0,0,Protected final records bound to the declared bank and selected checkpoints in the checksum-frozen three-actor snapshot. Overlapping original ACT/expert final runs are retained only as exclusions. Snapshot provenance resolves the equal-N tie; success is not a selection criterion.,0.87,0.8163364812775159,0.9097179772033067,PASS_HASH_COUNTS_UNIQUE_EPISODE_KEYS_STAGE_AND_TERMINAL_COUNTS,SUBJECT_TO_COMPARISON_AND_RATE_SUPPORT,VERIFIED_PAIRED,"All episode keys, recorded initial object poses, evaluation seed, jitter, corruption, action noise and physical configuration match. Bank hash, logical initial-condition IDs and final-bank metadata also match.",S158_r1.25,200,Paired expert-minus-learner difference and episode-pair bootstrap permitted; separate Wilson binomial intervals,outputs/iclr_dp_three_task_20260919/raw/provenance/PROTOCOL.md
S157_r1.5,S157,upright,dp:seed42:epoch300,Diffusion Policy,42,outputs/iclr_dp_three_task_20260919/raw/checkpoints/dp_upright.pt,20e22e97eb4cdac0dface0fe3ac2a0cbc6bc7691336b44ebbab9c39304779ce8,execution_digest_and_frozen_snapshot,"[""20e22e97eb4cdac0dface0fe3ac2a0cbc6bc7691336b44ebbab9c39304779ce8""]",outputs/upright/demos/expert_episodes.pt,2959a476b294bbd63fe76a4a7ab4e64e1a87dfadd7e146b132559b953acfbb07,N/A,N/A,protected_final,"[""final""]","[""99d0f18b359ec6b1e6719c13e85be185725430242777bd0bac40efd09b2417e9""]",[77001],1.5,200,180,181,200,"{""acquired"":200,""lifted_clear"":198,""placed"":192,""released"":192,""reoriented_upright"":194,""settled"":180}",{},"{""dropped_during_transport"":6,""none"":180,""placement_miss"":2,""tipped_after_release"":12}","{""drop_in_LIFT"":5,""drop_in_REORIENT"":1,""final_tilt"":12,""none"":180,""place_not_reached"":2}",PARTIAL_INTERFACE_AND_CHECKPOINT_NO_FULL_DP_AUDIT,PASS,PASS_COUNTS_IDENTITIES,FAIL_90_OF_100,87,100,outputs/iclr_dp_three_task_20260919/raw/training/upright/diag.jsonl,NOT_PREDECLARED_FOR_THIS_RUN,UNMATCHED_SPEED_EVALUATION,False,outputs/iclr_dp_three_task_20260919/raw/final/upright/dp_protocol-1.jsonl,20e670302d7b372e6faec238ad4d0abbb56767fea5eb4c9882a57727504b5fc2,801,1000,,"[""outputs/iclr_dagger_three_task/analysis/validation.json"",""outputs/iclr_dp_three_task_20260919/README.md"",""outputs/iclr_dp_three_task_20260919/analysis/validation.json"",""outputs/iclr_dp_three_task_20260919/raw/final/upright/summary_protocol-1.jsonl""]",[],,,VERIFIED_PREEXISTING_MANIFEST,"[""outputs/iclr_dagger_three_task/SHA256SUMS"",""outputs/iclr_dp_three_task_20260919/SHA256SUMS""]",outputs/iclr_dp_three_task_20260919/raw/final/upright/expert_protocol-1.jsonl,PASS_RECORDED_INITIAL_CONDITIONS,0,0,Protected final records bound to the declared bank and selected checkpoints in the checksum-frozen three-actor snapshot. Overlapping original ACT/expert final runs are retained only as exclusions. Snapshot provenance resolves the equal-N tie; success is not a selection criterion.,0.9,0.8505941875672826,0.9343295513309041,PASS_HASH_COUNTS_UNIQUE_EPISODE_KEYS_STAGE_AND_TERMINAL_COUNTS,SUBJECT_TO_COMPARISON_AND_RATE_SUPPORT,VERIFIED_PAIRED,"All episode keys, recorded initial object poses, evaluation seed, jitter, corruption, action noise and physical configuration match. Bank hash, logical initial-condition IDs and final-bank metadata also match.",S158_r1.5,200,Paired expert-minus-learner difference and episode-pair bootstrap permitted; separate Wilson binomial intervals,outputs/iclr_dp_three_task_20260919/raw/provenance/PROTOCOL.md
S157_r1.75,S157,upright,dp:seed42:epoch300,Diffusion Policy,42,outputs/iclr_dp_three_task_20260919/raw/checkpoints/dp_upright.pt,20e22e97eb4cdac0dface0fe3ac2a0cbc6bc7691336b44ebbab9c39304779ce8,execution_digest_and_frozen_snapshot,"[""20e22e97eb4cdac0dface0fe3ac2a0cbc6bc7691336b44ebbab9c39304779ce8""]",outputs/upright/demos/expert_episodes.pt,2959a476b294bbd63fe76a4a7ab4e64e1a87dfadd7e146b132559b953acfbb07,N/A,N/A,protected_final,"[""final""]","[""8cb85e15482868092b26c9ee46d971afe82a9df62c35e3b32d79f76066476970""]",[78001],1.75,200,172,181,200,"{""acquired"":200,""lifted_clear"":193,""placed"":190,""released"":190,""reoriented_upright"":192,""settled"":172}",{},"{""dropped_during_transport"":8,""none"":172,""placement_miss"":2,""tipped_after_release"":18}","{""drop_in_LIFT"":8,""final_tilt"":7,""left_target_after_release"":11,""none"":172,""place_not_reached"":2}",PARTIAL_INTERFACE_AND_CHECKPOINT_NO_FULL_DP_AUDIT,PASS,PASS_COUNTS_IDENTITIES,FAIL_90_OF_100,87,100,outputs/iclr_dp_three_task_20260919/raw/training/upright/diag.jsonl,NOT_PREDECLARED_FOR_THIS_RUN,UNMATCHED_SPEED_EVALUATION,False,outputs/iclr_dp_three_task_20260919/raw/final/upright/dp_protocol-1.jsonl,20e670302d7b372e6faec238ad4d0abbb56767fea5eb4c9882a57727504b5fc2,1001,1200,,"[""outputs/iclr_dagger_three_task/analysis/validation.json"",""outputs/iclr_dp_three_task_20260919/README.md"",""outputs/iclr_dp_three_task_20260919/analysis/validation.json"",""outputs/iclr_dp_three_task_20260919/raw/final/upright/summary_protocol-1.jsonl""]",[],,,VERIFIED_PREEXISTING_MANIFEST,"[""outputs/iclr_dagger_three_task/SHA256SUMS"",""outputs/iclr_dp_three_task_20260919/SHA256SUMS""]",outputs/iclr_dp_three_task_20260919/raw/final/upright/expert_protocol-1.jsonl,PASS_RECORDED_INITIAL_CONDITIONS,0,0,Protected final records bound to the declared bank and selected checkpoints in the checksum-frozen three-actor snapshot. Overlapping original ACT/expert final runs are retained only as exclusions. Snapshot provenance resolves the equal-N tie; success is not a selection criterion.,0.86,0.8051011913429243,0.9013301736654437,PASS_HASH_COUNTS_UNIQUE_EPISODE_KEYS_STAGE_AND_TERMINAL_COUNTS,SUBJECT_TO_COMPARISON_AND_RATE_SUPPORT,VERIFIED_PAIRED,"All episode keys, recorded initial object poses, evaluation seed, jitter, corruption, action noise and physical configuration match. Bank hash, logical initial-condition IDs and final-bank metadata also match.",S158_r1.75,200,Paired expert-minus-learner difference and episode-pair bootstrap permitted; separate Wilson binomial intervals,outputs/iclr_dp_three_task_20260919/raw/provenance/PROTOCOL.md
S157_r2,S157,upright,dp:seed42:epoch300,Diffusion Policy,42,outputs/iclr_dp_three_task_20260919/raw/checkpoints/dp_upright.pt,20e22e97eb4cdac0dface0fe3ac2a0cbc6bc7691336b44ebbab9c39304779ce8,execution_digest_and_frozen_snapshot,"[""20e22e97eb4cdac0dface0fe3ac2a0cbc6bc7691336b44ebbab9c39304779ce8""]",outputs/upright/demos/expert_episodes.pt,2959a476b294bbd63fe76a4a7ab4e64e1a87dfadd7e146b132559b953acfbb07,N/A,N/A,protected_final,"[""final""]","[""80170a6d88af32eca89839c0391aebb59eb22cf4afce2d0b0b2cc0b7ab8cbe7e""]",[79001],2,200,57,181,200,"{""acquired"":185,""lifted_clear"":168,""placed"":149,""released"":149,""reoriented_upright"":157,""settled"":57}",{},"{""acquisition_failure"":15,""dropped_during_transport"":28,""none"":57,""placement_miss"":8,""tipped_after_release"":92}","{""drop_in_LIFT"":21,""drop_in_REORIENT"":7,""final_tilt"":18,""left_target_after_release"":74,""never_acquired"":15,""none"":57,""place_not_reached"":8}",PARTIAL_INTERFACE_AND_CHECKPOINT_NO_FULL_DP_AUDIT,PASS,PASS_COUNTS_IDENTITIES,FAIL_90_OF_100,87,100,outputs/iclr_dp_three_task_20260919/raw/training/upright/diag.jsonl,NOT_PREDECLARED_FOR_THIS_RUN,UNMATCHED_SPEED_EVALUATION,False,outputs/iclr_dp_three_task_20260919/raw/final/upright/dp_protocol-1.jsonl,20e670302d7b372e6faec238ad4d0abbb56767fea5eb4c9882a57727504b5fc2,1201,1400,,"[""outputs/iclr_dagger_three_task/analysis/validation.json"",""outputs/iclr_dp_three_task_20260919/README.md"",""outputs/iclr_dp_three_task_20260919/analysis/validation.json"",""outputs/iclr_dp_three_task_20260919/raw/final/upright/summary_protocol-1.jsonl""]",[],,,VERIFIED_PREEXISTING_MANIFEST,"[""outputs/iclr_dagger_three_task/SHA256SUMS"",""outputs/iclr_dp_three_task_20260919/SHA256SUMS""]",outputs/iclr_dp_three_task_20260919/raw/final/upright/expert_protocol-1.jsonl,PASS_RECORDED_INITIAL_CONDITIONS,0,0,Protected final records bound to the declared bank and selected checkpoints in the checksum-frozen three-actor snapshot. Overlapping original ACT/expert final runs are retained only as exclusions. Snapshot provenance resolves the equal-N tie; success is not a selection criterion.,0.285,0.22695003004617292,0.3511534602960517,PASS_HASH_COUNTS_UNIQUE_EPISODE_KEYS_STAGE_AND_TERMINAL_COUNTS,SUBJECT_TO_COMPARISON_AND_RATE_SUPPORT,VERIFIED_PAIRED,"All episode keys, recorded initial object poses, evaluation seed, jitter, corruption, action noise and physical configuration match. Bank hash, logical initial-condition IDs and final-bank metadata also match.",S158_r2,200,Paired expert-minus-learner difference and episode-pair bootstrap permitted; separate Wilson binomial intervals,outputs/iclr_dp_three_task_20260919/raw/provenance/PROTOCOL.md
S157_r2.5,S157,upright,dp:seed42:epoch300,Diffusion Policy,42,outputs/iclr_dp_three_task_20260919/raw/checkpoints/dp_upright.pt,20e22e97eb4cdac0dface0fe3ac2a0cbc6bc7691336b44ebbab9c39304779ce8,execution_digest_and_frozen_snapshot,"[""20e22e97eb4cdac0dface0fe3ac2a0cbc6bc7691336b44ebbab9c39304779ce8""]",outputs/upright/demos/expert_episodes.pt,2959a476b294bbd63fe76a4a7ab4e64e1a87dfadd7e146b132559b953acfbb07,N/A,N/A,protected_final,"[""final""]","[""431b44e40964e858b4e3ee6c0717c019203c6738a84b5e7f674d218bbe1f5b37""]",[80001],2.5,200,2,181,200,"{""acquired"":176,""lifted_clear"":133,""placed"":51,""released"":51,""reoriented_upright"":81,""settled"":2}",{},"{""acquisition_failure"":24,""dropped_during_transport"":106,""none"":2,""placement_miss"":19,""tipped_after_release"":49}","{""drop_in_LIFT"":49,""drop_in_REORIENT"":52,""drop_in_TRANSFER"":5,""final_tilt"":17,""left_target_after_release"":32,""never_acquired"":24,""none"":2,""place_not_reached"":19}",PARTIAL_INTERFACE_AND_CHECKPOINT_NO_FULL_DP_AUDIT,PASS,PASS_COUNTS_IDENTITIES,FAIL_90_OF_100,87,100,outputs/iclr_dp_three_task_20260919/raw/training/upright/diag.jsonl,NOT_PREDECLARED_FOR_THIS_RUN,UNMATCHED_SPEED_EVALUATION,False,outputs/iclr_dp_three_task_20260919/raw/final/upright/dp_protocol-1.jsonl,20e670302d7b372e6faec238ad4d0abbb56767fea5eb4c9882a57727504b5fc2,1401,1600,,"[""outputs/iclr_dagger_three_task/analysis/validation.json"",""outputs/iclr_dp_three_task_20260919/README.md"",""outputs/iclr_dp_three_task_20260919/analysis/validation.json"",""outputs/iclr_dp_three_task_20260919/raw/final/upright/summary_protocol-1.jsonl""]",[],,,VERIFIED_PREEXISTING_MANIFEST,"[""outputs/iclr_dagger_three_task/SHA256SUMS"",""outputs/iclr_dp_three_task_20260919/SHA256SUMS""]",outputs/iclr_dp_three_task_20260919/raw/final/upright/expert_protocol-1.jsonl,PASS_RECORDED_INITIAL_CONDITIONS,0,0,Protected final records bound to the declared bank and selected checkpoints in the checksum-frozen three-actor snapshot. Overlapping original ACT/expert final runs are retained only as exclusions. Snapshot provenance resolves the equal-N tie; success is not a selection criterion.,0.01,0.0027466581335444384,0.0357217617161768,PASS_HASH_COUNTS_UNIQUE_EPISODE_KEYS_STAGE_AND_TERMINAL_COUNTS,SUBJECT_TO_COMPARISON_AND_RATE_SUPPORT,VERIFIED_PAIRED,"All episode keys, recorded initial object poses, evaluation seed, jitter, corruption, action noise and physical configuration match. Bank hash, logical initial-condition IDs and final-bank metadata also match.",S158_r2.5,200,Paired expert-minus-learner difference and episode-pair bootstrap permitted; separate Wilson binomial intervals,outputs/iclr_dp_three_task_20260919/raw/provenance/PROTOCOL.md
S158_r0.5,S158,upright,expert,expert,N/A,N/A_SCRIPTED_EXPERT,N/A_SCRIPTED_EXPERT,N/A_SCRIPTED_EXPERT,[],N/A_SCRIPTED_EXPERT,N/A_SCRIPTED_EXPERT,N/A,N/A,protected_final,"[""final""]","[""5bdd95631544534a6510a49e11da1731724d8e92ee8d8f20bc6f7c53717ce62b""]",[73001],0.5,200,176,185,200,"{""acquired"":200,""lifted_clear"":200,""placed"":176,""released"":176,""reoriented_upright"":176,""settled"":176}",{},"{""none"":176,""placement_miss"":24}","{""none"":176,""place_not_reached"":24}",PARTIAL_EXPERT_INTERFACE,PASS,PASS_COUNTS_IDENTITIES,PASS_OBSERVED_90_OF_100,97,100,outputs/act_comparability/upright/seed-0/development-provenance/expert_expert.jsonl,NOT_PREDECLARED_FOR_THIS_RUN,MATCHED_EXPERT_COMPARISON,False,outputs/iclr_dp_three_task_20260919/raw/final/upright/expert_protocol-1.jsonl,922e653dc7e459643c079536cfc0f79ec61991f4becf5a30c27a13f279b00733,1,200,,"[""experiments/act_comparability/AUDIT.md"",""outputs/act_comparability/upright/seed-0/selection-20260911.json"",""outputs/iclr_dagger_three_task/analysis/validation.json"",""outputs/iclr_dp_three_task_20260919/README.md"",""outputs/iclr_dp_three_task_20260919/analysis/validation.json"",""outputs/iclr_dp_three_task_20260919/raw/final/upright/summary_protocol-1.jsonl""]",[],,outputs/act_comparability/upright/seed-0/final/expert_protocol-descriptive-20260911.jsonl,VERIFIED_PREEXISTING_MANIFEST,"[""outputs/iclr_dagger_three_task/SHA256SUMS"",""outputs/iclr_dp_three_task_20260919/SHA256SUMS""]",N/A_OR_SAVED_AUDIT,REFERENCE_OR_NOT_RECHECKED,N/A,N/A,Protected final records bound to the declared bank and selected checkpoints in the checksum-frozen three-actor snapshot. Overlapping original ACT/expert final runs are retained only as exclusions. Snapshot provenance resolves the equal-N tie; success is not a selection criterion.,0.88,0.8276574790170326,0.9180200729362449,PASS_HASH_COUNTS_UNIQUE_EPISODE_KEYS_STAGE_AND_TERMINAL_COUNTS,SUBJECT_TO_COMPARISON_AND_RATE_SUPPORT,REFERENCE,Expert reference condition,,,Standalone binomial success rate and Wilson 95% interval,outputs/iclr_dp_three_task_20260919/raw/provenance/PROTOCOL.md
S158_r0.75,S158,upright,expert,expert,N/A,N/A_SCRIPTED_EXPERT,N/A_SCRIPTED_EXPERT,N/A_SCRIPTED_EXPERT,[],N/A_SCRIPTED_EXPERT,N/A_SCRIPTED_EXPERT,N/A,N/A,protected_final,"[""final""]","[""62c7911bf934c52a8bd330d0ad8073c435c548e96e4353484c413e64e669110e""]",[74001],0.75,200,191,185,200,"{""acquired"":200,""lifted_clear"":200,""placed"":194,""released"":194,""reoriented_upright"":194,""settled"":191}",{},"{""none"":191,""placement_miss"":6,""tipped_after_release"":3}","{""left_target_after_release"":3,""none"":191,""place_not_reached"":6}",PARTIAL_EXPERT_INTERFACE,PASS,PASS_COUNTS_IDENTITIES,PASS_OBSERVED_90_OF_100,97,100,outputs/act_comparability/upright/seed-0/development-provenance/expert_expert.jsonl,NOT_PREDECLARED_FOR_THIS_RUN,MATCHED_EXPERT_COMPARISON,False,outputs/iclr_dp_three_task_20260919/raw/final/upright/expert_protocol-1.jsonl,922e653dc7e459643c079536cfc0f79ec61991f4becf5a30c27a13f279b00733,201,400,,"[""experiments/act_comparability/AUDIT.md"",""outputs/act_comparability/upright/seed-0/selection-20260911.json"",""outputs/iclr_dagger_three_task/analysis/validation.json"",""outputs/iclr_dp_three_task_20260919/README.md"",""outputs/iclr_dp_three_task_20260919/analysis/validation.json"",""outputs/iclr_dp_three_task_20260919/raw/final/upright/summary_protocol-1.jsonl""]",[],,outputs/act_comparability/upright/seed-0/final/expert_protocol-descriptive-20260911.jsonl,VERIFIED_PREEXISTING_MANIFEST,"[""outputs/iclr_dagger_three_task/SHA256SUMS"",""outputs/iclr_dp_three_task_20260919/SHA256SUMS""]",N/A_OR_SAVED_AUDIT,REFERENCE_OR_NOT_RECHECKED,N/A,N/A,Protected final records bound to the declared bank and selected checkpoints in the checksum-frozen three-actor snapshot. Overlapping original ACT/expert final runs are retained only as exclusions. Snapshot provenance resolves the equal-N tie; success is not a selection criterion.,0.955,0.9167032959981803,0.976147456998507,PASS_HASH_COUNTS_UNIQUE_EPISODE_KEYS_STAGE_AND_TERMINAL_COUNTS,SUBJECT_TO_COMPARISON_AND_RATE_SUPPORT,REFERENCE,Expert reference condition,,,Standalone binomial success rate and Wilson 95% interval,outputs/iclr_dp_three_task_20260919/raw/provenance/PROTOCOL.md
S158_r1,S158,upright,expert,expert,N/A,N/A_SCRIPTED_EXPERT,N/A_SCRIPTED_EXPERT,N/A_SCRIPTED_EXPERT,[],N/A_SCRIPTED_EXPERT,N/A_SCRIPTED_EXPERT,N/A,N/A,protected_final,"[""final""]","[""773c5b540cb396bae894da308a3e8345c8a308e7c38d3646a0e0286bb6f77890""]",[75001],1,200,185,185,200,"{""acquired"":200,""lifted_clear"":200,""placed"":193,""released"":193,""reoriented_upright"":194,""settled"":185}",{},"{""none"":185,""placement_miss"":7,""tipped_after_release"":8}","{""final_tilt"":8,""none"":185,""place_not_reached"":7}",PARTIAL_EXPERT_INTERFACE,PASS,PASS_COUNTS_IDENTITIES,PASS_OBSERVED_90_OF_100,97,100,outputs/act_comparability/upright/seed-0/development-provenance/expert_expert.jsonl,NOT_PREDECLARED_FOR_THIS_RUN,MATCHED_EXPERT_COMPARISON,False,outputs/iclr_dp_three_task_20260919/raw/final/upright/expert_protocol-1.jsonl,922e653dc7e459643c079536cfc0f79ec61991f4becf5a30c27a13f279b00733,401,600,,"[""experiments/act_comparability/AUDIT.md"",""outputs/act_comparability/upright/seed-0/selection-20260911.json"",""outputs/iclr_dagger_three_task/analysis/validation.json"",""outputs/iclr_dp_three_task_20260919/README.md"",""outputs/iclr_dp_three_task_20260919/analysis/validation.json"",""outputs/iclr_dp_three_task_20260919/raw/final/upright/summary_protocol-1.jsonl""]",[],,outputs/act_comparability/upright/seed-0/final/expert_protocol-descriptive-20260911.jsonl,VERIFIED_PREEXISTING_MANIFEST,"[""outputs/iclr_dagger_three_task/SHA256SUMS"",""outputs/iclr_dp_three_task_20260919/SHA256SUMS""]",N/A_OR_SAVED_AUDIT,REFERENCE_OR_NOT_RECHECKED,N/A,N/A,Protected final records bound to the declared bank and selected checkpoints in the checksum-frozen three-actor snapshot. Overlapping original ACT/expert final runs are retained only as exclusions. Snapshot provenance resolves the equal-N tie; success is not a selection criterion.,0.925,0.8799563897637055,0.954025082815618,PASS_HASH_COUNTS_UNIQUE_EPISODE_KEYS_STAGE_AND_TERMINAL_COUNTS,SUBJECT_TO_COMPARISON_AND_RATE_SUPPORT,REFERENCE,Expert reference condition,,,Standalone binomial success rate and Wilson 95% interval,outputs/iclr_dp_three_task_20260919/raw/provenance/PROTOCOL.md
S158_r1.25,S158,upright,expert,expert,N/A,N/A_SCRIPTED_EXPERT,N/A_SCRIPTED_EXPERT,N/A_SCRIPTED_EXPERT,[],N/A_SCRIPTED_EXPERT,N/A_SCRIPTED_EXPERT,N/A,N/A,protected_final,"[""final""]","[""769c0c5299d8c1965d73974ebc4dc1b9865478ec19f2d5aefa44a1698fcdde73""]",[76001],1.25,200,194,185,200,"{""acquired"":200,""lifted_clear"":200,""placed"":200,""released"":200,""reoriented_upright"":200,""settled"":194}",{},"{""none"":194,""tipped_after_release"":6}","{""final_tilt"":5,""left_target_after_release"":1,""none"":194}",PARTIAL_EXPERT_INTERFACE,PASS,PASS_COUNTS_IDENTITIES,PASS_OBSERVED_90_OF_100,97,100,outputs/act_comparability/upright/seed-0/development-provenance/expert_expert.jsonl,NOT_PREDECLARED_FOR_THIS_RUN,MATCHED_EXPERT_COMPARISON,False,outputs/iclr_dp_three_task_20260919/raw/final/upright/expert_protocol-1.jsonl,922e653dc7e459643c079536cfc0f79ec61991f4becf5a30c27a13f279b00733,601,800,,"[""experiments/act_comparability/AUDIT.md"",""outputs/act_comparability/upright/seed-0/selection-20260911.json"",""outputs/iclr_dagger_three_task/analysis/validation.json"",""outputs/iclr_dp_three_task_20260919/README.md"",""outputs/iclr_dp_three_task_20260919/analysis/validation.json"",""outputs/iclr_dp_three_task_20260919/raw/final/upright/summary_protocol-1.jsonl""]",[],,outputs/act_comparability/upright/seed-0/final/expert_protocol-descriptive-20260911.jsonl,VERIFIED_PREEXISTING_MANIFEST,"[""outputs/iclr_dagger_three_task/SHA256SUMS"",""outputs/iclr_dp_three_task_20260919/SHA256SUMS""]",N/A_OR_SAVED_AUDIT,REFERENCE_OR_NOT_RECHECKED,N/A,N/A,Protected final records bound to the declared bank and selected checkpoints in the checksum-frozen three-actor snapshot. Overlapping original ACT/expert final runs are retained only as exclusions. Snapshot provenance resolves the equal-N tie; success is not a selection criterion.,0.97,0.9361057075454807,0.9861796856598887,PASS_HASH_COUNTS_UNIQUE_EPISODE_KEYS_STAGE_AND_TERMINAL_COUNTS,SUBJECT_TO_COMPARISON_AND_RATE_SUPPORT,REFERENCE,Expert reference condition,,,Standalone binomial success rate and Wilson 95% interval,outputs/iclr_dp_three_task_20260919/raw/provenance/PROTOCOL.md
S158_r1.5,S158,upright,expert,expert,N/A,N/A_SCRIPTED_EXPERT,N/A_SCRIPTED_EXPERT,N/A_SCRIPTED_EXPERT,[],N/A_SCRIPTED_EXPERT,N/A_SCRIPTED_EXPERT,N/A,N/A,protected_final,"[""final""]","[""99d0f18b359ec6b1e6719c13e85be185725430242777bd0bac40efd09b2417e9""]",[77001],1.5,200,193,185,200,"{""acquired"":200,""lifted_clear"":200,""placed"":199,""released"":199,""reoriented_upright"":200,""settled"":193}",{},"{""none"":193,""placement_miss"":1,""tipped_after_release"":6}","{""final_tilt"":6,""none"":193,""place_not_reached"":1}",PARTIAL_EXPERT_INTERFACE,PASS,PASS_COUNTS_IDENTITIES,PASS_OBSERVED_90_OF_100,97,100,outputs/act_comparability/upright/seed-0/development-provenance/expert_expert.jsonl,NOT_PREDECLARED_FOR_THIS_RUN,MATCHED_EXPERT_COMPARISON,False,outputs/iclr_dp_three_task_20260919/raw/final/upright/expert_protocol-1.jsonl,922e653dc7e459643c079536cfc0f79ec61991f4becf5a30c27a13f279b00733,801,1000,,"[""experiments/act_comparability/AUDIT.md"",""outputs/act_comparability/upright/seed-0/selection-20260911.json"",""outputs/iclr_dagger_three_task/analysis/validation.json"",""outputs/iclr_dp_three_task_20260919/README.md"",""outputs/iclr_dp_three_task_20260919/analysis/validation.json"",""outputs/iclr_dp_three_task_20260919/raw/final/upright/summary_protocol-1.jsonl""]",[],,outputs/act_comparability/upright/seed-0/final/expert_protocol-descriptive-20260911.jsonl,VERIFIED_PREEXISTING_MANIFEST,"[""outputs/iclr_dagger_three_task/SHA256SUMS"",""outputs/iclr_dp_three_task_20260919/SHA256SUMS""]",N/A_OR_SAVED_AUDIT,REFERENCE_OR_NOT_RECHECKED,N/A,N/A,Protected final records bound to the declared bank and selected checkpoints in the checksum-frozen three-actor snapshot. Overlapping original ACT/expert final runs are retained only as exclusions. Snapshot provenance resolves the equal-N tie; success is not a selection criterion.,0.965,0.9295293884777092,0.9829444579914328,PASS_HASH_COUNTS_UNIQUE_EPISODE_KEYS_STAGE_AND_TERMINAL_COUNTS,SUBJECT_TO_COMPARISON_AND_RATE_SUPPORT,REFERENCE,Expert reference condition,,,Standalone binomial success rate and Wilson 95% interval,outputs/iclr_dp_three_task_20260919/raw/provenance/PROTOCOL.md
S158_r1.75,S158,upright,expert,expert,N/A,N/A_SCRIPTED_EXPERT,N/A_SCRIPTED_EXPERT,N/A_SCRIPTED_EXPERT,[],N/A_SCRIPTED_EXPERT,N/A_SCRIPTED_EXPERT,N/A,N/A,protected_final,"[""final""]","[""8cb85e15482868092b26c9ee46d971afe82a9df62c35e3b32d79f76066476970""]",[78001],1.75,200,184,185,200,"{""acquired"":200,""lifted_clear"":200,""placed"":198,""released"":198,""reoriented_upright"":200,""settled"":184}",{},"{""none"":184,""placement_miss"":2,""tipped_after_release"":14}","{""final_tilt"":9,""left_target_after_release"":5,""none"":184,""place_not_reached"":2}",PARTIAL_EXPERT_INTERFACE,PASS,PASS_COUNTS_IDENTITIES,PASS_OBSERVED_90_OF_100,97,100,outputs/act_comparability/upright/seed-0/development-provenance/expert_expert.jsonl,NOT_PREDECLARED_FOR_THIS_RUN,MATCHED_EXPERT_COMPARISON,False,outputs/iclr_dp_three_task_20260919/raw/final/upright/expert_protocol-1.jsonl,922e653dc7e459643c079536cfc0f79ec61991f4becf5a30c27a13f279b00733,1001,1200,,"[""experiments/act_comparability/AUDIT.md"",""outputs/act_comparability/upright/seed-0/selection-20260911.json"",""outputs/iclr_dagger_three_task/analysis/validation.json"",""outputs/iclr_dp_three_task_20260919/README.md"",""outputs/iclr_dp_three_task_20260919/analysis/validation.json"",""outputs/iclr_dp_three_task_20260919/raw/final/upright/summary_protocol-1.jsonl""]",[],,outputs/act_comparability/upright/seed-0/final/expert_protocol-descriptive-20260911.jsonl,VERIFIED_PREEXISTING_MANIFEST,"[""outputs/iclr_dagger_three_task/SHA256SUMS"",""outputs/iclr_dp_three_task_20260919/SHA256SUMS""]",N/A_OR_SAVED_AUDIT,REFERENCE_OR_NOT_RECHECKED,N/A,N/A,Protected final records bound to the declared bank and selected checkpoints in the checksum-frozen three-actor snapshot. Overlapping original ACT/expert final runs are retained only as exclusions. Snapshot provenance resolves the equal-N tie; success is not a selection criterion.,0.92,0.874010511732856,0.9501594141102401,PASS_HASH_COUNTS_UNIQUE_EPISODE_KEYS_STAGE_AND_TERMINAL_COUNTS,SUBJECT_TO_COMPARISON_AND_RATE_SUPPORT,REFERENCE,Expert reference condition,,,Standalone binomial success rate and Wilson 95% interval,outputs/iclr_dp_three_task_20260919/raw/provenance/PROTOCOL.md
S158_r2,S158,upright,expert,expert,N/A,N/A_SCRIPTED_EXPERT,N/A_SCRIPTED_EXPERT,N/A_SCRIPTED_EXPERT,[],N/A_SCRIPTED_EXPERT,N/A_SCRIPTED_EXPERT,N/A,N/A,protected_final,"[""final""]","[""80170a6d88af32eca89839c0391aebb59eb22cf4afce2d0b0b2cc0b7ab8cbe7e""]",[79001],2,200,105,185,200,"{""acquired"":200,""lifted_clear"":200,""placed"":196,""released"":196,""reoriented_upright"":200,""settled"":105}",{},"{""none"":105,""placement_miss"":4,""tipped_after_release"":91}","{""final_tilt"":5,""left_target_after_release"":86,""none"":105,""place_not_reached"":4}",PARTIAL_EXPERT_INTERFACE,PASS,PASS_COUNTS_IDENTITIES,PASS_OBSERVED_90_OF_100,97,100,outputs/act_comparability/upright/seed-0/development-provenance/expert_expert.jsonl,NOT_PREDECLARED_FOR_THIS_RUN,MATCHED_EXPERT_COMPARISON,False,outputs/iclr_dp_three_task_20260919/raw/final/upright/expert_protocol-1.jsonl,922e653dc7e459643c079536cfc0f79ec61991f4becf5a30c27a13f279b00733,1201,1400,,"[""experiments/act_comparability/AUDIT.md"",""outputs/act_comparability/upright/seed-0/selection-20260911.json"",""outputs/iclr_dagger_three_task/analysis/validation.json"",""outputs/iclr_dp_three_task_20260919/README.md"",""outputs/iclr_dp_three_task_20260919/analysis/validation.json"",""outputs/iclr_dp_three_task_20260919/raw/final/upright/summary_protocol-1.jsonl""]",[],,outputs/act_comparability/upright/seed-0/final/expert_protocol-descriptive-20260911.jsonl,VERIFIED_PREEXISTING_MANIFEST,"[""outputs/iclr_dagger_three_task/SHA256SUMS"",""outputs/iclr_dp_three_task_20260919/SHA256SUMS""]",N/A_OR_SAVED_AUDIT,REFERENCE_OR_NOT_RECHECKED,N/A,N/A,Protected final records bound to the declared bank and selected checkpoints in the checksum-frozen three-actor snapshot. Overlapping original ACT/expert final runs are retained only as exclusions. Snapshot provenance resolves the equal-N tie; success is not a selection criterion.,0.525,0.4559739601468475,0.5930837735342891,PASS_HASH_COUNTS_UNIQUE_EPISODE_KEYS_STAGE_AND_TERMINAL_COUNTS,SUBJECT_TO_COMPARISON_AND_RATE_SUPPORT,REFERENCE,Expert reference condition,,,Standalone binomial success rate and Wilson 95% interval,outputs/iclr_dp_three_task_20260919/raw/provenance/PROTOCOL.md
S158_r2.5,S158,upright,expert,expert,N/A,N/A_SCRIPTED_EXPERT,N/A_SCRIPTED_EXPERT,N/A_SCRIPTED_EXPERT,[],N/A_SCRIPTED_EXPERT,N/A_SCRIPTED_EXPERT,N/A,N/A,protected_final,"[""final""]","[""431b44e40964e858b4e3ee6c0717c019203c6738a84b5e7f674d218bbe1f5b37""]",[80001],2.5,200,2,185,200,"{""acquired"":200,""lifted_clear"":200,""placed"":196,""released"":196,""reoriented_upright"":200,""settled"":2}",{},"{""none"":2,""placement_miss"":4,""tipped_after_release"":194}","{""final_tilt"":4,""left_target_after_release"":190,""none"":2,""place_not_reached"":4}",PARTIAL_EXPERT_INTERFACE,PASS,PASS_COUNTS_IDENTITIES,PASS_OBSERVED_90_OF_100,97,100,outputs/act_comparability/upright/seed-0/development-provenance/expert_expert.jsonl,NOT_PREDECLARED_FOR_THIS_RUN,MATCHED_EXPERT_COMPARISON,False,outputs/iclr_dp_three_task_20260919/raw/final/upright/expert_protocol-1.jsonl,922e653dc7e459643c079536cfc0f79ec61991f4becf5a30c27a13f279b00733,1401,1600,,"[""experiments/act_comparability/AUDIT.md"",""outputs/act_comparability/upright/seed-0/selection-20260911.json"",""outputs/iclr_dagger_three_task/analysis/validation.json"",""outputs/iclr_dp_three_task_20260919/README.md"",""outputs/iclr_dp_three_task_20260919/analysis/validation.json"",""outputs/iclr_dp_three_task_20260919/raw/final/upright/summary_protocol-1.jsonl""]",[],,outputs/act_comparability/upright/seed-0/final/expert_protocol-descriptive-20260911.jsonl,VERIFIED_PREEXISTING_MANIFEST,"[""outputs/iclr_dagger_three_task/SHA256SUMS"",""outputs/iclr_dp_three_task_20260919/SHA256SUMS""]",N/A_OR_SAVED_AUDIT,REFERENCE_OR_NOT_RECHECKED,N/A,N/A,Protected final records bound to the declared bank and selected checkpoints in the checksum-frozen three-actor snapshot. Overlapping original ACT/expert final runs are retained only as exclusions. Snapshot provenance resolves the equal-N tie; success is not a selection criterion.,0.01,0.0027466581335444384,0.0357217617161768,PASS_HASH_COUNTS_UNIQUE_EPISODE_KEYS_STAGE_AND_TERMINAL_COUNTS,SUBJECT_TO_COMPARISON_AND_RATE_SUPPORT,REFERENCE,Expert reference condition,,,Standalone binomial success rate and Wilson 95% interval,outputs/iclr_dp_three_task_20260919/raw/provenance/PROTOCOL.md
S161_r0.5,S161,peg,dagger:final_round4,DAgger,1,outputs/iclr_dagger_three_task/peg/student_final.pt,8f3d5b0de3e0aae9c8550f62887c3128877ca2249734d4bfe314fb3bfa24f11b,execution_record,"[""8f3d5b0de3e0aae9c8550f62887c3128877ca2249734d4bfe314fb3bfa24f11b""]",outputs/peg/demos/expert_episodes.pt,4512ae3a7b0b651faa380351ff727cdabe85ec1b132fdec0ac5f3ec0c0fff17d,outputs/iclr_dagger_three_task/peg/aggregate_dataset.pt,de332046c051771d2cffb11395b361fea1a7036c9e8ec1463d3018cf05cb043b,protected_final,"[""final""]","[""5bdd95631544534a6510a49e11da1731724d8e92ee8d8f20bc6f7c53717ce62b""]",[73001],0.5,200,0,0,200,"{""acquired"":20,""aligned"":1,""inserted"":0,""lifted_clear"":10,""released"":0,""reoriented_upright"":3,""settled"":0}",{},"{""acquisition_failure"":180,""alignment_failure"":2,""dropped_during_transport"":18}","{""drop_in_GRASP_DWELL"":3,""drop_in_INSERT_DWELL"":1,""drop_in_LIFT"":13,""drop_in_TRANSFER"":1,""never_acquired"":180,""not_inserted"":1,""pocket_not_reached"":1}",PASS,PASS,PASS_COUNTS_IDENTITIES,FAIL_90_OF_100,0,100,outputs/iclr_dagger_three_task/peg/diag.jsonl,NOT_PREDECLARED_FOR_THIS_RUN,NOMINAL_FAILURE_CHARACTERIZATION,True,outputs/iclr_dagger_three_task/final/peg/dagger_protocol-1.jsonl,e64d7011b60a5b2246d0afabc5dbbf7f5f3339ac88b88b134d712fa0163ae210,1,200,,"[""outputs/iclr_dagger_three_task/analysis/CLOSEOUT_REPORT.md"",""outputs/iclr_dagger_three_task/analysis/implementation_audit.json"",""outputs/iclr_dagger_three_task/analysis/validation.json"",""outputs/iclr_dagger_three_task/final/peg/summary_protocol-1.jsonl""]",[],,,VERIFIED_PREEXISTING_MANIFEST,"[""outputs/iclr_dagger_three_task/SHA256SUMS""]",outputs/iclr_dp_three_task_20260919/raw/final/peg/expert_protocol-1.jsonl,PASS_RECORDED_INITIAL_CONDITIONS,0,0,Frozen final-round checkpoint and protected final bank; supersedes all development rounds for manuscript endpoint reporting.,0,1.734723475976807e-18,0.018845326377266575,PASS_HASH_COUNTS_UNIQUE_EPISODE_KEYS_STAGE_AND_TERMINAL_COUNTS,NO_NOMINAL_FLOOR,VERIFIED_PAIRED,"All episode keys, recorded initial object poses, evaluation seed, jitter, corruption, action noise and physical configuration match. Bank hash, logical initial-condition IDs and final-bank metadata also match.",S155_r0.5,200,"Paired expert-minus-learner difference and episode-pair bootstrap permitted; separate Wilson binomial intervals; nominal failure characterization only, no execution-speed degradation claim",experiments/dagger_three_task/PROTOCOL.md
S161_r0.75,S161,peg,dagger:final_round4,DAgger,1,outputs/iclr_dagger_three_task/peg/student_final.pt,8f3d5b0de3e0aae9c8550f62887c3128877ca2249734d4bfe314fb3bfa24f11b,execution_record,"[""8f3d5b0de3e0aae9c8550f62887c3128877ca2249734d4bfe314fb3bfa24f11b""]",outputs/peg/demos/expert_episodes.pt,4512ae3a7b0b651faa380351ff727cdabe85ec1b132fdec0ac5f3ec0c0fff17d,outputs/iclr_dagger_three_task/peg/aggregate_dataset.pt,de332046c051771d2cffb11395b361fea1a7036c9e8ec1463d3018cf05cb043b,protected_final,"[""final""]","[""62c7911bf934c52a8bd330d0ad8073c435c548e96e4353484c413e64e669110e""]",[74001],0.75,200,0,0,200,"{""acquired"":19,""aligned"":2,""inserted"":0,""lifted_clear"":14,""released"":0,""reoriented_upright"":8,""settled"":0}",{},"{""acquisition_failure"":181,""alignment_failure"":5,""dropped_during_transport"":14}","{""drop_in_GRASP_DWELL"":2,""drop_in_LIFT"":7,""drop_in_REORIENT"":4,""drop_in_TRANSFER"":1,""never_acquired"":181,""not_inserted"":2,""pocket_not_reached"":3}",PASS,PASS,PASS_COUNTS_IDENTITIES,FAIL_90_OF_100,0,100,outputs/iclr_dagger_three_task/peg/diag.jsonl,NOT_PREDECLARED_FOR_THIS_RUN,NOMINAL_FAILURE_CHARACTERIZATION,True,outputs/iclr_dagger_three_task/final/peg/dagger_protocol-1.jsonl,e64d7011b60a5b2246d0afabc5dbbf7f5f3339ac88b88b134d712fa0163ae210,201,400,,"[""outputs/iclr_dagger_three_task/analysis/CLOSEOUT_REPORT.md"",""outputs/iclr_dagger_three_task/analysis/implementation_audit.json"",""outputs/iclr_dagger_three_task/analysis/validation.json"",""outputs/iclr_dagger_three_task/final/peg/summary_protocol-1.jsonl""]",[],,,VERIFIED_PREEXISTING_MANIFEST,"[""outputs/iclr_dagger_three_task/SHA256SUMS""]",outputs/iclr_dp_three_task_20260919/raw/final/peg/expert_protocol-1.jsonl,PASS_RECORDED_INITIAL_CONDITIONS,0,0,Frozen final-round checkpoint and protected final bank; supersedes all development rounds for manuscript endpoint reporting.,0,1.734723475976807e-18,0.018845326377266575,PASS_HASH_COUNTS_UNIQUE_EPISODE_KEYS_STAGE_AND_TERMINAL_COUNTS,NO_NOMINAL_FLOOR,VERIFIED_PAIRED,"All episode keys, recorded initial object poses, evaluation seed, jitter, corruption, action noise and physical configuration match. Bank hash, logical initial-condition IDs and final-bank metadata also match.",S155_r0.75,200,"Paired expert-minus-learner difference and episode-pair bootstrap permitted; separate Wilson binomial intervals; nominal failure characterization only, no execution-speed degradation claim",experiments/dagger_three_task/PROTOCOL.md
S161_r1,S161,peg,dagger:final_round4,DAgger,1,outputs/iclr_dagger_three_task/peg/student_final.pt,8f3d5b0de3e0aae9c8550f62887c3128877ca2249734d4bfe314fb3bfa24f11b,execution_record,"[""8f3d5b0de3e0aae9c8550f62887c3128877ca2249734d4bfe314fb3bfa24f11b""]",outputs/peg/demos/expert_episodes.pt,4512ae3a7b0b651faa380351ff727cdabe85ec1b132fdec0ac5f3ec0c0fff17d,outputs/iclr_dagger_three_task/peg/aggregate_dataset.pt,de332046c051771d2cffb11395b361fea1a7036c9e8ec1463d3018cf05cb043b,protected_final,"[""final""]","[""773c5b540cb396bae894da308a3e8345c8a308e7c38d3646a0e0286bb6f77890""]",[75001],1,200,0,0,200,"{""acquired"":28,""aligned"":4,""inserted"":0,""lifted_clear"":18,""released"":0,""reoriented_upright"":15,""settled"":0}",{},"{""acquisition_failure"":172,""alignment_failure"":9,""dropped_during_transport"":19}","{""drop_in_GRASP_DWELL"":1,""drop_in_INSERT"":3,""drop_in_LIFT"":10,""drop_in_REORIENT"":2,""drop_in_TRANSFER"":3,""never_acquired"":172,""not_inserted"":4,""pocket_not_reached"":5}",PASS,PASS,PASS_COUNTS_IDENTITIES,FAIL_90_OF_100,0,100,outputs/iclr_dagger_three_task/peg/diag.jsonl,NOT_PREDECLARED_FOR_THIS_RUN,NOMINAL_FAILURE_CHARACTERIZATION,True,outputs/iclr_dagger_three_task/final/peg/dagger_protocol-1.jsonl,e64d7011b60a5b2246d0afabc5dbbf7f5f3339ac88b88b134d712fa0163ae210,401,600,,"[""outputs/iclr_dagger_three_task/analysis/CLOSEOUT_REPORT.md"",""outputs/iclr_dagger_three_task/analysis/implementation_audit.json"",""outputs/iclr_dagger_three_task/analysis/validation.json"",""outputs/iclr_dagger_three_task/final/peg/summary_protocol-1.jsonl""]",[],,,VERIFIED_PREEXISTING_MANIFEST,"[""outputs/iclr_dagger_three_task/SHA256SUMS""]",outputs/iclr_dp_three_task_20260919/raw/final/peg/expert_protocol-1.jsonl,PASS_RECORDED_INITIAL_CONDITIONS,0,0,Frozen final-round checkpoint and protected final bank; supersedes all development rounds for manuscript endpoint reporting.,0,1.734723475976807e-18,0.018845326377266575,PASS_HASH_COUNTS_UNIQUE_EPISODE_KEYS_STAGE_AND_TERMINAL_COUNTS,NO_NOMINAL_FLOOR,VERIFIED_PAIRED,"All episode keys, recorded initial object poses, evaluation seed, jitter, corruption, action noise and physical configuration match. Bank hash, logical initial-condition IDs and final-bank metadata also match.",S155_r1,200,"Paired expert-minus-learner difference and episode-pair bootstrap permitted; separate Wilson binomial intervals; nominal failure characterization only, no execution-speed degradation claim",experiments/dagger_three_task/PROTOCOL.md
S161_r1.25,S161,peg,dagger:final_round4,DAgger,1,outputs/iclr_dagger_three_task/peg/student_final.pt,8f3d5b0de3e0aae9c8550f62887c3128877ca2249734d4bfe314fb3bfa24f11b,execution_record,"[""8f3d5b0de3e0aae9c8550f62887c3128877ca2249734d4bfe314fb3bfa24f11b""]",outputs/peg/demos/expert_episodes.pt,4512ae3a7b0b651faa380351ff727cdabe85ec1b132fdec0ac5f3ec0c0fff17d,outputs/iclr_dagger_three_task/peg/aggregate_dataset.pt,de332046c051771d2cffb11395b361fea1a7036c9e8ec1463d3018cf05cb043b,protected_final,"[""final""]","[""769c0c5299d8c1965d73974ebc4dc1b9865478ec19f2d5aefa44a1698fcdde73""]",[76001],1.25,200,1,0,200,"{""acquired"":19,""aligned"":2,""inserted"":1,""lifted_clear"":11,""released"":1,""reoriented_upright"":7,""settled"":1}",{},"{""acquisition_failure"":181,""alignment_failure"":2,""dropped_during_transport"":15,""insertion_jam"":1,""none"":1}","{""drop_in_GRASP_DWELL"":1,""drop_in_INSERT"":1,""drop_in_INSERT_DWELL"":1,""drop_in_LIFT"":10,""drop_in_REORIENT"":2,""never_acquired"":181,""none"":1,""pocket_not_reached"":2,""sustained_pocket_contact"":1}",PASS,PASS,PASS_COUNTS_IDENTITIES,FAIL_90_OF_100,0,100,outputs/iclr_dagger_three_task/peg/diag.jsonl,NOT_PREDECLARED_FOR_THIS_RUN,NOMINAL_FAILURE_CHARACTERIZATION,True,outputs/iclr_dagger_three_task/final/peg/dagger_protocol-1.jsonl,e64d7011b60a5b2246d0afabc5dbbf7f5f3339ac88b88b134d712fa0163ae210,601,800,,"[""outputs/iclr_dagger_three_task/analysis/CLOSEOUT_REPORT.md"",""outputs/iclr_dagger_three_task/analysis/implementation_audit.json"",""outputs/iclr_dagger_three_task/analysis/validation.json"",""outputs/iclr_dagger_three_task/final/peg/summary_protocol-1.jsonl""]",[],,,VERIFIED_PREEXISTING_MANIFEST,"[""outputs/iclr_dagger_three_task/SHA256SUMS""]",outputs/iclr_dp_three_task_20260919/raw/final/peg/expert_protocol-1.jsonl,PASS_RECORDED_INITIAL_CONDITIONS,0,0,Frozen final-round checkpoint and protected final bank; supersedes all development rounds for manuscript endpoint reporting.,0.005,0.0008831687156009814,0.02777370439789293,PASS_HASH_COUNTS_UNIQUE_EPISODE_KEYS_STAGE_AND_TERMINAL_COUNTS,NO_NOMINAL_FLOOR,VERIFIED_PAIRED,"All episode keys, recorded initial object poses, evaluation seed, jitter, corruption, action noise and physical configuration match. Bank hash, logical initial-condition IDs and final-bank metadata also match.",S155_r1.25,200,"Paired expert-minus-learner difference and episode-pair bootstrap permitted; separate Wilson binomial intervals; nominal failure characterization only, no execution-speed degradation claim",experiments/dagger_three_task/PROTOCOL.md
S161_r1.5,S161,peg,dagger:final_round4,DAgger,1,outputs/iclr_dagger_three_task/peg/student_final.pt,8f3d5b0de3e0aae9c8550f62887c3128877ca2249734d4bfe314fb3bfa24f11b,execution_record,"[""8f3d5b0de3e0aae9c8550f62887c3128877ca2249734d4bfe314fb3bfa24f11b""]",outputs/peg/demos/expert_episodes.pt,4512ae3a7b0b651faa380351ff727cdabe85ec1b132fdec0ac5f3ec0c0fff17d,outputs/iclr_dagger_three_task/peg/aggregate_dataset.pt,de332046c051771d2cffb11395b361fea1a7036c9e8ec1463d3018cf05cb043b,protected_final,"[""final""]","[""99d0f18b359ec6b1e6719c13e85be185725430242777bd0bac40efd09b2417e9""]",[77001],1.5,200,0,0,200,"{""acquired"":11,""aligned"":2,""inserted"":0,""lifted_clear"":10,""released"":0,""reoriented_upright"":8,""settled"":0}",{},"{""acquisition_failure"":189,""alignment_failure"":5,""dropped_during_transport"":6}","{""drop_in_INSERT"":2,""drop_in_LIFT"":3,""drop_in_REORIENT"":1,""never_acquired"":189,""not_inserted"":2,""pocket_not_reached"":3}",PASS,PASS,PASS_COUNTS_IDENTITIES,FAIL_90_OF_100,0,100,outputs/iclr_dagger_three_task/peg/diag.jsonl,NOT_PREDECLARED_FOR_THIS_RUN,NOMINAL_FAILURE_CHARACTERIZATION,True,outputs/iclr_dagger_three_task/final/peg/dagger_protocol-1.jsonl,e64d7011b60a5b2246d0afabc5dbbf7f5f3339ac88b88b134d712fa0163ae210,801,1000,,"[""outputs/iclr_dagger_three_task/analysis/CLOSEOUT_REPORT.md"",""outputs/iclr_dagger_three_task/analysis/implementation_audit.json"",""outputs/iclr_dagger_three_task/analysis/validation.json"",""outputs/iclr_dagger_three_task/final/peg/summary_protocol-1.jsonl""]",[],,,VERIFIED_PREEXISTING_MANIFEST,"[""outputs/iclr_dagger_three_task/SHA256SUMS""]",outputs/iclr_dp_three_task_20260919/raw/final/peg/expert_protocol-1.jsonl,PASS_RECORDED_INITIAL_CONDITIONS,0,0,Frozen final-round checkpoint and protected final bank; supersedes all development rounds for manuscript endpoint reporting.,0,1.734723475976807e-18,0.018845326377266575,PASS_HASH_COUNTS_UNIQUE_EPISODE_KEYS_STAGE_AND_TERMINAL_COUNTS,NO_NOMINAL_FLOOR,VERIFIED_PAIRED,"All episode keys, recorded initial object poses, evaluation seed, jitter, corruption, action noise and physical configuration match. Bank hash, logical initial-condition IDs and final-bank metadata also match.",S155_r1.5,200,"Paired expert-minus-learner difference and episode-pair bootstrap permitted; separate Wilson binomial intervals; nominal failure characterization only, no execution-speed degradation claim",experiments/dagger_three_task/PROTOCOL.md
S161_r1.75,S161,peg,dagger:final_round4,DAgger,1,outputs/iclr_dagger_three_task/peg/student_final.pt,8f3d5b0de3e0aae9c8550f62887c3128877ca2249734d4bfe314fb3bfa24f11b,execution_record,"[""8f3d5b0de3e0aae9c8550f62887c3128877ca2249734d4bfe314fb3bfa24f11b""]",outputs/peg/demos/expert_episodes.pt,4512ae3a7b0b651faa380351ff727cdabe85ec1b132fdec0ac5f3ec0c0fff17d,outputs/iclr_dagger_three_task/peg/aggregate_dataset.pt,de332046c051771d2cffb11395b361fea1a7036c9e8ec1463d3018cf05cb043b,protected_final,"[""final""]","[""8cb85e15482868092b26c9ee46d971afe82a9df62c35e3b32d79f76066476970""]",[78001],1.75,200,0,0,200,"{""acquired"":21,""aligned"":2,""inserted"":0,""lifted_clear"":19,""released"":0,""reoriented_upright"":17,""settled"":0}",{},"{""acquisition_failure"":179,""alignment_failure"":10,""dropped_during_transport"":9,""insertion_jam"":2}","{""drop_in_INSERT"":2,""drop_in_LIFT"":3,""drop_in_REORIENT"":1,""drop_in_TRANSFER"":3,""never_acquired"":179,""not_inserted"":2,""pocket_not_reached"":8,""sustained_pocket_contact"":2}",PASS,PASS,PASS_COUNTS_IDENTITIES,FAIL_90_OF_100,0,100,outputs/iclr_dagger_three_task/peg/diag.jsonl,NOT_PREDECLARED_FOR_THIS_RUN,NOMINAL_FAILURE_CHARACTERIZATION,True,outputs/iclr_dagger_three_task/final/peg/dagger_protocol-1.jsonl,e64d7011b60a5b2246d0afabc5dbbf7f5f3339ac88b88b134d712fa0163ae210,1001,1200,,"[""outputs/iclr_dagger_three_task/analysis/CLOSEOUT_REPORT.md"",""outputs/iclr_dagger_three_task/analysis/implementation_audit.json"",""outputs/iclr_dagger_three_task/analysis/validation.json"",""outputs/iclr_dagger_three_task/final/peg/summary_protocol-1.jsonl""]",[],,,VERIFIED_PREEXISTING_MANIFEST,"[""outputs/iclr_dagger_three_task/SHA256SUMS""]",outputs/iclr_dp_three_task_20260919/raw/final/peg/expert_protocol-1.jsonl,PASS_RECORDED_INITIAL_CONDITIONS,0,0,Frozen final-round checkpoint and protected final bank; supersedes all development rounds for manuscript endpoint reporting.,0,1.734723475976807e-18,0.018845326377266575,PASS_HASH_COUNTS_UNIQUE_EPISODE_KEYS_STAGE_AND_TERMINAL_COUNTS,NO_NOMINAL_FLOOR,VERIFIED_PAIRED,"All episode keys, recorded initial object poses, evaluation seed, jitter, corruption, action noise and physical configuration match. Bank hash, logical initial-condition IDs and final-bank metadata also match.",S155_r1.75,200,"Paired expert-minus-learner difference and episode-pair bootstrap permitted; separate Wilson binomial intervals; nominal failure characterization only, no execution-speed degradation claim",experiments/dagger_three_task/PROTOCOL.md
S161_r2,S161,peg,dagger:final_round4,DAgger,1,outputs/iclr_dagger_three_task/peg/student_final.pt,8f3d5b0de3e0aae9c8550f62887c3128877ca2249734d4bfe314fb3bfa24f11b,execution_record,"[""8f3d5b0de3e0aae9c8550f62887c3128877ca2249734d4bfe314fb3bfa24f11b""]",outputs/peg/demos/expert_episodes.pt,4512ae3a7b0b651faa380351ff727cdabe85ec1b132fdec0ac5f3ec0c0fff17d,outputs/iclr_dagger_three_task/peg/aggregate_dataset.pt,de332046c051771d2cffb11395b361fea1a7036c9e8ec1463d3018cf05cb043b,protected_final,"[""final""]","[""80170a6d88af32eca89839c0391aebb59eb22cf4afce2d0b0b2cc0b7ab8cbe7e""]",[79001],2,200,0,0,200,"{""acquired"":13,""aligned"":1,""inserted"":0,""lifted_clear"":10,""released"":0,""reoriented_upright"":9,""settled"":0}",{},"{""acquisition_failure"":187,""alignment_failure"":2,""dropped_during_transport"":10,""insertion_jam"":1}","{""drop_in_CLOSE"":2,""drop_in_INSERT"":6,""drop_in_LIFT"":1,""drop_in_REORIENT"":1,""never_acquired"":187,""pocket_not_reached"":2,""sustained_pocket_contact"":1}",PASS,PASS,PASS_COUNTS_IDENTITIES,FAIL_90_OF_100,0,100,outputs/iclr_dagger_three_task/peg/diag.jsonl,NOT_PREDECLARED_FOR_THIS_RUN,NOMINAL_FAILURE_CHARACTERIZATION,True,outputs/iclr_dagger_three_task/final/peg/dagger_protocol-1.jsonl,e64d7011b60a5b2246d0afabc5dbbf7f5f3339ac88b88b134d712fa0163ae210,1201,1400,,"[""outputs/iclr_dagger_three_task/analysis/CLOSEOUT_REPORT.md"",""outputs/iclr_dagger_three_task/analysis/implementation_audit.json"",""outputs/iclr_dagger_three_task/analysis/validation.json"",""outputs/iclr_dagger_three_task/final/peg/summary_protocol-1.jsonl""]",[],,,VERIFIED_PREEXISTING_MANIFEST,"[""outputs/iclr_dagger_three_task/SHA256SUMS""]",outputs/iclr_dp_three_task_20260919/raw/final/peg/expert_protocol-1.jsonl,PASS_RECORDED_INITIAL_CONDITIONS,0,0,Frozen final-round checkpoint and protected final bank; supersedes all development rounds for manuscript endpoint reporting.,0,1.734723475976807e-18,0.018845326377266575,PASS_HASH_COUNTS_UNIQUE_EPISODE_KEYS_STAGE_AND_TERMINAL_COUNTS,NO_NOMINAL_FLOOR,VERIFIED_PAIRED,"All episode keys, recorded initial object poses, evaluation seed, jitter, corruption, action noise and physical configuration match. Bank hash, logical initial-condition IDs and final-bank metadata also match.",S155_r2,200,"Paired expert-minus-learner difference and episode-pair bootstrap permitted; separate Wilson binomial intervals; nominal failure characterization only, no execution-speed degradation claim",experiments/dagger_three_task/PROTOCOL.md
S161_r2.5,S161,peg,dagger:final_round4,DAgger,1,outputs/iclr_dagger_three_task/peg/student_final.pt,8f3d5b0de3e0aae9c8550f62887c3128877ca2249734d4bfe314fb3bfa24f11b,execution_record,"[""8f3d5b0de3e0aae9c8550f62887c3128877ca2249734d4bfe314fb3bfa24f11b""]",outputs/peg/demos/expert_episodes.pt,4512ae3a7b0b651faa380351ff727cdabe85ec1b132fdec0ac5f3ec0c0fff17d,outputs/iclr_dagger_three_task/peg/aggregate_dataset.pt,de332046c051771d2cffb11395b361fea1a7036c9e8ec1463d3018cf05cb043b,protected_final,"[""final""]","[""431b44e40964e858b4e3ee6c0717c019203c6738a84b5e7f674d218bbe1f5b37""]",[80001],2.5,200,0,0,200,"{""acquired"":7,""aligned"":0,""inserted"":0,""lifted_clear"":7,""released"":0,""reoriented_upright"":7,""settled"":0}",{},"{""acquisition_failure"":193,""alignment_failure"":6,""dropped_during_transport"":1}","{""drop_in_INSERT"":1,""never_acquired"":193,""pocket_not_reached"":6}",PASS,PASS,PASS_COUNTS_IDENTITIES,FAIL_90_OF_100,0,100,outputs/iclr_dagger_three_task/peg/diag.jsonl,NOT_PREDECLARED_FOR_THIS_RUN,NOMINAL_FAILURE_CHARACTERIZATION,True,outputs/iclr_dagger_three_task/final/peg/dagger_protocol-1.jsonl,e64d7011b60a5b2246d0afabc5dbbf7f5f3339ac88b88b134d712fa0163ae210,1401,1600,,"[""outputs/iclr_dagger_three_task/analysis/CLOSEOUT_REPORT.md"",""outputs/iclr_dagger_three_task/analysis/implementation_audit.json"",""outputs/iclr_dagger_three_task/analysis/validation.json"",""outputs/iclr_dagger_three_task/final/peg/summary_protocol-1.jsonl""]",[],,,VERIFIED_PREEXISTING_MANIFEST,"[""outputs/iclr_dagger_three_task/SHA256SUMS""]",outputs/iclr_dp_three_task_20260919/raw/final/peg/expert_protocol-1.jsonl,PASS_RECORDED_INITIAL_CONDITIONS,0,0,Frozen final-round checkpoint and protected final bank; supersedes all development rounds for manuscript endpoint reporting.,0,1.734723475976807e-18,0.018845326377266575,PASS_HASH_COUNTS_UNIQUE_EPISODE_KEYS_STAGE_AND_TERMINAL_COUNTS,NO_NOMINAL_FLOOR,VERIFIED_PAIRED,"All episode keys, recorded initial object poses, evaluation seed, jitter, corruption, action noise and physical configuration match. Bank hash, logical initial-condition IDs and final-bank metadata also match.",S155_r2.5,200,"Paired expert-minus-learner difference and episode-pair bootstrap permitted; separate Wilson binomial intervals; nominal failure characterization only, no execution-speed degradation claim",experiments/dagger_three_task/PROTOCOL.md
S162_r0.5,S162,upright,dagger:final_round4,DAgger,1,outputs/iclr_dagger_three_task/upright/student_final.pt,44cda536c7d9edbe52ce2b4ebbda8780c27e2ae360421b234c50712f65f474a1,execution_record,"[""44cda536c7d9edbe52ce2b4ebbda8780c27e2ae360421b234c50712f65f474a1""]",outputs/upright/demos/expert_episodes.pt,2959a476b294bbd63fe76a4a7ab4e64e1a87dfadd7e146b132559b953acfbb07,outputs/iclr_dagger_three_task/upright/aggregate_dataset.pt,75798cc088a2a917213520e3ee1498be517dd645ae8084d943bef149e6b9e47e,protected_final,"[""final""]","[""5bdd95631544534a6510a49e11da1731724d8e92ee8d8f20bc6f7c53717ce62b""]",[73001],0.5,200,1,1,200,"{""acquired"":62,""lifted_clear"":31,""placed"":3,""released"":3,""reoriented_upright"":14,""settled"":1}",{},"{""acquisition_failure"":138,""dropped_during_transport"":58,""none"":1,""placement_miss"":2,""tipped_after_release"":1}","{""drop_in_GRASP_DWELL"":1,""drop_in_LIFT"":46,""drop_in_REORIENT"":10,""drop_in_TRANSFER"":1,""final_tilt"":1,""never_acquired"":138,""none"":1,""place_not_reached"":2}",PASS,PASS,PASS_COUNTS_IDENTITIES,FAIL_90_OF_100,1,100,outputs/iclr_dagger_three_task/upright/diag.jsonl,NOT_PREDECLARED_FOR_THIS_RUN,NOMINAL_FAILURE_CHARACTERIZATION,True,outputs/iclr_dagger_three_task/final/upright/dagger_protocol-1.jsonl,a57fbd6e42520a5285f1ba579e6667eeb259d83010c63d78706096ac5e780f4b,1,200,,"[""outputs/iclr_dagger_three_task/analysis/CLOSEOUT_REPORT.md"",""outputs/iclr_dagger_three_task/analysis/implementation_audit.json"",""outputs/iclr_dagger_three_task/analysis/validation.json"",""outputs/iclr_dagger_three_task/final/upright/summary_protocol-1.jsonl""]",[],,,VERIFIED_PREEXISTING_MANIFEST,"[""outputs/iclr_dagger_three_task/SHA256SUMS""]",outputs/iclr_dp_three_task_20260919/raw/final/upright/expert_protocol-1.jsonl,PASS_RECORDED_INITIAL_CONDITIONS,0,0,Frozen final-round checkpoint and protected final bank; supersedes all development rounds for manuscript endpoint reporting.,0.005,0.0008831687156009814,0.02777370439789293,PASS_HASH_COUNTS_UNIQUE_EPISODE_KEYS_STAGE_AND_TERMINAL_COUNTS,NO_NOMINAL_FLOOR,VERIFIED_PAIRED,"All episode keys, recorded initial object poses, evaluation seed, jitter, corruption, action noise and physical configuration match. Bank hash, logical initial-condition IDs and final-bank metadata also match.",S158_r0.5,200,"Paired expert-minus-learner difference and episode-pair bootstrap permitted; separate Wilson binomial intervals; nominal failure characterization only, no execution-speed degradation claim",experiments/dagger_three_task/PROTOCOL.md
S162_r0.75,S162,upright,dagger:final_round4,DAgger,1,outputs/iclr_dagger_three_task/upright/student_final.pt,44cda536c7d9edbe52ce2b4ebbda8780c27e2ae360421b234c50712f65f474a1,execution_record,"[""44cda536c7d9edbe52ce2b4ebbda8780c27e2ae360421b234c50712f65f474a1""]",outputs/upright/demos/expert_episodes.pt,2959a476b294bbd63fe76a4a7ab4e64e1a87dfadd7e146b132559b953acfbb07,outputs/iclr_dagger_three_task/upright/aggregate_dataset.pt,75798cc088a2a917213520e3ee1498be517dd645ae8084d943bef149e6b9e47e,protected_final,"[""final""]","[""62c7911bf934c52a8bd330d0ad8073c435c548e96e4353484c413e64e669110e""]",[74001],0.75,200,0,1,200,"{""acquired"":67,""lifted_clear"":28,""placed"":3,""released"":3,""reoriented_upright"":16,""settled"":0}",{},"{""acquisition_failure"":133,""dropped_during_transport"":62,""placement_miss"":2,""tipped_after_release"":3}","{""drop_in_GRASP_DWELL"":1,""drop_in_LIFT"":44,""drop_in_REORIENT"":16,""drop_in_TRANSFER"":1,""final_tilt"":2,""left_target_after_release"":1,""never_acquired"":133,""place_not_reached"":2}",PASS,PASS,PASS_COUNTS_IDENTITIES,FAIL_90_OF_100,1,100,outputs/iclr_dagger_three_task/upright/diag.jsonl,NOT_PREDECLARED_FOR_THIS_RUN,NOMINAL_FAILURE_CHARACTERIZATION,True,outputs/iclr_dagger_three_task/final/upright/dagger_protocol-1.jsonl,a57fbd6e42520a5285f1ba579e6667eeb259d83010c63d78706096ac5e780f4b,201,400,,"[""outputs/iclr_dagger_three_task/analysis/CLOSEOUT_REPORT.md"",""outputs/iclr_dagger_three_task/analysis/implementation_audit.json"",""outputs/iclr_dagger_three_task/analysis/validation.json"",""outputs/iclr_dagger_three_task/final/upright/summary_protocol-1.jsonl""]",[],,,VERIFIED_PREEXISTING_MANIFEST,"[""outputs/iclr_dagger_three_task/SHA256SUMS""]",outputs/iclr_dp_three_task_20260919/raw/final/upright/expert_protocol-1.jsonl,PASS_RECORDED_INITIAL_CONDITIONS,0,0,Frozen final-round checkpoint and protected final bank; supersedes all development rounds for manuscript endpoint reporting.,0,1.734723475976807e-18,0.018845326377266575,PASS_HASH_COUNTS_UNIQUE_EPISODE_KEYS_STAGE_AND_TERMINAL_COUNTS,NO_NOMINAL_FLOOR,VERIFIED_PAIRED,"All episode keys, recorded initial object poses, evaluation seed, jitter, corruption, action noise and physical configuration match. Bank hash, logical initial-condition IDs and final-bank metadata also match.",S158_r0.75,200,"Paired expert-minus-learner difference and episode-pair bootstrap permitted; separate Wilson binomial intervals; nominal failure characterization only, no execution-speed degradation claim",experiments/dagger_three_task/PROTOCOL.md
S162_r1,S162,upright,dagger:final_round4,DAgger,1,outputs/iclr_dagger_three_task/upright/student_final.pt,44cda536c7d9edbe52ce2b4ebbda8780c27e2ae360421b234c50712f65f474a1,execution_record,"[""44cda536c7d9edbe52ce2b4ebbda8780c27e2ae360421b234c50712f65f474a1""]",outputs/upright/demos/expert_episodes.pt,2959a476b294bbd63fe76a4a7ab4e64e1a87dfadd7e146b132559b953acfbb07,outputs/iclr_dagger_three_task/upright/aggregate_dataset.pt,75798cc088a2a917213520e3ee1498be517dd645ae8084d943bef149e6b9e47e,protected_final,"[""final""]","[""773c5b540cb396bae894da308a3e8345c8a308e7c38d3646a0e0286bb6f77890""]",[75001],1,200,1,1,200,"{""acquired"":87,""lifted_clear"":68,""placed"":1,""released"":1,""reoriented_upright"":21,""settled"":1}",{},"{""acquisition_failure"":113,""dropped_during_transport"":83,""none"":1,""placement_miss"":3}","{""drop_in_CLOSE"":1,""drop_in_GRASP_DWELL"":1,""drop_in_LIFT"":45,""drop_in_REORIENT"":31,""drop_in_TRANSFER"":5,""never_acquired"":113,""none"":1,""place_not_reached"":3}",PASS,PASS,PASS_COUNTS_IDENTITIES,FAIL_90_OF_100,1,100,outputs/iclr_dagger_three_task/upright/diag.jsonl,NOT_PREDECLARED_FOR_THIS_RUN,NOMINAL_FAILURE_CHARACTERIZATION,True,outputs/iclr_dagger_three_task/final/upright/dagger_protocol-1.jsonl,a57fbd6e42520a5285f1ba579e6667eeb259d83010c63d78706096ac5e780f4b,401,600,,"[""outputs/iclr_dagger_three_task/analysis/CLOSEOUT_REPORT.md"",""outputs/iclr_dagger_three_task/analysis/implementation_audit.json"",""outputs/iclr_dagger_three_task/analysis/validation.json"",""outputs/iclr_dagger_three_task/final/upright/summary_protocol-1.jsonl""]",[],,,VERIFIED_PREEXISTING_MANIFEST,"[""outputs/iclr_dagger_three_task/SHA256SUMS""]",outputs/iclr_dp_three_task_20260919/raw/final/upright/expert_protocol-1.jsonl,PASS_RECORDED_INITIAL_CONDITIONS,0,0,Frozen final-round checkpoint and protected final bank; supersedes all development rounds for manuscript endpoint reporting.,0.005,0.0008831687156009814,0.02777370439789293,PASS_HASH_COUNTS_UNIQUE_EPISODE_KEYS_STAGE_AND_TERMINAL_COUNTS,NO_NOMINAL_FLOOR,VERIFIED_PAIRED,"All episode keys, recorded initial object poses, evaluation seed, jitter, corruption, action noise and physical configuration match. Bank hash, logical initial-condition IDs and final-bank metadata also match.",S158_r1,200,"Paired expert-minus-learner difference and episode-pair bootstrap permitted; separate Wilson binomial intervals; nominal failure characterization only, no execution-speed degradation claim",experiments/dagger_three_task/PROTOCOL.md
S162_r1.25,S162,upright,dagger:final_round4,DAgger,1,outputs/iclr_dagger_three_task/upright/student_final.pt,44cda536c7d9edbe52ce2b4ebbda8780c27e2ae360421b234c50712f65f474a1,execution_record,"[""44cda536c7d9edbe52ce2b4ebbda8780c27e2ae360421b234c50712f65f474a1""]",outputs/upright/demos/expert_episodes.pt,2959a476b294bbd63fe76a4a7ab4e64e1a87dfadd7e146b132559b953acfbb07,outputs/iclr_dagger_three_task/upright/aggregate_dataset.pt,75798cc088a2a917213520e3ee1498be517dd645ae8084d943bef149e6b9e47e,protected_final,"[""final""]","[""769c0c5299d8c1965d73974ebc4dc1b9865478ec19f2d5aefa44a1698fcdde73""]",[76001],1.25,200,0,1,200,"{""acquired"":110,""lifted_clear"":81,""placed"":8,""released"":8,""reoriented_upright"":38,""settled"":0}",{},"{""acquisition_failure"":90,""dropped_during_transport"":95,""placement_miss"":7,""tipped_after_release"":8}","{""drop_in_LIFT"":47,""drop_in_LOWER"":3,""drop_in_REORIENT"":31,""drop_in_TRANSFER"":14,""final_tilt"":3,""left_target_after_release"":5,""never_acquired"":90,""place_not_reached"":7}",PASS,PASS,PASS_COUNTS_IDENTITIES,FAIL_90_OF_100,1,100,outputs/iclr_dagger_three_task/upright/diag.jsonl,NOT_PREDECLARED_FOR_THIS_RUN,NOMINAL_FAILURE_CHARACTERIZATION,True,outputs/iclr_dagger_three_task/final/upright/dagger_protocol-1.jsonl,a57fbd6e42520a5285f1ba579e6667eeb259d83010c63d78706096ac5e780f4b,601,800,,"[""outputs/iclr_dagger_three_task/analysis/CLOSEOUT_REPORT.md"",""outputs/iclr_dagger_three_task/analysis/implementation_audit.json"",""outputs/iclr_dagger_three_task/analysis/validation.json"",""outputs/iclr_dagger_three_task/final/upright/summary_protocol-1.jsonl""]",[],,,VERIFIED_PREEXISTING_MANIFEST,"[""outputs/iclr_dagger_three_task/SHA256SUMS""]",outputs/iclr_dp_three_task_20260919/raw/final/upright/expert_protocol-1.jsonl,PASS_RECORDED_INITIAL_CONDITIONS,0,0,Frozen final-round checkpoint and protected final bank; supersedes all development rounds for manuscript endpoint reporting.,0,1.734723475976807e-18,0.018845326377266575,PASS_HASH_COUNTS_UNIQUE_EPISODE_KEYS_STAGE_AND_TERMINAL_COUNTS,NO_NOMINAL_FLOOR,VERIFIED_PAIRED,"All episode keys, recorded initial object poses, evaluation seed, jitter, corruption, action noise and physical configuration match. Bank hash, logical initial-condition IDs and final-bank metadata also match.",S158_r1.25,200,"Paired expert-minus-learner difference and episode-pair bootstrap permitted; separate Wilson binomial intervals; nominal failure characterization only, no execution-speed degradation claim",experiments/dagger_three_task/PROTOCOL.md
S162_r1.5,S162,upright,dagger:final_round4,DAgger,1,outputs/iclr_dagger_three_task/upright/student_final.pt,44cda536c7d9edbe52ce2b4ebbda8780c27e2ae360421b234c50712f65f474a1,execution_record,"[""44cda536c7d9edbe52ce2b4ebbda8780c27e2ae360421b234c50712f65f474a1""]",outputs/upright/demos/expert_episodes.pt,2959a476b294bbd63fe76a4a7ab4e64e1a87dfadd7e146b132559b953acfbb07,outputs/iclr_dagger_three_task/upright/aggregate_dataset.pt,75798cc088a2a917213520e3ee1498be517dd645ae8084d943bef149e6b9e47e,protected_final,"[""final""]","[""99d0f18b359ec6b1e6719c13e85be185725430242777bd0bac40efd09b2417e9""]",[77001],1.5,200,1,1,200,"{""acquired"":111,""lifted_clear"":90,""placed"":15,""released"":15,""reoriented_upright"":59,""settled"":1}",{},"{""acquisition_failure"":89,""dropped_during_transport"":77,""none"":1,""placement_miss"":19,""tipped_after_release"":14}","{""drop_in_LIFT"":29,""drop_in_LOWER"":5,""drop_in_PLACE_DWELL"":1,""drop_in_REORIENT"":23,""drop_in_TRANSFER"":19,""final_tilt"":8,""left_target_after_release"":6,""never_acquired"":89,""none"":1,""place_not_reached"":19}",PASS,PASS,PASS_COUNTS_IDENTITIES,FAIL_90_OF_100,1,100,outputs/iclr_dagger_three_task/upright/diag.jsonl,NOT_PREDECLARED_FOR_THIS_RUN,NOMINAL_FAILURE_CHARACTERIZATION,True,outputs/iclr_dagger_three_task/final/upright/dagger_protocol-1.jsonl,a57fbd6e42520a5285f1ba579e6667eeb259d83010c63d78706096ac5e780f4b,801,1000,,"[""outputs/iclr_dagger_three_task/analysis/CLOSEOUT_REPORT.md"",""outputs/iclr_dagger_three_task/analysis/implementation_audit.json"",""outputs/iclr_dagger_three_task/analysis/validation.json"",""outputs/iclr_dagger_three_task/final/upright/summary_protocol-1.jsonl""]",[],,,VERIFIED_PREEXISTING_MANIFEST,"[""outputs/iclr_dagger_three_task/SHA256SUMS""]",outputs/iclr_dp_three_task_20260919/raw/final/upright/expert_protocol-1.jsonl,PASS_RECORDED_INITIAL_CONDITIONS,0,0,Frozen final-round checkpoint and protected final bank; supersedes all development rounds for manuscript endpoint reporting.,0.005,0.0008831687156009814,0.02777370439789293,PASS_HASH_COUNTS_UNIQUE_EPISODE_KEYS_STAGE_AND_TERMINAL_COUNTS,NO_NOMINAL_FLOOR,VERIFIED_PAIRED,"All episode keys, recorded initial object poses, evaluation seed, jitter, corruption, action noise and physical configuration match. Bank hash, logical initial-condition IDs and final-bank metadata also match.",S158_r1.5,200,"Paired expert-minus-learner difference and episode-pair bootstrap permitted; separate Wilson binomial intervals; nominal failure characterization only, no execution-speed degradation claim",experiments/dagger_three_task/PROTOCOL.md
S162_r1.75,S162,upright,dagger:final_round4,DAgger,1,outputs/iclr_dagger_three_task/upright/student_final.pt,44cda536c7d9edbe52ce2b4ebbda8780c27e2ae360421b234c50712f65f474a1,execution_record,"[""44cda536c7d9edbe52ce2b4ebbda8780c27e2ae360421b234c50712f65f474a1""]",outputs/upright/demos/expert_episodes.pt,2959a476b294bbd63fe76a4a7ab4e64e1a87dfadd7e146b132559b953acfbb07,outputs/iclr_dagger_three_task/upright/aggregate_dataset.pt,75798cc088a2a917213520e3ee1498be517dd645ae8084d943bef149e6b9e47e,protected_final,"[""final""]","[""8cb85e15482868092b26c9ee46d971afe82a9df62c35e3b32d79f76066476970""]",[78001],1.75,200,0,1,200,"{""acquired"":116,""lifted_clear"":94,""placed"":20,""released"":20,""reoriented_upright"":65,""settled"":0}",{},"{""acquisition_failure"":84,""dropped_during_transport"":64,""placement_miss"":32,""tipped_after_release"":20}","{""drop_in_GRASP_DWELL"":2,""drop_in_LIFT"":27,""drop_in_LOWER"":4,""drop_in_REORIENT"":19,""drop_in_TRANSFER"":12,""final_tilt"":12,""left_target_after_release"":8,""never_acquired"":84,""place_not_reached"":32}",PASS,PASS,PASS_COUNTS_IDENTITIES,FAIL_90_OF_100,1,100,outputs/iclr_dagger_three_task/upright/diag.jsonl,NOT_PREDECLARED_FOR_THIS_RUN,NOMINAL_FAILURE_CHARACTERIZATION,True,outputs/iclr_dagger_three_task/final/upright/dagger_protocol-1.jsonl,a57fbd6e42520a5285f1ba579e6667eeb259d83010c63d78706096ac5e780f4b,1001,1200,,"[""outputs/iclr_dagger_three_task/analysis/CLOSEOUT_REPORT.md"",""outputs/iclr_dagger_three_task/analysis/implementation_audit.json"",""outputs/iclr_dagger_three_task/analysis/validation.json"",""outputs/iclr_dagger_three_task/final/upright/summary_protocol-1.jsonl""]",[],,,VERIFIED_PREEXISTING_MANIFEST,"[""outputs/iclr_dagger_three_task/SHA256SUMS""]",outputs/iclr_dp_three_task_20260919/raw/final/upright/expert_protocol-1.jsonl,PASS_RECORDED_INITIAL_CONDITIONS,0,0,Frozen final-round checkpoint and protected final bank; supersedes all development rounds for manuscript endpoint reporting.,0,1.734723475976807e-18,0.018845326377266575,PASS_HASH_COUNTS_UNIQUE_EPISODE_KEYS_STAGE_AND_TERMINAL_COUNTS,NO_NOMINAL_FLOOR,VERIFIED_PAIRED,"All episode keys, recorded initial object poses, evaluation seed, jitter, corruption, action noise and physical configuration match. Bank hash, logical initial-condition IDs and final-bank metadata also match.",S158_r1.75,200,"Paired expert-minus-learner difference and episode-pair bootstrap permitted; separate Wilson binomial intervals; nominal failure characterization only, no execution-speed degradation claim",experiments/dagger_three_task/PROTOCOL.md
S162_r2,S162,upright,dagger:final_round4,DAgger,1,outputs/iclr_dagger_three_task/upright/student_final.pt,44cda536c7d9edbe52ce2b4ebbda8780c27e2ae360421b234c50712f65f474a1,execution_record,"[""44cda536c7d9edbe52ce2b4ebbda8780c27e2ae360421b234c50712f65f474a1""]",outputs/upright/demos/expert_episodes.pt,2959a476b294bbd63fe76a4a7ab4e64e1a87dfadd7e146b132559b953acfbb07,outputs/iclr_dagger_three_task/upright/aggregate_dataset.pt,75798cc088a2a917213520e3ee1498be517dd645ae8084d943bef149e6b9e47e,protected_final,"[""final""]","[""80170a6d88af32eca89839c0391aebb59eb22cf4afce2d0b0b2cc0b7ab8cbe7e""]",[79001],2,200,2,1,200,"{""acquired"":128,""lifted_clear"":109,""placed"":43,""released"":43,""reoriented_upright"":81,""settled"":2}",{},"{""acquisition_failure"":72,""dropped_during_transport"":61,""none"":2,""placement_miss"":25,""tipped_after_release"":40}","{""drop_in_GRASP_DWELL"":3,""drop_in_LIFT"":26,""drop_in_LOWER"":1,""drop_in_REORIENT"":20,""drop_in_TRANSFER"":11,""final_tilt"":30,""left_target_after_release"":10,""never_acquired"":72,""none"":2,""place_not_reached"":25}",PASS,PASS,PASS_COUNTS_IDENTITIES,FAIL_90_OF_100,1,100,outputs/iclr_dagger_three_task/upright/diag.jsonl,NOT_PREDECLARED_FOR_THIS_RUN,NOMINAL_FAILURE_CHARACTERIZATION,True,outputs/iclr_dagger_three_task/final/upright/dagger_protocol-1.jsonl,a57fbd6e42520a5285f1ba579e6667eeb259d83010c63d78706096ac5e780f4b,1201,1400,,"[""outputs/iclr_dagger_three_task/analysis/CLOSEOUT_REPORT.md"",""outputs/iclr_dagger_three_task/analysis/implementation_audit.json"",""outputs/iclr_dagger_three_task/analysis/validation.json"",""outputs/iclr_dagger_three_task/final/upright/summary_protocol-1.jsonl""]",[],,,VERIFIED_PREEXISTING_MANIFEST,"[""outputs/iclr_dagger_three_task/SHA256SUMS""]",outputs/iclr_dp_three_task_20260919/raw/final/upright/expert_protocol-1.jsonl,PASS_RECORDED_INITIAL_CONDITIONS,0,0,Frozen final-round checkpoint and protected final bank; supersedes all development rounds for manuscript endpoint reporting.,0.01,0.0027466581335444384,0.0357217617161768,PASS_HASH_COUNTS_UNIQUE_EPISODE_KEYS_STAGE_AND_TERMINAL_COUNTS,NO_NOMINAL_FLOOR,VERIFIED_PAIRED,"All episode keys, recorded initial object poses, evaluation seed, jitter, corruption, action noise and physical configuration match. Bank hash, logical initial-condition IDs and final-bank metadata also match.",S158_r2,200,"Paired expert-minus-learner difference and episode-pair bootstrap permitted; separate Wilson binomial intervals; nominal failure characterization only, no execution-speed degradation claim",experiments/dagger_three_task/PROTOCOL.md
S162_r2.5,S162,upright,dagger:final_round4,DAgger,1,outputs/iclr_dagger_three_task/upright/student_final.pt,44cda536c7d9edbe52ce2b4ebbda8780c27e2ae360421b234c50712f65f474a1,execution_record,"[""44cda536c7d9edbe52ce2b4ebbda8780c27e2ae360421b234c50712f65f474a1""]",outputs/upright/demos/expert_episodes.pt,2959a476b294bbd63fe76a4a7ab4e64e1a87dfadd7e146b132559b953acfbb07,outputs/iclr_dagger_three_task/upright/aggregate_dataset.pt,75798cc088a2a917213520e3ee1498be517dd645ae8084d943bef149e6b9e47e,protected_final,"[""final""]","[""431b44e40964e858b4e3ee6c0717c019203c6738a84b5e7f674d218bbe1f5b37""]",[80001],2.5,200,4,1,200,"{""acquired"":110,""lifted_clear"":86,""placed"":33,""released"":33,""reoriented_upright"":73,""settled"":4}",{},"{""acquisition_failure"":90,""dropped_during_transport"":46,""none"":4,""placement_miss"":31,""tipped_after_release"":29}","{""drop_in_CLOSE"":2,""drop_in_GRASP_DWELL"":5,""drop_in_LIFT"":24,""drop_in_LOWER"":2,""drop_in_REORIENT"":6,""drop_in_TRANSFER"":7,""final_tilt"":26,""left_target_after_release"":3,""never_acquired"":90,""none"":4,""place_not_reached"":31}",PASS,PASS,PASS_COUNTS_IDENTITIES,FAIL_90_OF_100,1,100,outputs/iclr_dagger_three_task/upright/diag.jsonl,NOT_PREDECLARED_FOR_THIS_RUN,NOMINAL_FAILURE_CHARACTERIZATION,True,outputs/iclr_dagger_three_task/final/upright/dagger_protocol-1.jsonl,a57fbd6e42520a5285f1ba579e6667eeb259d83010c63d78706096ac5e780f4b,1401,1600,,"[""outputs/iclr_dagger_three_task/analysis/CLOSEOUT_REPORT.md"",""outputs/iclr_dagger_three_task/analysis/implementation_audit.json"",""outputs/iclr_dagger_three_task/analysis/validation.json"",""outputs/iclr_dagger_three_task/final/upright/summary_protocol-1.jsonl""]",[],,,VERIFIED_PREEXISTING_MANIFEST,"[""outputs/iclr_dagger_three_task/SHA256SUMS""]",outputs/iclr_dp_three_task_20260919/raw/final/upright/expert_protocol-1.jsonl,PASS_RECORDED_INITIAL_CONDITIONS,0,0,Frozen final-round checkpoint and protected final bank; supersedes all development rounds for manuscript endpoint reporting.,0.02,0.0078044264163494685,0.050287086905826436,PASS_HASH_COUNTS_UNIQUE_EPISODE_KEYS_STAGE_AND_TERMINAL_COUNTS,NO_NOMINAL_FLOOR,VERIFIED_PAIRED,"All episode keys, recorded initial object poses, evaluation seed, jitter, corruption, action noise and physical configuration match. Bank hash, logical initial-condition IDs and final-bank metadata also match.",S158_r2.5,200,"Paired expert-minus-learner difference and episode-pair bootstrap permitted; separate Wilson binomial intervals; nominal failure characterization only, no execution-speed degradation claim",experiments/dagger_three_task/PROTOCOL.md
S180_r0.5,S180,parcel,act:ACT-A:model_seed0,ACT,0,outputs/paper/act/act_stow.pt,0d9400462d8ff4d3d99614d48a1d6c365de3e3df8faa9bf88f91677130a0d4af,legacy_path_mapped_to_release_manifest_NO_EXECUTION_DIGEST,[],outputs/paper/demos/expert_episodes.pt,5c443c62d21471897edad0132dbc46bc24f19ea63d77fd2b8f9c6e53bd605fa2,N/A,N/A,legacy_released_final,"[""UNKNOWN_LEGACY_UNSTAMPED""]","[""UNKNOWN_NOT_RECORDED""]",[12345],0.5,100,84,100,100,"{""acquired"":100,""inserted"":100,""lifted_clear"":100,""preinsert_reached"":93,""released"":100,""reoriented"":100,""settled"":95}",{},"{""insertion_misalignment"":11,""none"":84,""timeout"":5}","{""final_orientation"":11,""none"":84,""not_settled"":5}",NOT_DOCUMENTED,COUNTS_ONLY,PASS_COUNTS_IDENTITIES,PASS_OBSERVED_90_OF_100,100,100,data/records/act_episodes.jsonl.gz,NOT_PREDECLARED_FOR_THIS_RUN,MATCHED_EXPERT_COMPARISON,False,data/records/act_episodes.jsonl.gz,6efe0d529fb7289244588a3f22e06407a488fcdd8ca44cde9e8c69181ce93c5f,1,100,,"[""data/records/eval_summary.jsonl"",""experiments/paper/results/README.md"",""experiments/paper/results/eval_summary.jsonl""]",[],,outputs/paper/eval/act.jsonl,TRACKED_RELEASE_RECORD_SHA256_VERIFIED_AGAINST_GIT,"[""Git HEAD:data/records""]",data/records/expert_episodes.jsonl.gz,PASS_RECORDED_INITIAL_CONDITIONS,0,0,Tracked release is the archival authority for this parcel condition. Output copies and the ACT-A determinism rerun are excluded; no larger-N or performance tie-break is used.,0.84,0.7557973061072976,0.8990471151119521,PASS_HASH_COUNTS_UNIQUE_EPISODE_KEYS_STAGE_AND_TERMINAL_COUNTS,SUBJECT_TO_COMPARISON_AND_RATE_SUPPORT,VERIFIED_PAIRED,"All episode keys, recorded initial object poses, evaluation seed, jitter, corruption, action noise and physical configuration match. Legacy release has no indexed bank digest or initial joint-state serialization; verification is limited to recorded initial conditions and shared run metadata.",S183_r0.5,100,Paired expert-minus-learner difference and episode-pair bootstrap permitted; separate Wilson binomial intervals,experiments/paper/results/README.md
S180_r1,S180,parcel,act:ACT-A:model_seed0,ACT,0,outputs/paper/act/act_stow.pt,0d9400462d8ff4d3d99614d48a1d6c365de3e3df8faa9bf88f91677130a0d4af,legacy_path_mapped_to_release_manifest_NO_EXECUTION_DIGEST,[],outputs/paper/demos/expert_episodes.pt,5c443c62d21471897edad0132dbc46bc24f19ea63d77fd2b8f9c6e53bd605fa2,N/A,N/A,legacy_released_final,"[""UNKNOWN_LEGACY_UNSTAMPED""]","[""UNKNOWN_NOT_RECORDED""]",[13345],1,100,100,100,100,"{""acquired"":100,""inserted"":100,""lifted_clear"":100,""preinsert_reached"":85,""released"":100,""reoriented"":100,""settled"":100}",{},"{""none"":100}","{""none"":100}",NOT_DOCUMENTED,COUNTS_ONLY,PASS_COUNTS_IDENTITIES,PASS_OBSERVED_90_OF_100,100,100,data/records/act_episodes.jsonl.gz,NOT_PREDECLARED_FOR_THIS_RUN,MATCHED_EXPERT_COMPARISON,False,data/records/act_episodes.jsonl.gz,6efe0d529fb7289244588a3f22e06407a488fcdd8ca44cde9e8c69181ce93c5f,101,200,,"[""data/records/eval_summary.jsonl"",""experiments/paper/results/README.md"",""experiments/paper/results/eval_summary.jsonl""]",[],,outputs/paper/eval/act.jsonl,TRACKED_RELEASE_RECORD_SHA256_VERIFIED_AGAINST_GIT,"[""Git HEAD:data/records""]",data/records/expert_episodes.jsonl.gz,PASS_RECORDED_INITIAL_CONDITIONS,0,0,Tracked release is the archival authority for this parcel condition. Output copies and the ACT-A determinism rerun are excluded; no larger-N or performance tie-break is used.,1,0.9630065017930143,1,PASS_HASH_COUNTS_UNIQUE_EPISODE_KEYS_STAGE_AND_TERMINAL_COUNTS,SUBJECT_TO_COMPARISON_AND_RATE_SUPPORT,VERIFIED_PAIRED,"All episode keys, recorded initial object poses, evaluation seed, jitter, corruption, action noise and physical configuration match. Legacy release has no indexed bank digest or initial joint-state serialization; verification is limited to recorded initial conditions and shared run metadata.",S183_r1,100,Paired expert-minus-learner difference and episode-pair bootstrap permitted; separate Wilson binomial intervals,experiments/paper/results/README.md
S180_r1.5,S180,parcel,act:ACT-A:model_seed0,ACT,0,outputs/paper/act/act_stow.pt,0d9400462d8ff4d3d99614d48a1d6c365de3e3df8faa9bf88f91677130a0d4af,legacy_path_mapped_to_release_manifest_NO_EXECUTION_DIGEST,[],outputs/paper/demos/expert_episodes.pt,5c443c62d21471897edad0132dbc46bc24f19ea63d77fd2b8f9c6e53bd605fa2,N/A,N/A,legacy_released_final,"[""UNKNOWN_LEGACY_UNSTAMPED""]","[""UNKNOWN_NOT_RECORDED""]",[14345],1.5,100,91,100,100,"{""acquired"":100,""inserted"":100,""lifted_clear"":100,""preinsert_reached"":95,""released"":100,""reoriented"":100,""settled"":100}",{},"{""insertion_misalignment"":9,""none"":91}","{""final_orientation"":9,""none"":91}",NOT_DOCUMENTED,COUNTS_ONLY,PASS_COUNTS_IDENTITIES,PASS_OBSERVED_90_OF_100,100,100,data/records/act_episodes.jsonl.gz,NOT_PREDECLARED_FOR_THIS_RUN,MATCHED_EXPERT_COMPARISON,False,data/records/act_episodes.jsonl.gz,6efe0d529fb7289244588a3f22e06407a488fcdd8ca44cde9e8c69181ce93c5f,201,300,,"[""data/records/eval_summary.jsonl"",""experiments/paper/results/README.md"",""experiments/paper/results/eval_summary.jsonl""]",[],,outputs/paper/eval/act.jsonl,TRACKED_RELEASE_RECORD_SHA256_VERIFIED_AGAINST_GIT,"[""Git HEAD:data/records""]",data/records/expert_episodes.jsonl.gz,PASS_RECORDED_INITIAL_CONDITIONS,0,0,Tracked release is the archival authority for this parcel condition. Output copies and the ACT-A determinism rerun are excluded; no larger-N or performance tie-break is used.,0.91,0.837737871472837,0.9519274599974348,PASS_HASH_COUNTS_UNIQUE_EPISODE_KEYS_STAGE_AND_TERMINAL_COUNTS,SUBJECT_TO_COMPARISON_AND_RATE_SUPPORT,VERIFIED_PAIRED,"All episode keys, recorded initial object poses, evaluation seed, jitter, corruption, action noise and physical configuration match. Legacy release has no indexed bank digest or initial joint-state serialization; verification is limited to recorded initial conditions and shared run metadata.",S183_r1.5,100,Paired expert-minus-learner difference and episode-pair bootstrap permitted; separate Wilson binomial intervals,experiments/paper/results/README.md
S180_r2,S180,parcel,act:ACT-A:model_seed0,ACT,0,outputs/paper/act/act_stow.pt,0d9400462d8ff4d3d99614d48a1d6c365de3e3df8faa9bf88f91677130a0d4af,legacy_path_mapped_to_release_manifest_NO_EXECUTION_DIGEST,[],outputs/paper/demos/expert_episodes.pt,5c443c62d21471897edad0132dbc46bc24f19ea63d77fd2b8f9c6e53bd605fa2,N/A,N/A,legacy_released_final,"[""UNKNOWN_LEGACY_UNSTAMPED""]","[""UNKNOWN_NOT_RECORDED""]",[15345],2,100,53,100,100,"{""acquired"":100,""inserted"":89,""lifted_clear"":100,""preinsert_reached"":94,""released"":89,""reoriented"":95,""settled"":88}",{},"{""excessive_inhand_slip"":1,""insertion_jam"":10,""insertion_misalignment"":35,""none"":53,""timeout"":1}","{""final_orientation"":35,""none"":53,""not_settled"":1,""slip_after_receptacle_contact"":10,""slip_before_receptacle_contact"":1}",NOT_DOCUMENTED,COUNTS_ONLY,PASS_COUNTS_IDENTITIES,PASS_OBSERVED_90_OF_100,100,100,data/records/act_episodes.jsonl.gz,NOT_PREDECLARED_FOR_THIS_RUN,MATCHED_EXPERT_COMPARISON,False,data/records/act_episodes.jsonl.gz,6efe0d529fb7289244588a3f22e06407a488fcdd8ca44cde9e8c69181ce93c5f,301,400,,"[""data/records/eval_summary.jsonl"",""experiments/paper/results/README.md"",""experiments/paper/results/eval_summary.jsonl""]",[],,outputs/paper/eval/act.jsonl,TRACKED_RELEASE_RECORD_SHA256_VERIFIED_AGAINST_GIT,"[""Git HEAD:data/records""]",data/records/expert_episodes.jsonl.gz,PASS_RECORDED_INITIAL_CONDITIONS,0,0,Tracked release is the archival authority for this parcel condition. Output copies and the ACT-A determinism rerun are excluded; no larger-N or performance tie-break is used.,0.53,0.4328885697009936,0.6248918204065872,PASS_HASH_COUNTS_UNIQUE_EPISODE_KEYS_STAGE_AND_TERMINAL_COUNTS,SUBJECT_TO_COMPARISON_AND_RATE_SUPPORT,VERIFIED_PAIRED,"All episode keys, recorded initial object poses, evaluation seed, jitter, corruption, action noise and physical configuration match. Legacy release has no indexed bank digest or initial joint-state serialization; verification is limited to recorded initial conditions and shared run metadata.",S183_r2,100,Paired expert-minus-learner difference and episode-pair bootstrap permitted; separate Wilson binomial intervals,experiments/paper/results/README.md
S180_r2.25,S180,parcel,act:ACT-A:model_seed0,ACT,0,outputs/paper/act/act_stow.pt,0d9400462d8ff4d3d99614d48a1d6c365de3e3df8faa9bf88f91677130a0d4af,legacy_path_mapped_to_release_manifest_NO_EXECUTION_DIGEST,[],outputs/paper/demos/expert_episodes.pt,5c443c62d21471897edad0132dbc46bc24f19ea63d77fd2b8f9c6e53bd605fa2,N/A,N/A,legacy_released_final,"[""UNKNOWN_LEGACY_UNSTAMPED""]","[""UNKNOWN_NOT_RECORDED""]",[16345],2.25,100,36,100,100,"{""acquired"":100,""inserted"":67,""lifted_clear"":100,""preinsert_reached"":84,""released"":67,""reoriented"":84,""settled"":63}",{},"{""excessive_inhand_slip"":1,""insertion_jam"":27,""insertion_misalignment"":27,""none"":36,""timeout"":4,""transfer_failure"":5}","{""final_orientation"":27,""none"":36,""not_settled"":4,""preinsert_not_reached"":5,""slip_after_receptacle_contact"":27,""slip_before_receptacle_contact"":1}",NOT_DOCUMENTED,COUNTS_ONLY,PASS_COUNTS_IDENTITIES,PASS_OBSERVED_90_OF_100,100,100,data/records/act_episodes.jsonl.gz,NOT_PREDECLARED_FOR_THIS_RUN,MATCHED_EXPERT_COMPARISON,False,data/records/act_episodes.jsonl.gz,6efe0d529fb7289244588a3f22e06407a488fcdd8ca44cde9e8c69181ce93c5f,401,500,,"[""data/records/eval_summary.jsonl"",""experiments/paper/results/README.md"",""experiments/paper/results/eval_summary.jsonl""]",[],,outputs/paper/eval/act.jsonl,TRACKED_RELEASE_RECORD_SHA256_VERIFIED_AGAINST_GIT,"[""Git HEAD:data/records""]",data/records/expert_episodes.jsonl.gz,PASS_RECORDED_INITIAL_CONDITIONS,0,0,Tracked release is the archival authority for this parcel condition. Output copies and the ACT-A determinism rerun are excluded; no larger-N or performance tie-break is used.,0.36,0.2727122040140433,0.4576459754839126,PASS_HASH_COUNTS_UNIQUE_EPISODE_KEYS_STAGE_AND_TERMINAL_COUNTS,SUBJECT_TO_COMPARISON_AND_RATE_SUPPORT,VERIFIED_PAIRED,"All episode keys, recorded initial object poses, evaluation seed, jitter, corruption, action noise and physical configuration match. Legacy release has no indexed bank digest or initial joint-state serialization; verification is limited to recorded initial conditions and shared run metadata.",S183_r2.25,100,Paired expert-minus-learner difference and episode-pair bootstrap permitted; separate Wilson binomial intervals,experiments/paper/results/README.md
S180_r2.5,S180,parcel,act:ACT-A:model_seed0,ACT,0,outputs/paper/act/act_stow.pt,0d9400462d8ff4d3d99614d48a1d6c365de3e3df8faa9bf88f91677130a0d4af,legacy_path_mapped_to_release_manifest_NO_EXECUTION_DIGEST,[],outputs/paper/demos/expert_episodes.pt,5c443c62d21471897edad0132dbc46bc24f19ea63d77fd2b8f9c6e53bd605fa2,N/A,N/A,legacy_released_final,"[""UNKNOWN_LEGACY_UNSTAMPED""]","[""UNKNOWN_NOT_RECORDED""]",[17345],2.5,100,0,100,100,"{""acquired"":42,""inserted"":1,""lifted_clear"":42,""preinsert_reached"":5,""released"":1,""reoriented"":28,""settled"":0}",{},"{""acquisition_failure"":58,""dropped_during_reorientation"":1,""insertion_jam"":5,""timeout"":1,""transfer_failure"":35}","{""drop_in_REORIENT"":1,""drop_in_TRANSFER"":2,""never_acquired"":58,""not_settled"":1,""preinsert_not_reached"":33,""slip_after_receptacle_contact"":5}",NOT_DOCUMENTED,COUNTS_ONLY,PASS_COUNTS_IDENTITIES,PASS_OBSERVED_90_OF_100,100,100,data/records/act_episodes.jsonl.gz,NOT_PREDECLARED_FOR_THIS_RUN,MATCHED_EXPERT_COMPARISON,False,data/records/act_episodes.jsonl.gz,6efe0d529fb7289244588a3f22e06407a488fcdd8ca44cde9e8c69181ce93c5f,501,600,,"[""data/records/eval_summary.jsonl"",""experiments/paper/results/README.md"",""experiments/paper/results/eval_summary.jsonl""]",[],,outputs/paper/eval/act.jsonl,TRACKED_RELEASE_RECORD_SHA256_VERIFIED_AGAINST_GIT,"[""Git HEAD:data/records""]",data/records/expert_episodes.jsonl.gz,PASS_RECORDED_INITIAL_CONDITIONS,0,0,Tracked release is the archival authority for this parcel condition. Output copies and the ACT-A determinism rerun are excluded; no larger-N or performance tie-break is used.,0,3.469446951953614e-18,0.03699349820698568,PASS_HASH_COUNTS_UNIQUE_EPISODE_KEYS_STAGE_AND_TERMINAL_COUNTS,SUBJECT_TO_COMPARISON_AND_RATE_SUPPORT,VERIFIED_PAIRED,"All episode keys, recorded initial object poses, evaluation seed, jitter, corruption, action noise and physical configuration match. Legacy release has no indexed bank digest or initial joint-state serialization; verification is limited to recorded initial conditions and shared run metadata.",S183_r2.5,100,Paired expert-minus-learner difference and episode-pair bootstrap permitted; separate Wilson binomial intervals,experiments/paper/results/README.md
S180_r3,S180,parcel,act:ACT-A:model_seed0,ACT,0,outputs/paper/act/act_stow.pt,0d9400462d8ff4d3d99614d48a1d6c365de3e3df8faa9bf88f91677130a0d4af,legacy_path_mapped_to_release_manifest_NO_EXECUTION_DIGEST,[],outputs/paper/demos/expert_episodes.pt,5c443c62d21471897edad0132dbc46bc24f19ea63d77fd2b8f9c6e53bd605fa2,N/A,N/A,legacy_released_final,"[""UNKNOWN_LEGACY_UNSTAMPED""]","[""UNKNOWN_NOT_RECORDED""]",[18345],3,100,0,100,100,"{""acquired"":0,""inserted"":0,""lifted_clear"":0,""preinsert_reached"":0,""released"":0,""reoriented"":0,""settled"":0}",{},"{""acquisition_failure"":100}","{""never_acquired"":100}",NOT_DOCUMENTED,COUNTS_ONLY,PASS_COUNTS_IDENTITIES,PASS_OBSERVED_90_OF_100,100,100,data/records/act_episodes.jsonl.gz,NOT_PREDECLARED_FOR_THIS_RUN,MATCHED_EXPERT_COMPARISON,False,data/records/act_episodes.jsonl.gz,6efe0d529fb7289244588a3f22e06407a488fcdd8ca44cde9e8c69181ce93c5f,601,700,,"[""data/records/eval_summary.jsonl"",""experiments/paper/results/README.md"",""experiments/paper/results/eval_summary.jsonl""]",[],,outputs/paper/eval/act.jsonl,TRACKED_RELEASE_RECORD_SHA256_VERIFIED_AGAINST_GIT,"[""Git HEAD:data/records""]",data/records/expert_episodes.jsonl.gz,PASS_RECORDED_INITIAL_CONDITIONS,0,0,Tracked release is the archival authority for this parcel condition. Output copies and the ACT-A determinism rerun are excluded; no larger-N or performance tie-break is used.,0,3.469446951953614e-18,0.03699349820698568,PASS_HASH_COUNTS_UNIQUE_EPISODE_KEYS_STAGE_AND_TERMINAL_COUNTS,SUBJECT_TO_COMPARISON_AND_RATE_SUPPORT,VERIFIED_PAIRED,"All episode keys, recorded initial object poses, evaluation seed, jitter, corruption, action noise and physical configuration match. Legacy release has no indexed bank digest or initial joint-state serialization; verification is limited to recorded initial conditions and shared run metadata.",S183_r3,100,Paired expert-minus-learner difference and episode-pair bootstrap permitted; separate Wilson binomial intervals,experiments/paper/results/README.md
S181_r0.5,S181,parcel,dagger:released_final,DAgger,UNKNOWN,outputs/paper/dagger/student_final.pt,710aae85ff1889d573732f455012fc28cc68571938de7bb686143a3bca9efff8,legacy_path_mapped_to_release_manifest_NO_EXECUTION_DIGEST,[],outputs/paper/demos/expert_episodes.pt,5c443c62d21471897edad0132dbc46bc24f19ea63d77fd2b8f9c6e53bd605fa2,outputs/paper/dagger/aggregate_dataset.pt,91bd96ce4f5907555a0c4c9ada92323ce2335ca56c4c3cd15924aa0a56beafec,legacy_released_final,"[""UNKNOWN_LEGACY_UNSTAMPED""]","[""UNKNOWN_NOT_RECORDED""]",[12345],0.5,100,2,3,100,"{""acquired"":49,""inserted"":10,""lifted_clear"":35,""preinsert_reached"":7,""released"":10,""reoriented"":16,""settled"":9}",{},"{""acquisition_failure"":51,""dropped_during_lift"":22,""dropped_during_reorientation"":12,""insertion_jam"":1,""insertion_misalignment"":7,""none"":2,""timeout"":1,""transfer_failure"":4}","{""drop_in_GRASP_DWELL"":1,""drop_in_LIFT"":21,""drop_in_REORIENT"":12,""drop_in_TRANSFER"":2,""final_orientation"":7,""never_acquired"":51,""none"":2,""not_settled"":1,""preinsert_not_reached"":2,""slip_after_receptacle_contact"":1}",NOT_DOCUMENTED_FOR_PARCEL_RUN,COUNTS_ONLY,PASS_COUNTS_IDENTITIES,FAIL_90_OF_100,3,100,data/records/dagger_episodes.jsonl.gz,NOT_PREDECLARED_FOR_THIS_RUN,NOMINAL_FAILURE_CHARACTERIZATION,True,data/records/dagger_episodes.jsonl.gz,24978d8cfea82d9970c9d11b07ed79b8e8d251fa5829cc710b89238e3cfbc18a,1,100,,"[""data/records/eval_summary.jsonl"",""experiments/paper/results/README.md"",""experiments/paper/results/eval_summary.jsonl""]",[],,outputs/paper/eval/dagger.jsonl,TRACKED_RELEASE_RECORD_SHA256_VERIFIED_AGAINST_GIT,"[""Git HEAD:data/records""]",data/records/expert_episodes.jsonl.gz,PASS_RECORDED_INITIAL_CONDITIONS,0,0,Tracked release is the archival authority for this parcel condition. Output copies and the ACT-A determinism rerun are excluded; no larger-N or performance tie-break is used.,0.02,0.00550196755016235,0.07001179072854388,PASS_HASH_COUNTS_UNIQUE_EPISODE_KEYS_STAGE_AND_TERMINAL_COUNTS,NO_NOMINAL_FLOOR,VERIFIED_PAIRED,"All episode keys, recorded initial object poses, evaluation seed, jitter, corruption, action noise and physical configuration match. Legacy release has no indexed bank digest or initial joint-state serialization; verification is limited to recorded initial conditions and shared run metadata.",S183_r0.5,100,"Paired expert-minus-learner difference and episode-pair bootstrap permitted; separate Wilson binomial intervals; nominal failure characterization only, no execution-speed degradation claim",experiments/paper/results/README.md
S181_r1,S181,parcel,dagger:released_final,DAgger,UNKNOWN,outputs/paper/dagger/student_final.pt,710aae85ff1889d573732f455012fc28cc68571938de7bb686143a3bca9efff8,legacy_path_mapped_to_release_manifest_NO_EXECUTION_DIGEST,[],outputs/paper/demos/expert_episodes.pt,5c443c62d21471897edad0132dbc46bc24f19ea63d77fd2b8f9c6e53bd605fa2,outputs/paper/dagger/aggregate_dataset.pt,91bd96ce4f5907555a0c4c9ada92323ce2335ca56c4c3cd15924aa0a56beafec,legacy_released_final,"[""UNKNOWN_LEGACY_UNSTAMPED""]","[""UNKNOWN_NOT_RECORDED""]",[13345],1,100,3,3,100,"{""acquired"":65,""inserted"":10,""lifted_clear"":57,""preinsert_reached"":6,""released"":10,""reoriented"":23,""settled"":8}",{},"{""acquisition_failure"":35,""dropped_during_lift"":8,""dropped_during_reorientation"":33,""excessive_inhand_slip"":2,""insertion_jam"":1,""insertion_misalignment"":5,""none"":3,""timeout"":2,""transfer_failure"":11}","{""drop_in_INSERT"":1,""drop_in_LIFT"":8,""drop_in_PREINSERT_DWELL"":1,""drop_in_REORIENT"":33,""drop_in_TRANSFER"":5,""final_orientation"":5,""never_acquired"":35,""none"":3,""not_settled"":2,""preinsert_not_reached"":5,""slip_before_receptacle_contact"":2}",NOT_DOCUMENTED_FOR_PARCEL_RUN,COUNTS_ONLY,PASS_COUNTS_IDENTITIES,FAIL_90_OF_100,3,100,data/records/dagger_episodes.jsonl.gz,NOT_PREDECLARED_FOR_THIS_RUN,NOMINAL_FAILURE_CHARACTERIZATION,True,data/records/dagger_episodes.jsonl.gz,24978d8cfea82d9970c9d11b07ed79b8e8d251fa5829cc710b89238e3cfbc18a,101,200,,"[""data/records/eval_summary.jsonl"",""experiments/paper/results/README.md"",""experiments/paper/results/eval_summary.jsonl""]",[],,outputs/paper/eval/dagger.jsonl,TRACKED_RELEASE_RECORD_SHA256_VERIFIED_AGAINST_GIT,"[""Git HEAD:data/records""]",data/records/expert_episodes.jsonl.gz,PASS_RECORDED_INITIAL_CONDITIONS,0,0,Tracked release is the archival authority for this parcel condition. Output copies and the ACT-A determinism rerun are excluded; no larger-N or performance tie-break is used.,0.03,0.010254524024038925,0.0845193642905276,PASS_HASH_COUNTS_UNIQUE_EPISODE_KEYS_STAGE_AND_TERMINAL_COUNTS,NO_NOMINAL_FLOOR,VERIFIED_PAIRED,"All episode keys, recorded initial object poses, evaluation seed, jitter, corruption, action noise and physical configuration match. Legacy release has no indexed bank digest or initial joint-state serialization; verification is limited to recorded initial conditions and shared run metadata.",S183_r1,100,"Paired expert-minus-learner difference and episode-pair bootstrap permitted; separate Wilson binomial intervals; nominal failure characterization only, no execution-speed degradation claim",experiments/paper/results/README.md
S181_r1.5,S181,parcel,dagger:released_final,DAgger,UNKNOWN,outputs/paper/dagger/student_final.pt,710aae85ff1889d573732f455012fc28cc68571938de7bb686143a3bca9efff8,legacy_path_mapped_to_release_manifest_NO_EXECUTION_DIGEST,[],outputs/paper/demos/expert_episodes.pt,5c443c62d21471897edad0132dbc46bc24f19ea63d77fd2b8f9c6e53bd605fa2,outputs/paper/dagger/aggregate_dataset.pt,91bd96ce4f5907555a0c4c9ada92323ce2335ca56c4c3cd15924aa0a56beafec,legacy_released_final,"[""UNKNOWN_LEGACY_UNSTAMPED""]","[""UNKNOWN_NOT_RECORDED""]",[14345],1.5,100,1,3,100,"{""acquired"":77,""inserted"":7,""lifted_clear"":64,""preinsert_reached"":9,""released"":7,""reoriented"":19,""settled"":7}",{},"{""acquisition_failure"":23,""dropped_during_lift"":6,""dropped_during_reorientation"":44,""excessive_inhand_slip"":1,""insertion_jam"":2,""insertion_misalignment"":8,""none"":1,""transfer_failure"":15}","{""drop_in_INSERT"":2,""drop_in_LIFT"":6,""drop_in_REORIENT"":44,""drop_in_TRANSFER"":10,""final_orientation"":6,""never_acquired"":23,""none"":1,""preinsert_not_reached"":5,""slip_after_receptacle_contact"":2,""slip_before_receptacle_contact"":1}",NOT_DOCUMENTED_FOR_PARCEL_RUN,COUNTS_ONLY,PASS_COUNTS_IDENTITIES,FAIL_90_OF_100,3,100,data/records/dagger_episodes.jsonl.gz,NOT_PREDECLARED_FOR_THIS_RUN,NOMINAL_FAILURE_CHARACTERIZATION,True,data/records/dagger_episodes.jsonl.gz,24978d8cfea82d9970c9d11b07ed79b8e8d251fa5829cc710b89238e3cfbc18a,201,300,,"[""data/records/eval_summary.jsonl"",""experiments/paper/results/README.md"",""experiments/paper/results/eval_summary.jsonl""]",[],,outputs/paper/eval/dagger.jsonl,TRACKED_RELEASE_RECORD_SHA256_VERIFIED_AGAINST_GIT,"[""Git HEAD:data/records""]",data/records/expert_episodes.jsonl.gz,PASS_RECORDED_INITIAL_CONDITIONS,0,0,Tracked release is the archival authority for this parcel condition. Output copies and the ACT-A determinism rerun are excluded; no larger-N or performance tie-break is used.,0.01,0.0017674320641406505,0.054486196178705315,PASS_HASH_COUNTS_UNIQUE_EPISODE_KEYS_STAGE_AND_TERMINAL_COUNTS,NO_NOMINAL_FLOOR,VERIFIED_PAIRED,"All episode keys, recorded initial object poses, evaluation seed, jitter, corruption, action noise and physical configuration match. Legacy release has no indexed bank digest or initial joint-state serialization; verification is limited to recorded initial conditions and shared run metadata.",S183_r1.5,100,"Paired expert-minus-learner difference and episode-pair bootstrap permitted; separate Wilson binomial intervals; nominal failure characterization only, no execution-speed degradation claim",experiments/paper/results/README.md
S181_r2,S181,parcel,dagger:released_final,DAgger,UNKNOWN,outputs/paper/dagger/student_final.pt,710aae85ff1889d573732f455012fc28cc68571938de7bb686143a3bca9efff8,legacy_path_mapped_to_release_manifest_NO_EXECUTION_DIGEST,[],outputs/paper/demos/expert_episodes.pt,5c443c62d21471897edad0132dbc46bc24f19ea63d77fd2b8f9c6e53bd605fa2,outputs/paper/dagger/aggregate_dataset.pt,91bd96ce4f5907555a0c4c9ada92323ce2335ca56c4c3cd15924aa0a56beafec,legacy_released_final,"[""UNKNOWN_LEGACY_UNSTAMPED""]","[""UNKNOWN_NOT_RECORDED""]",[15345],2,100,3,3,100,"{""acquired"":69,""inserted"":14,""lifted_clear"":64,""preinsert_reached"":13,""released"":14,""reoriented"":27,""settled"":12}",{},"{""acquisition_failure"":31,""dropped_during_lift"":4,""dropped_during_reorientation"":23,""excessive_inhand_slip"":2,""insertion_jam"":2,""insertion_misalignment"":9,""none"":3,""timeout"":2,""transfer_failure"":24}","{""drop_in_GRASP_DWELL"":1,""drop_in_INSERT"":1,""drop_in_LIFT"":3,""drop_in_PREINSERT_DWELL"":1,""drop_in_REORIENT"":23,""drop_in_TRANSFER"":12,""final_orientation"":9,""never_acquired"":31,""none"":3,""not_settled"":2,""preinsert_not_reached"":11,""slip_after_receptacle_contact"":1,""slip_before_receptacle_contact"":2}",NOT_DOCUMENTED_FOR_PARCEL_RUN,FAIL_PAIRING_STANDALONE_COUNTS_RETAINED,PASS_COUNTS_IDENTITIES,FAIL_90_OF_100,3,100,data/records/dagger_episodes.jsonl.gz,NOT_PREDECLARED_FOR_THIS_RUN,NOMINAL_FAILURE_CHARACTERIZATION,True,data/records/dagger_episodes.jsonl.gz,24978d8cfea82d9970c9d11b07ed79b8e8d251fa5829cc710b89238e3cfbc18a,301,400,,"[""data/records/eval_summary.jsonl"",""experiments/paper/results/README.md"",""experiments/paper/results/eval_summary.jsonl""]",[],,outputs/paper/eval/dagger.jsonl,TRACKED_RELEASE_RECORD_SHA256_VERIFIED_AGAINST_GIT,"[""Git HEAD:data/records""]",data/records/expert_episodes.jsonl.gz,FAIL_PAIRED_INITIAL_CONDITIONS,3,0,Tracked release is the archival authority for this parcel condition. Output copies and the ACT-A determinism rerun are excluded; no larger-N or performance tie-break is used.,0.03,0.010254524024038925,0.0845193642905276,PASS_HASH_COUNTS_UNIQUE_EPISODE_KEYS_STAGE_AND_TERMINAL_COUNTS,NO_NOMINAL_FLOOR,STANDALONE_DISTRIBUTION_NOT_ESTABLISHED,"3/100 episode keys fail initial-condition/configuration equality: {""initial_object_pose"":3}. Equal recorded jitter/noise/physical settings do not verify the full joint reset distribution. Legacy bank digest and initial joint states are absent; recorded execution commit 6669c05be78a4ecf08c18793219d1c3106eb4b5a is unavailable in this repository. Neither full-condition pairing nor matched-distribution comparison is established. Do not select the matching subset or rematch by nearest pose.",S183_r2,97,"Standalone success rate with Wilson binomial interval only; no expert-minus-learner difference; nominal failure characterization only, no execution-speed degradation claim",experiments/paper/results/README.md
S181_r2.25,S181,parcel,dagger:released_final,DAgger,UNKNOWN,outputs/paper/dagger/student_final.pt,710aae85ff1889d573732f455012fc28cc68571938de7bb686143a3bca9efff8,legacy_path_mapped_to_release_manifest_NO_EXECUTION_DIGEST,[],outputs/paper/demos/expert_episodes.pt,5c443c62d21471897edad0132dbc46bc24f19ea63d77fd2b8f9c6e53bd605fa2,outputs/paper/dagger/aggregate_dataset.pt,91bd96ce4f5907555a0c4c9ada92323ce2335ca56c4c3cd15924aa0a56beafec,legacy_released_final,"[""UNKNOWN_LEGACY_UNSTAMPED""]","[""UNKNOWN_NOT_RECORDED""]",[16345],2.25,100,1,3,100,"{""acquired"":55,""inserted"":14,""lifted_clear"":50,""preinsert_reached"":10,""released"":14,""reoriented"":21,""settled"":12}",{},"{""acquisition_failure"":45,""dropped_during_lift"":2,""dropped_during_reorientation"":17,""insertion_jam"":2,""insertion_misalignment"":13,""none"":1,""timeout"":2,""transfer_failure"":18}","{""drop_in_INSERT"":2,""drop_in_LIFT"":2,""drop_in_REORIENT"":17,""drop_in_TRANSFER"":5,""final_orientation"":11,""never_acquired"":45,""none"":1,""not_settled"":2,""preinsert_not_reached"":13,""slip_after_receptacle_contact"":2}",NOT_DOCUMENTED_FOR_PARCEL_RUN,COUNTS_ONLY,PASS_COUNTS_IDENTITIES,FAIL_90_OF_100,3,100,data/records/dagger_episodes.jsonl.gz,NOT_PREDECLARED_FOR_THIS_RUN,NOMINAL_FAILURE_CHARACTERIZATION,True,data/records/dagger_episodes.jsonl.gz,24978d8cfea82d9970c9d11b07ed79b8e8d251fa5829cc710b89238e3cfbc18a,401,500,,"[""data/records/eval_summary.jsonl"",""experiments/paper/results/README.md"",""experiments/paper/results/eval_summary.jsonl""]",[],,outputs/paper/eval/dagger.jsonl,TRACKED_RELEASE_RECORD_SHA256_VERIFIED_AGAINST_GIT,"[""Git HEAD:data/records""]",data/records/expert_episodes.jsonl.gz,PASS_RECORDED_INITIAL_CONDITIONS,0,0,Tracked release is the archival authority for this parcel condition. Output copies and the ACT-A determinism rerun are excluded; no larger-N or performance tie-break is used.,0.01,0.0017674320641406505,0.054486196178705315,PASS_HASH_COUNTS_UNIQUE_EPISODE_KEYS_STAGE_AND_TERMINAL_COUNTS,NO_NOMINAL_FLOOR,VERIFIED_PAIRED,"All episode keys, recorded initial object poses, evaluation seed, jitter, corruption, action noise and physical configuration match. Legacy release has no indexed bank digest or initial joint-state serialization; verification is limited to recorded initial conditions and shared run metadata.",S183_r2.25,100,"Paired expert-minus-learner difference and episode-pair bootstrap permitted; separate Wilson binomial intervals; nominal failure characterization only, no execution-speed degradation claim",experiments/paper/results/README.md
S181_r2.5,S181,parcel,dagger:released_final,DAgger,UNKNOWN,outputs/paper/dagger/student_final.pt,710aae85ff1889d573732f455012fc28cc68571938de7bb686143a3bca9efff8,legacy_path_mapped_to_release_manifest_NO_EXECUTION_DIGEST,[],outputs/paper/demos/expert_episodes.pt,5c443c62d21471897edad0132dbc46bc24f19ea63d77fd2b8f9c6e53bd605fa2,outputs/paper/dagger/aggregate_dataset.pt,91bd96ce4f5907555a0c4c9ada92323ce2335ca56c4c3cd15924aa0a56beafec,legacy_released_final,"[""UNKNOWN_LEGACY_UNSTAMPED""]","[""UNKNOWN_NOT_RECORDED""]",[17345],2.5,100,0,3,100,"{""acquired"":43,""inserted"":8,""lifted_clear"":35,""preinsert_reached"":5,""released"":8,""reoriented"":10,""settled"":7}",{},"{""acquisition_failure"":57,""dropped_during_lift"":1,""dropped_during_reorientation"":16,""excessive_inhand_slip"":1,""insertion_jam"":3,""insertion_misalignment"":8,""timeout"":1,""transfer_failure"":13}","{""drop_in_GRASP_DWELL"":1,""drop_in_INSERT"":1,""drop_in_PREINSERT_DWELL"":1,""drop_in_REORIENT"":16,""drop_in_TRANSFER"":9,""final_orientation"":7,""never_acquired"":57,""not_settled"":1,""preinsert_not_reached"":3,""slip_after_receptacle_contact"":3,""slip_before_receptacle_contact"":1}",NOT_DOCUMENTED_FOR_PARCEL_RUN,FAIL_PAIRING_STANDALONE_COUNTS_RETAINED,PASS_COUNTS_IDENTITIES,FAIL_90_OF_100,3,100,data/records/dagger_episodes.jsonl.gz,NOT_PREDECLARED_FOR_THIS_RUN,NOMINAL_FAILURE_CHARACTERIZATION,True,data/records/dagger_episodes.jsonl.gz,24978d8cfea82d9970c9d11b07ed79b8e8d251fa5829cc710b89238e3cfbc18a,501,600,,"[""data/records/eval_summary.jsonl"",""experiments/paper/results/README.md"",""experiments/paper/results/eval_summary.jsonl""]",[],,outputs/paper/eval/dagger.jsonl,TRACKED_RELEASE_RECORD_SHA256_VERIFIED_AGAINST_GIT,"[""Git HEAD:data/records""]",data/records/expert_episodes.jsonl.gz,FAIL_PAIRED_INITIAL_CONDITIONS,77,0,Tracked release is the archival authority for this parcel condition. Output copies and the ACT-A determinism rerun are excluded; no larger-N or performance tie-break is used.,0,3.469446951953614e-18,0.03699349820698568,PASS_HASH_COUNTS_UNIQUE_EPISODE_KEYS_STAGE_AND_TERMINAL_COUNTS,NO_NOMINAL_FLOOR,STANDALONE_DISTRIBUTION_NOT_ESTABLISHED,"77/100 episode keys fail initial-condition/configuration equality: {""initial_object_pose"":77}. Equal recorded jitter/noise/physical settings do not verify the full joint reset distribution. Legacy bank digest and initial joint states are absent; recorded execution commit 6669c05be78a4ecf08c18793219d1c3106eb4b5a is unavailable in this repository. Neither full-condition pairing nor matched-distribution comparison is established. Do not select the matching subset or rematch by nearest pose.",S183_r2.5,23,"Standalone success rate with Wilson binomial interval only; no expert-minus-learner difference; nominal failure characterization only, no execution-speed degradation claim",experiments/paper/results/README.md
S181_r3,S181,parcel,dagger:released_final,DAgger,UNKNOWN,outputs/paper/dagger/student_final.pt,710aae85ff1889d573732f455012fc28cc68571938de7bb686143a3bca9efff8,legacy_path_mapped_to_release_manifest_NO_EXECUTION_DIGEST,[],outputs/paper/demos/expert_episodes.pt,5c443c62d21471897edad0132dbc46bc24f19ea63d77fd2b8f9c6e53bd605fa2,outputs/paper/dagger/aggregate_dataset.pt,91bd96ce4f5907555a0c4c9ada92323ce2335ca56c4c3cd15924aa0a56beafec,legacy_released_final,"[""UNKNOWN_LEGACY_UNSTAMPED""]","[""UNKNOWN_NOT_RECORDED""]",[18345],3,100,0,3,100,"{""acquired"":17,""inserted"":1,""lifted_clear"":16,""preinsert_reached"":0,""released"":1,""reoriented"":5,""settled"":1}",{},"{""acquisition_failure"":83,""dropped_during_lift"":1,""dropped_during_reorientation"":3,""insertion_misalignment"":3,""transfer_failure"":10}","{""drop_in_GRASP_DWELL"":1,""drop_in_INSERT"":2,""drop_in_PREINSERT_DWELL"":1,""drop_in_REORIENT"":3,""drop_in_TRANSFER"":7,""final_orientation"":1,""never_acquired"":83,""preinsert_not_reached"":2}",NOT_DOCUMENTED_FOR_PARCEL_RUN,COUNTS_ONLY,PASS_COUNTS_IDENTITIES,FAIL_90_OF_100,3,100,data/records/dagger_episodes.jsonl.gz,NOT_PREDECLARED_FOR_THIS_RUN,NOMINAL_FAILURE_CHARACTERIZATION,True,data/records/dagger_episodes.jsonl.gz,24978d8cfea82d9970c9d11b07ed79b8e8d251fa5829cc710b89238e3cfbc18a,601,700,,"[""data/records/eval_summary.jsonl"",""experiments/paper/results/README.md"",""experiments/paper/results/eval_summary.jsonl""]",[],,outputs/paper/eval/dagger.jsonl,TRACKED_RELEASE_RECORD_SHA256_VERIFIED_AGAINST_GIT,"[""Git HEAD:data/records""]",data/records/expert_episodes.jsonl.gz,PASS_RECORDED_INITIAL_CONDITIONS,0,0,Tracked release is the archival authority for this parcel condition. Output copies and the ACT-A determinism rerun are excluded; no larger-N or performance tie-break is used.,0,3.469446951953614e-18,0.03699349820698568,PASS_HASH_COUNTS_UNIQUE_EPISODE_KEYS_STAGE_AND_TERMINAL_COUNTS,NO_NOMINAL_FLOOR,VERIFIED_PAIRED,"All episode keys, recorded initial object poses, evaluation seed, jitter, corruption, action noise and physical configuration match. Legacy release has no indexed bank digest or initial joint-state serialization; verification is limited to recorded initial conditions and shared run metadata.",S183_r3,100,"Paired expert-minus-learner difference and episode-pair bootstrap permitted; separate Wilson binomial intervals; nominal failure characterization only, no execution-speed degradation claim",experiments/paper/results/README.md
S182_r0.5,S182,parcel,dp,Diffusion Policy,UNKNOWN,outputs/paper/dp/dp_stow.pt,e0c456d7b856d7f21bf502707ec295b25baa89c06f56d2ed76392a5376550f27,legacy_path_mapped_to_release_manifest_NO_EXECUTION_DIGEST,[],outputs/paper/demos/expert_episodes.pt,5c443c62d21471897edad0132dbc46bc24f19ea63d77fd2b8f9c6e53bd605fa2,N/A,N/A,legacy_released_final,"[""UNKNOWN_LEGACY_UNSTAMPED""]","[""UNKNOWN_NOT_RECORDED""]",[12345],0.5,100,59,68,100,"{""acquired"":98,""inserted"":94,""lifted_clear"":97,""preinsert_reached"":89,""released"":94,""reoriented"":93,""settled"":78}",{},"{""acquisition_failure"":2,""insertion_misalignment"":19,""none"":59,""timeout"":16,""transfer_failure"":4}","{""drop_in_PREINSERT_DWELL"":1,""final_orientation"":19,""never_acquired"":2,""none"":59,""not_settled"":16,""preinsert_not_reached"":3}",NOT_DOCUMENTED,FAIL_PAIRING_STANDALONE_COUNTS_RETAINED,PASS_COUNTS_IDENTITIES,FAIL_90_OF_100,68,100,data/records/dp_episodes.jsonl.gz,NOT_PREDECLARED_FOR_THIS_RUN,UNMATCHED_SPEED_EVALUATION,False,data/records/dp_episodes.jsonl.gz,abfc48a31a16421ac6f8b1e6cb0fb1c0060d9fabc1296bfcbeced0e271e25e36,1,100,,"[""data/records/eval_summary.jsonl"",""experiments/paper/results/README.md"",""experiments/paper/results/eval_summary.jsonl""]",[],,outputs/paper/eval/dp.jsonl,TRACKED_RELEASE_RECORD_SHA256_VERIFIED_AGAINST_GIT,"[""Git HEAD:data/records""]",data/records/expert_episodes.jsonl.gz,FAIL_PAIRED_INITIAL_CONDITIONS,68,0,Tracked release is the archival authority for this parcel condition. Output copies and the ACT-A determinism rerun are excluded; no larger-N or performance tie-break is used.,0.59,0.4920143005341078,0.6813268697886348,PASS_HASH_COUNTS_UNIQUE_EPISODE_KEYS_STAGE_AND_TERMINAL_COUNTS,SUBJECT_TO_COMPARISON_AND_RATE_SUPPORT,STANDALONE_DISTRIBUTION_NOT_ESTABLISHED,"68/100 episode keys fail initial-condition/configuration equality: {""initial_object_pose"":68}. Equal recorded jitter/noise/physical settings do not verify the full joint reset distribution. Legacy bank digest and initial joint states are absent; recorded execution commit 6669c05be78a4ecf08c18793219d1c3106eb4b5a is unavailable in this repository. Neither full-condition pairing nor matched-distribution comparison is established. Do not select the matching subset or rematch by nearest pose.",S183_r0.5,32,Standalone success rate with Wilson binomial interval only; no expert-minus-learner difference,experiments/paper/results/README.md
S182_r1,S182,parcel,dp,Diffusion Policy,UNKNOWN,outputs/paper/dp/dp_stow.pt,e0c456d7b856d7f21bf502707ec295b25baa89c06f56d2ed76392a5376550f27,legacy_path_mapped_to_release_manifest_NO_EXECUTION_DIGEST,[],outputs/paper/demos/expert_episodes.pt,5c443c62d21471897edad0132dbc46bc24f19ea63d77fd2b8f9c6e53bd605fa2,N/A,N/A,legacy_released_final,"[""UNKNOWN_LEGACY_UNSTAMPED""]","[""UNKNOWN_NOT_RECORDED""]",[13345],1,100,68,68,100,"{""acquired"":100,""inserted"":95,""lifted_clear"":99,""preinsert_reached"":90,""released"":95,""reoriented"":99,""settled"":78}",{},"{""insertion_jam"":3,""insertion_misalignment"":10,""none"":68,""timeout"":17,""transfer_failure"":2}","{""final_orientation"":10,""none"":68,""not_settled"":17,""preinsert_not_reached"":2,""slip_after_receptacle_contact"":3}",NOT_DOCUMENTED,FAIL_PAIRING_STANDALONE_COUNTS_RETAINED,PASS_COUNTS_IDENTITIES,FAIL_90_OF_100,68,100,data/records/dp_episodes.jsonl.gz,NOT_PREDECLARED_FOR_THIS_RUN,UNMATCHED_SPEED_EVALUATION,False,data/records/dp_episodes.jsonl.gz,abfc48a31a16421ac6f8b1e6cb0fb1c0060d9fabc1296bfcbeced0e271e25e36,101,200,,"[""data/records/eval_summary.jsonl"",""experiments/paper/results/README.md"",""experiments/paper/results/eval_summary.jsonl""]",[],,outputs/paper/eval/dp.jsonl,TRACKED_RELEASE_RECORD_SHA256_VERIFIED_AGAINST_GIT,"[""Git HEAD:data/records""]",data/records/expert_episodes.jsonl.gz,FAIL_PAIRED_INITIAL_CONDITIONS,68,0,Tracked release is the archival authority for this parcel condition. Output copies and the ACT-A determinism rerun are excluded; no larger-N or performance tie-break is used.,0.68,0.5833738138954762,0.7633085267500092,PASS_HASH_COUNTS_UNIQUE_EPISODE_KEYS_STAGE_AND_TERMINAL_COUNTS,SUBJECT_TO_COMPARISON_AND_RATE_SUPPORT,STANDALONE_DISTRIBUTION_NOT_ESTABLISHED,"68/100 episode keys fail initial-condition/configuration equality: {""initial_object_pose"":68}. Equal recorded jitter/noise/physical settings do not verify the full joint reset distribution. Legacy bank digest and initial joint states are absent; recorded execution commit 6669c05be78a4ecf08c18793219d1c3106eb4b5a is unavailable in this repository. Neither full-condition pairing nor matched-distribution comparison is established. Do not select the matching subset or rematch by nearest pose.",S183_r1,32,Standalone success rate with Wilson binomial interval only; no expert-minus-learner difference,experiments/paper/results/README.md
S182_r1.5,S182,parcel,dp,Diffusion Policy,UNKNOWN,outputs/paper/dp/dp_stow.pt,e0c456d7b856d7f21bf502707ec295b25baa89c06f56d2ed76392a5376550f27,legacy_path_mapped_to_release_manifest_NO_EXECUTION_DIGEST,[],outputs/paper/demos/expert_episodes.pt,5c443c62d21471897edad0132dbc46bc24f19ea63d77fd2b8f9c6e53bd605fa2,N/A,N/A,legacy_released_final,"[""UNKNOWN_LEGACY_UNSTAMPED""]","[""UNKNOWN_NOT_RECORDED""]",[14345],1.5,100,73,68,100,"{""acquired"":100,""inserted"":81,""lifted_clear"":100,""preinsert_reached"":97,""released"":81,""reoriented"":99,""settled"":81}",{},"{""excessive_inhand_slip"":1,""insertion_jam"":17,""insertion_misalignment"":8,""none"":73,""transfer_failure"":1}","{""final_orientation"":8,""none"":73,""preinsert_not_reached"":1,""slip_after_receptacle_contact"":17,""slip_before_receptacle_contact"":1}",NOT_DOCUMENTED,FAIL_PAIRING_STANDALONE_COUNTS_RETAINED,PASS_COUNTS_IDENTITIES,FAIL_90_OF_100,68,100,data/records/dp_episodes.jsonl.gz,NOT_PREDECLARED_FOR_THIS_RUN,UNMATCHED_SPEED_EVALUATION,False,data/records/dp_episodes.jsonl.gz,abfc48a31a16421ac6f8b1e6cb0fb1c0060d9fabc1296bfcbeced0e271e25e36,201,300,,"[""data/records/eval_summary.jsonl"",""experiments/paper/results/README.md"",""experiments/paper/results/eval_summary.jsonl""]",[],,outputs/paper/eval/dp.jsonl,TRACKED_RELEASE_RECORD_SHA256_VERIFIED_AGAINST_GIT,"[""Git HEAD:data/records""]",data/records/expert_episodes.jsonl.gz,FAIL_PAIRED_INITIAL_CONDITIONS,68,0,Tracked release is the archival authority for this parcel condition. Output copies and the ACT-A determinism rerun are excluded; no larger-N or performance tie-break is used.,0.73,0.6356788323205499,0.8073041585042365,PASS_HASH_COUNTS_UNIQUE_EPISODE_KEYS_STAGE_AND_TERMINAL_COUNTS,SUBJECT_TO_COMPARISON_AND_RATE_SUPPORT,STANDALONE_DISTRIBUTION_NOT_ESTABLISHED,"68/100 episode keys fail initial-condition/configuration equality: {""initial_object_pose"":68}. Equal recorded jitter/noise/physical settings do not verify the full joint reset distribution. Legacy bank digest and initial joint states are absent; recorded execution commit 6669c05be78a4ecf08c18793219d1c3106eb4b5a is unavailable in this repository. Neither full-condition pairing nor matched-distribution comparison is established. Do not select the matching subset or rematch by nearest pose.",S183_r1.5,32,Standalone success rate with Wilson binomial interval only; no expert-minus-learner difference,experiments/paper/results/README.md
S182_r2,S182,parcel,dp,Diffusion Policy,UNKNOWN,outputs/paper/dp/dp_stow.pt,e0c456d7b856d7f21bf502707ec295b25baa89c06f56d2ed76392a5376550f27,legacy_path_mapped_to_release_manifest_NO_EXECUTION_DIGEST,[],outputs/paper/demos/expert_episodes.pt,5c443c62d21471897edad0132dbc46bc24f19ea63d77fd2b8f9c6e53bd605fa2,N/A,N/A,legacy_released_final,"[""UNKNOWN_LEGACY_UNSTAMPED""]","[""UNKNOWN_NOT_RECORDED""]",[15345],2,100,54,68,100,"{""acquired"":100,""inserted"":58,""lifted_clear"":100,""preinsert_reached"":89,""released"":58,""reoriented"":96,""settled"":58}",{},"{""excessive_inhand_slip"":1,""insertion_jam"":33,""insertion_misalignment"":4,""none"":54,""transfer_failure"":8}","{""final_orientation"":4,""none"":54,""preinsert_not_reached"":8,""slip_after_receptacle_contact"":33,""slip_before_receptacle_contact"":1}",NOT_DOCUMENTED,FAIL_PAIRING_STANDALONE_COUNTS_RETAINED,PASS_COUNTS_IDENTITIES,FAIL_90_OF_100,68,100,data/records/dp_episodes.jsonl.gz,NOT_PREDECLARED_FOR_THIS_RUN,UNMATCHED_SPEED_EVALUATION,False,data/records/dp_episodes.jsonl.gz,abfc48a31a16421ac6f8b1e6cb0fb1c0060d9fabc1296bfcbeced0e271e25e36,301,400,,"[""data/records/eval_summary.jsonl"",""experiments/paper/results/README.md"",""experiments/paper/results/eval_summary.jsonl""]",[],,outputs/paper/eval/dp.jsonl,TRACKED_RELEASE_RECORD_SHA256_VERIFIED_AGAINST_GIT,"[""Git HEAD:data/records""]",data/records/expert_episodes.jsonl.gz,FAIL_PAIRED_INITIAL_CONDITIONS,68,0,Tracked release is the archival authority for this parcel condition. Output copies and the ACT-A determinism rerun are excluded; no larger-N or performance tie-break is used.,0.54,0.44264860323368227,0.6343919169097589,PASS_HASH_COUNTS_UNIQUE_EPISODE_KEYS_STAGE_AND_TERMINAL_COUNTS,SUBJECT_TO_COMPARISON_AND_RATE_SUPPORT,STANDALONE_DISTRIBUTION_NOT_ESTABLISHED,"68/100 episode keys fail initial-condition/configuration equality: {""initial_object_pose"":68}. Equal recorded jitter/noise/physical settings do not verify the full joint reset distribution. Legacy bank digest and initial joint states are absent; recorded execution commit 6669c05be78a4ecf08c18793219d1c3106eb4b5a is unavailable in this repository. Neither full-condition pairing nor matched-distribution comparison is established. Do not select the matching subset or rematch by nearest pose.",S183_r2,32,Standalone success rate with Wilson binomial interval only; no expert-minus-learner difference,experiments/paper/results/README.md
S182_r2.25,S182,parcel,dp,Diffusion Policy,UNKNOWN,outputs/paper/dp/dp_stow.pt,e0c456d7b856d7f21bf502707ec295b25baa89c06f56d2ed76392a5376550f27,legacy_path_mapped_to_release_manifest_NO_EXECUTION_DIGEST,[],outputs/paper/demos/expert_episodes.pt,5c443c62d21471897edad0132dbc46bc24f19ea63d77fd2b8f9c6e53bd605fa2,N/A,N/A,legacy_released_final,"[""UNKNOWN_LEGACY_UNSTAMPED""]","[""UNKNOWN_NOT_RECORDED""]",[16345],2.25,100,9,68,100,"{""acquired"":96,""inserted"":16,""lifted_clear"":89,""preinsert_reached"":55,""released"":16,""reoriented"":68,""settled"":16}",{},"{""acquisition_failure"":4,""excessive_inhand_slip"":2,""insertion_jam"":40,""insertion_misalignment"":7,""none"":9,""transfer_failure"":38}","{""final_orientation"":7,""never_acquired"":4,""none"":9,""preinsert_not_reached"":38,""slip_after_receptacle_contact"":40,""slip_before_receptacle_contact"":2}",NOT_DOCUMENTED,FAIL_PAIRING_STANDALONE_COUNTS_RETAINED,PASS_COUNTS_IDENTITIES,FAIL_90_OF_100,68,100,data/records/dp_episodes.jsonl.gz,NOT_PREDECLARED_FOR_THIS_RUN,UNMATCHED_SPEED_EVALUATION,False,data/records/dp_episodes.jsonl.gz,abfc48a31a16421ac6f8b1e6cb0fb1c0060d9fabc1296bfcbeced0e271e25e36,401,500,,"[""data/records/eval_summary.jsonl"",""experiments/paper/results/README.md"",""experiments/paper/results/eval_summary.jsonl""]",[],,outputs/paper/eval/dp.jsonl,TRACKED_RELEASE_RECORD_SHA256_VERIFIED_AGAINST_GIT,"[""Git HEAD:data/records""]",data/records/expert_episodes.jsonl.gz,FAIL_PAIRED_INITIAL_CONDITIONS,68,0,Tracked release is the archival authority for this parcel condition. Output copies and the ACT-A determinism rerun are excluded; no larger-N or performance tie-break is used.,0.09,0.04807254000256516,0.1622621285271631,PASS_HASH_COUNTS_UNIQUE_EPISODE_KEYS_STAGE_AND_TERMINAL_COUNTS,SUBJECT_TO_COMPARISON_AND_RATE_SUPPORT,STANDALONE_DISTRIBUTION_NOT_ESTABLISHED,"68/100 episode keys fail initial-condition/configuration equality: {""initial_object_pose"":68}. Equal recorded jitter/noise/physical settings do not verify the full joint reset distribution. Legacy bank digest and initial joint states are absent; recorded execution commit 6669c05be78a4ecf08c18793219d1c3106eb4b5a is unavailable in this repository. Neither full-condition pairing nor matched-distribution comparison is established. Do not select the matching subset or rematch by nearest pose.",S183_r2.25,32,Standalone success rate with Wilson binomial interval only; no expert-minus-learner difference,experiments/paper/results/README.md
S182_r2.5,S182,parcel,dp,Diffusion Policy,UNKNOWN,outputs/paper/dp/dp_stow.pt,e0c456d7b856d7f21bf502707ec295b25baa89c06f56d2ed76392a5376550f27,legacy_path_mapped_to_release_manifest_NO_EXECUTION_DIGEST,[],outputs/paper/demos/expert_episodes.pt,5c443c62d21471897edad0132dbc46bc24f19ea63d77fd2b8f9c6e53bd605fa2,N/A,N/A,legacy_released_final,"[""UNKNOWN_LEGACY_UNSTAMPED""]","[""UNKNOWN_NOT_RECORDED""]",[17345],2.5,100,2,68,100,"{""acquired"":83,""inserted"":6,""lifted_clear"":55,""preinsert_reached"":13,""released"":6,""reoriented"":23,""settled"":4}",{},"{""acquisition_failure"":17,""excessive_inhand_slip"":1,""insertion_jam"":10,""insertion_misalignment"":3,""none"":2,""timeout"":2,""transfer_failure"":65}","{""drop_in_INSERT"":1,""final_orientation"":2,""never_acquired"":17,""none"":2,""not_settled"":2,""preinsert_not_reached"":65,""slip_after_receptacle_contact"":10,""slip_before_receptacle_contact"":1}",NOT_DOCUMENTED,FAIL_PAIRING_STANDALONE_COUNTS_RETAINED,PASS_COUNTS_IDENTITIES,FAIL_90_OF_100,68,100,data/records/dp_episodes.jsonl.gz,NOT_PREDECLARED_FOR_THIS_RUN,UNMATCHED_SPEED_EVALUATION,False,data/records/dp_episodes.jsonl.gz,abfc48a31a16421ac6f8b1e6cb0fb1c0060d9fabc1296bfcbeced0e271e25e36,501,600,,"[""data/records/eval_summary.jsonl"",""experiments/paper/results/README.md"",""experiments/paper/results/eval_summary.jsonl""]",[],,outputs/paper/eval/dp.jsonl,TRACKED_RELEASE_RECORD_SHA256_VERIFIED_AGAINST_GIT,"[""Git HEAD:data/records""]",data/records/expert_episodes.jsonl.gz,FAIL_PAIRED_INITIAL_CONDITIONS,68,0,Tracked release is the archival authority for this parcel condition. Output copies and the ACT-A determinism rerun are excluded; no larger-N or performance tie-break is used.,0.02,0.00550196755016235,0.07001179072854388,PASS_HASH_COUNTS_UNIQUE_EPISODE_KEYS_STAGE_AND_TERMINAL_COUNTS,SUBJECT_TO_COMPARISON_AND_RATE_SUPPORT,STANDALONE_DISTRIBUTION_NOT_ESTABLISHED,"68/100 episode keys fail initial-condition/configuration equality: {""initial_object_pose"":68}. Equal recorded jitter/noise/physical settings do not verify the full joint reset distribution. Legacy bank digest and initial joint states are absent; recorded execution commit 6669c05be78a4ecf08c18793219d1c3106eb4b5a is unavailable in this repository. Neither full-condition pairing nor matched-distribution comparison is established. Do not select the matching subset or rematch by nearest pose.",S183_r2.5,32,Standalone success rate with Wilson binomial interval only; no expert-minus-learner difference,experiments/paper/results/README.md
S182_r3,S182,parcel,dp,Diffusion Policy,UNKNOWN,outputs/paper/dp/dp_stow.pt,e0c456d7b856d7f21bf502707ec295b25baa89c06f56d2ed76392a5376550f27,legacy_path_mapped_to_release_manifest_NO_EXECUTION_DIGEST,[],outputs/paper/demos/expert_episodes.pt,5c443c62d21471897edad0132dbc46bc24f19ea63d77fd2b8f9c6e53bd605fa2,N/A,N/A,legacy_released_final,"[""UNKNOWN_LEGACY_UNSTAMPED""]","[""UNKNOWN_NOT_RECORDED""]",[18345],3,100,0,68,100,"{""acquired"":27,""inserted"":1,""lifted_clear"":3,""preinsert_reached"":0,""released"":1,""reoriented"":1,""settled"":1}",{},"{""acquisition_failure"":73,""insertion_misalignment"":1,""transfer_failure"":26}","{""final_orientation"":1,""never_acquired"":73,""preinsert_not_reached"":26}",NOT_DOCUMENTED,FAIL_PAIRING_STANDALONE_COUNTS_RETAINED,PASS_COUNTS_IDENTITIES,FAIL_90_OF_100,68,100,data/records/dp_episodes.jsonl.gz,NOT_PREDECLARED_FOR_THIS_RUN,UNMATCHED_SPEED_EVALUATION,False,data/records/dp_episodes.jsonl.gz,abfc48a31a16421ac6f8b1e6cb0fb1c0060d9fabc1296bfcbeced0e271e25e36,601,700,,"[""data/records/eval_summary.jsonl"",""experiments/paper/results/README.md"",""experiments/paper/results/eval_summary.jsonl""]",[],,outputs/paper/eval/dp.jsonl,TRACKED_RELEASE_RECORD_SHA256_VERIFIED_AGAINST_GIT,"[""Git HEAD:data/records""]",data/records/expert_episodes.jsonl.gz,FAIL_PAIRED_INITIAL_CONDITIONS,68,0,Tracked release is the archival authority for this parcel condition. Output copies and the ACT-A determinism rerun are excluded; no larger-N or performance tie-break is used.,0,3.469446951953614e-18,0.03699349820698568,PASS_HASH_COUNTS_UNIQUE_EPISODE_KEYS_STAGE_AND_TERMINAL_COUNTS,SUBJECT_TO_COMPARISON_AND_RATE_SUPPORT,STANDALONE_DISTRIBUTION_NOT_ESTABLISHED,"68/100 episode keys fail initial-condition/configuration equality: {""initial_object_pose"":68}. Equal recorded jitter/noise/physical settings do not verify the full joint reset distribution. Legacy bank digest and initial joint states are absent; recorded execution commit 6669c05be78a4ecf08c18793219d1c3106eb4b5a is unavailable in this repository. Neither full-condition pairing nor matched-distribution comparison is established. Do not select the matching subset or rematch by nearest pose.",S183_r3,32,Standalone success rate with Wilson binomial interval only; no expert-minus-learner difference,experiments/paper/results/README.md
S183_r0.5,S183,parcel,expert,expert,N/A,N/A_SCRIPTED_EXPERT,N/A_SCRIPTED_EXPERT,N/A_SCRIPTED_EXPERT,[],N/A_SCRIPTED_EXPERT,N/A_SCRIPTED_EXPERT,N/A,N/A,legacy_released_final,"[""UNKNOWN_LEGACY_UNSTAMPED""]","[""UNKNOWN_NOT_RECORDED""]",[12345],0.5,100,100,100,100,"{""acquired"":100,""inserted"":100,""lifted_clear"":100,""preinsert_reached"":88,""released"":100,""reoriented"":100,""settled"":100}",{},"{""none"":100}","{""none"":100}",NOT_DOCUMENTED,COUNTS_ONLY,PASS_COUNTS_IDENTITIES,PASS_OBSERVED_90_OF_100,100,100,data/records/expert_episodes.jsonl.gz,NOT_PREDECLARED_FOR_THIS_RUN,MATCHED_EXPERT_COMPARISON,False,data/records/expert_episodes.jsonl.gz,72a3132a06b464548c01a80b53a2950fb67ee7e949311f35c2fc505d221bccca,1,100,,"[""data/records/eval_summary.jsonl"",""experiments/paper/results/README.md"",""experiments/paper/results/eval_summary.jsonl""]",[],,outputs/paper/eval/expert.jsonl,TRACKED_RELEASE_RECORD_SHA256_VERIFIED_AGAINST_GIT,"[""Git HEAD:data/records""]",N/A_OR_SAVED_AUDIT,REFERENCE_OR_NOT_RECHECKED,N/A,N/A,Tracked release is the archival authority for this parcel condition. Output copies and the ACT-A determinism rerun are excluded; no larger-N or performance tie-break is used.,1,0.9630065017930143,1,PASS_HASH_COUNTS_UNIQUE_EPISODE_KEYS_STAGE_AND_TERMINAL_COUNTS,SUBJECT_TO_COMPARISON_AND_RATE_SUPPORT,REFERENCE,Expert reference condition,,,Standalone binomial success rate and Wilson 95% interval,experiments/paper/results/README.md
S183_r1,S183,parcel,expert,expert,N/A,N/A_SCRIPTED_EXPERT,N/A_SCRIPTED_EXPERT,N/A_SCRIPTED_EXPERT,[],N/A_SCRIPTED_EXPERT,N/A_SCRIPTED_EXPERT,N/A,N/A,legacy_released_final,"[""UNKNOWN_LEGACY_UNSTAMPED""]","[""UNKNOWN_NOT_RECORDED""]",[13345],1,100,100,100,100,"{""acquired"":100,""inserted"":100,""lifted_clear"":100,""preinsert_reached"":78,""released"":100,""reoriented"":100,""settled"":100}",{},"{""none"":100}","{""none"":100}",NOT_DOCUMENTED,COUNTS_ONLY,PASS_COUNTS_IDENTITIES,PASS_OBSERVED_90_OF_100,100,100,data/records/expert_episodes.jsonl.gz,NOT_PREDECLARED_FOR_THIS_RUN,MATCHED_EXPERT_COMPARISON,False,data/records/expert_episodes.jsonl.gz,72a3132a06b464548c01a80b53a2950fb67ee7e949311f35c2fc505d221bccca,101,200,,"[""data/records/eval_summary.jsonl"",""experiments/paper/results/README.md"",""experiments/paper/results/eval_summary.jsonl""]",[],,outputs/paper/eval/expert.jsonl,TRACKED_RELEASE_RECORD_SHA256_VERIFIED_AGAINST_GIT,"[""Git HEAD:data/records""]",N/A_OR_SAVED_AUDIT,REFERENCE_OR_NOT_RECHECKED,N/A,N/A,Tracked release is the archival authority for this parcel condition. Output copies and the ACT-A determinism rerun are excluded; no larger-N or performance tie-break is used.,1,0.9630065017930143,1,PASS_HASH_COUNTS_UNIQUE_EPISODE_KEYS_STAGE_AND_TERMINAL_COUNTS,SUBJECT_TO_COMPARISON_AND_RATE_SUPPORT,REFERENCE,Expert reference condition,,,Standalone binomial success rate and Wilson 95% interval,experiments/paper/results/README.md
S183_r1.5,S183,parcel,expert,expert,N/A,N/A_SCRIPTED_EXPERT,N/A_SCRIPTED_EXPERT,N/A_SCRIPTED_EXPERT,[],N/A_SCRIPTED_EXPERT,N/A_SCRIPTED_EXPERT,N/A,N/A,legacy_released_final,"[""UNKNOWN_LEGACY_UNSTAMPED""]","[""UNKNOWN_NOT_RECORDED""]",[14345],1.5,100,99,100,100,"{""acquired"":100,""inserted"":99,""lifted_clear"":100,""preinsert_reached"":100,""released"":99,""reoriented"":100,""settled"":99}",{},"{""insertion_jam"":1,""none"":99}","{""none"":99,""slip_after_receptacle_contact"":1}",NOT_DOCUMENTED,COUNTS_ONLY,PASS_COUNTS_IDENTITIES,PASS_OBSERVED_90_OF_100,100,100,data/records/expert_episodes.jsonl.gz,NOT_PREDECLARED_FOR_THIS_RUN,MATCHED_EXPERT_COMPARISON,False,data/records/expert_episodes.jsonl.gz,72a3132a06b464548c01a80b53a2950fb67ee7e949311f35c2fc505d221bccca,201,300,,"[""data/records/eval_summary.jsonl"",""experiments/paper/results/README.md"",""experiments/paper/results/eval_summary.jsonl""]",[],,outputs/paper/eval/expert.jsonl,TRACKED_RELEASE_RECORD_SHA256_VERIFIED_AGAINST_GIT,"[""Git HEAD:data/records""]",N/A_OR_SAVED_AUDIT,REFERENCE_OR_NOT_RECHECKED,N/A,N/A,Tracked release is the archival authority for this parcel condition. Output copies and the ACT-A determinism rerun are excluded; no larger-N or performance tie-break is used.,0.99,0.9455138038212946,0.9982325679358593,PASS_HASH_COUNTS_UNIQUE_EPISODE_KEYS_STAGE_AND_TERMINAL_COUNTS,SUBJECT_TO_COMPARISON_AND_RATE_SUPPORT,REFERENCE,Expert reference condition,,,Standalone binomial success rate and Wilson 95% interval,experiments/paper/results/README.md
S183_r2,S183,parcel,expert,expert,N/A,N/A_SCRIPTED_EXPERT,N/A_SCRIPTED_EXPERT,N/A_SCRIPTED_EXPERT,[],N/A_SCRIPTED_EXPERT,N/A_SCRIPTED_EXPERT,N/A,N/A,legacy_released_final,"[""UNKNOWN_LEGACY_UNSTAMPED""]","[""UNKNOWN_NOT_RECORDED""]",[15345],2,100,84,100,100,"{""acquired"":100,""inserted"":84,""lifted_clear"":100,""preinsert_reached"":100,""released"":84,""reoriented"":100,""settled"":84}",{},"{""insertion_jam"":16,""none"":84}","{""none"":84,""slip_after_receptacle_contact"":16}",NOT_DOCUMENTED,COUNTS_ONLY,PASS_COUNTS_IDENTITIES,PASS_OBSERVED_90_OF_100,100,100,data/records/expert_episodes.jsonl.gz,NOT_PREDECLARED_FOR_THIS_RUN,MATCHED_EXPERT_COMPARISON,False,data/records/expert_episodes.jsonl.gz,72a3132a06b464548c01a80b53a2950fb67ee7e949311f35c2fc505d221bccca,301,400,,"[""data/records/eval_summary.jsonl"",""experiments/paper/results/README.md"",""experiments/paper/results/eval_summary.jsonl""]",[],,outputs/paper/eval/expert.jsonl,TRACKED_RELEASE_RECORD_SHA256_VERIFIED_AGAINST_GIT,"[""Git HEAD:data/records""]",N/A_OR_SAVED_AUDIT,REFERENCE_OR_NOT_RECHECKED,N/A,N/A,Tracked release is the archival authority for this parcel condition. Output copies and the ACT-A determinism rerun are excluded; no larger-N or performance tie-break is used.,0.84,0.7557973061072976,0.8990471151119521,PASS_HASH_COUNTS_UNIQUE_EPISODE_KEYS_STAGE_AND_TERMINAL_COUNTS,SUBJECT_TO_COMPARISON_AND_RATE_SUPPORT,REFERENCE,Expert reference condition,,,Standalone binomial success rate and Wilson 95% interval,experiments/paper/results/README.md
S183_r2.25,S183,parcel,expert,expert,N/A,N/A_SCRIPTED_EXPERT,N/A_SCRIPTED_EXPERT,N/A_SCRIPTED_EXPERT,[],N/A_SCRIPTED_EXPERT,N/A_SCRIPTED_EXPERT,N/A,N/A,legacy_released_final,"[""UNKNOWN_LEGACY_UNSTAMPED""]","[""UNKNOWN_NOT_RECORDED""]",[16345],2.25,100,80,100,100,"{""acquired"":100,""inserted"":80,""lifted_clear"":100,""preinsert_reached"":100,""released"":80,""reoriented"":100,""settled"":80}",{},"{""insertion_jam"":20,""none"":80}","{""none"":80,""slip_after_receptacle_contact"":20}",NOT_DOCUMENTED,COUNTS_ONLY,PASS_COUNTS_IDENTITIES,PASS_OBSERVED_90_OF_100,100,100,data/records/expert_episodes.jsonl.gz,NOT_PREDECLARED_FOR_THIS_RUN,MATCHED_EXPERT_COMPARISON,False,data/records/expert_episodes.jsonl.gz,72a3132a06b464548c01a80b53a2950fb67ee7e949311f35c2fc505d221bccca,401,500,,"[""data/records/eval_summary.jsonl"",""experiments/paper/results/README.md"",""experiments/paper/results/eval_summary.jsonl""]",[],,outputs/paper/eval/expert.jsonl,TRACKED_RELEASE_RECORD_SHA256_VERIFIED_AGAINST_GIT,"[""Git HEAD:data/records""]",N/A_OR_SAVED_AUDIT,REFERENCE_OR_NOT_RECHECKED,N/A,N/A,Tracked release is the archival authority for this parcel condition. Output copies and the ACT-A determinism rerun are excluded; no larger-N or performance tie-break is used.,0.8,0.7111708344068411,0.8666330666689676,PASS_HASH_COUNTS_UNIQUE_EPISODE_KEYS_STAGE_AND_TERMINAL_COUNTS,SUBJECT_TO_COMPARISON_AND_RATE_SUPPORT,REFERENCE,Expert reference condition,,,Standalone binomial success rate and Wilson 95% interval,experiments/paper/results/README.md
S183_r2.5,S183,parcel,expert,expert,N/A,N/A_SCRIPTED_EXPERT,N/A_SCRIPTED_EXPERT,N/A_SCRIPTED_EXPERT,[],N/A_SCRIPTED_EXPERT,N/A_SCRIPTED_EXPERT,N/A,N/A,legacy_released_final,"[""UNKNOWN_LEGACY_UNSTAMPED""]","[""UNKNOWN_NOT_RECORDED""]",[17345],2.5,100,29,100,100,"{""acquired"":100,""inserted"":68,""lifted_clear"":100,""preinsert_reached"":99,""released"":68,""reoriented"":99,""settled"":67}",{},"{""excessive_inhand_slip"":3,""insertion_jam"":29,""insertion_misalignment"":38,""none"":29,""timeout"":1}","{""final_orientation"":38,""none"":29,""not_settled"":1,""slip_after_receptacle_contact"":29,""slip_before_receptacle_contact"":3}",NOT_DOCUMENTED,COUNTS_ONLY,PASS_COUNTS_IDENTITIES,PASS_OBSERVED_90_OF_100,100,100,data/records/expert_episodes.jsonl.gz,NOT_PREDECLARED_FOR_THIS_RUN,MATCHED_EXPERT_COMPARISON,False,data/records/expert_episodes.jsonl.gz,72a3132a06b464548c01a80b53a2950fb67ee7e949311f35c2fc505d221bccca,501,600,,"[""data/records/eval_summary.jsonl"",""experiments/paper/results/README.md"",""experiments/paper/results/eval_summary.jsonl""]",[],,outputs/paper/eval/expert.jsonl,TRACKED_RELEASE_RECORD_SHA256_VERIFIED_AGAINST_GIT,"[""Git HEAD:data/records""]",N/A_OR_SAVED_AUDIT,REFERENCE_OR_NOT_RECHECKED,N/A,N/A,Tracked release is the archival authority for this parcel condition. Output copies and the ACT-A determinism rerun are excluded; no larger-N or performance tie-break is used.,0.29,0.2101483574912227,0.3853889117557111,PASS_HASH_COUNTS_UNIQUE_EPISODE_KEYS_STAGE_AND_TERMINAL_COUNTS,SUBJECT_TO_COMPARISON_AND_RATE_SUPPORT,REFERENCE,Expert reference condition,,,Standalone binomial success rate and Wilson 95% interval,experiments/paper/results/README.md
S183_r3,S183,parcel,expert,expert,N/A,N/A_SCRIPTED_EXPERT,N/A_SCRIPTED_EXPERT,N/A_SCRIPTED_EXPERT,[],N/A_SCRIPTED_EXPERT,N/A_SCRIPTED_EXPERT,N/A,N/A,legacy_released_final,"[""UNKNOWN_LEGACY_UNSTAMPED""]","[""UNKNOWN_NOT_RECORDED""]",[18345],3,100,0,100,100,"{""acquired"":100,""inserted"":10,""lifted_clear"":100,""preinsert_reached"":100,""released"":10,""reoriented"":100,""settled"":9}",{},"{""excessive_inhand_slip"":9,""insertion_jam"":81,""insertion_misalignment"":9,""timeout"":1}","{""final_orientation"":9,""not_settled"":1,""slip_after_receptacle_contact"":81,""slip_before_receptacle_contact"":9}",NOT_DOCUMENTED,COUNTS_ONLY,PASS_COUNTS_IDENTITIES,PASS_OBSERVED_90_OF_100,100,100,data/records/expert_episodes.jsonl.gz,NOT_PREDECLARED_FOR_THIS_RUN,MATCHED_EXPERT_COMPARISON,False,data/records/expert_episodes.jsonl.gz,72a3132a06b464548c01a80b53a2950fb67ee7e949311f35c2fc505d221bccca,601,700,,"[""data/records/eval_summary.jsonl"",""experiments/paper/results/README.md"",""experiments/paper/results/eval_summary.jsonl""]",[],,outputs/paper/eval/expert.jsonl,TRACKED_RELEASE_RECORD_SHA256_VERIFIED_AGAINST_GIT,"[""Git HEAD:data/records""]",N/A_OR_SAVED_AUDIT,REFERENCE_OR_NOT_RECHECKED,N/A,N/A,Tracked release is the archival authority for this parcel condition. Output copies and the ACT-A determinism rerun are excluded; no larger-N or performance tie-break is used.,0,3.469446951953614e-18,0.03699349820698568,PASS_HASH_COUNTS_UNIQUE_EPISODE_KEYS_STAGE_AND_TERMINAL_COUNTS,SUBJECT_TO_COMPARISON_AND_RATE_SUPPORT,REFERENCE,Expert reference condition,,,Standalone binomial success rate and Wilson 95% interval,experiments/paper/results/README.md
S186_r1,S186,parcel,act:subset100:model_seed0,ACT,0,outputs/paper/act_demoscale/act_n100/act_n100.pt,1d1e770441ee7b449d424b068fc6c8b6ffa8873daaa9ed4b2521a7e513328de3,legacy_path_mapped_to_release_manifest_NO_EXECUTION_DIGEST,[],outputs/paper/act_demoscale/demos_n100.pt,1223b95dbe671b1d1eb9a0692e15453816cf1f97047c2ec089e60d3825a04ea6,N/A,N/A,legacy_released_replication,"[""UNKNOWN_LEGACY_UNSTAMPED""]","[""UNKNOWN_NOT_RECORDED""]",[13345],1,100,44,44,100,"{""acquired"":100,""inserted"":98,""lifted_clear"":100,""preinsert_reached"":44,""released"":98,""reoriented"":97,""settled"":71}",{},"{""insertion_jam"":1,""insertion_misalignment"":27,""none"":44,""timeout"":27,""transfer_failure"":1}","{""final_orientation"":27,""none"":44,""not_settled"":27,""preinsert_not_reached"":1,""slip_after_receptacle_contact"":1}",NOT_DOCUMENTED,COUNTS_ONLY,PASS_COUNTS_IDENTITIES,FAIL_90_OF_100,44,100,data/records/replication/act_n100.jsonl.gz,NOT_PREDECLARED_FOR_THIS_RUN,UNMATCHED_SPEED_EVALUATION,False,data/records/replication/act_n100.jsonl.gz,692219bbbd96be21bb4791d1843e8fc571c77000bd52e965a25fa7a16d89a59e,1,100,,"[""experiments/paper/results/README.md"",""experiments/paper/results/act_demoscale_summary.json"",""experiments/paper/results/act_multiseed_summary.json""]",[],,outputs/paper/act_demoscale/eval/act_n100.jsonl,TRACKED_RELEASE_RECORD_SHA256_VERIFIED_AGAINST_GIT,"[""Git HEAD:data/records""]",data/records/expert_episodes.jsonl.gz,PASS_RECORDED_INITIAL_CONDITIONS,0,0,Tracked release is the archival authority for this parcel condition. Output copies and the ACT-A determinism rerun are excluded; no larger-N or performance tie-break is used.,0.44,0.34672026630160796,0.5377189534832302,PASS_HASH_COUNTS_UNIQUE_EPISODE_KEYS_STAGE_AND_TERMINAL_COUNTS,SUBJECT_TO_COMPARISON_AND_RATE_SUPPORT,VERIFIED_PAIRED,"All episode keys, recorded initial object poses, evaluation seed, jitter, corruption, action noise and physical configuration match. Legacy release has no indexed bank digest or initial joint-state serialization; verification is limited to recorded initial conditions and shared run metadata.",S183_r1,100,Paired expert-minus-learner difference and episode-pair bootstrap permitted; separate Wilson binomial intervals,experiments/paper/results/README.md
S186_r1.5,S186,parcel,act:subset100:model_seed0,ACT,0,outputs/paper/act_demoscale/act_n100/act_n100.pt,1d1e770441ee7b449d424b068fc6c8b6ffa8873daaa9ed4b2521a7e513328de3,legacy_path_mapped_to_release_manifest_NO_EXECUTION_DIGEST,[],outputs/paper/act_demoscale/demos_n100.pt,1223b95dbe671b1d1eb9a0692e15453816cf1f97047c2ec089e60d3825a04ea6,N/A,N/A,legacy_released_replication,"[""UNKNOWN_LEGACY_UNSTAMPED""]","[""UNKNOWN_NOT_RECORDED""]",[14345],1.5,100,65,44,100,"{""acquired"":100,""inserted"":94,""lifted_clear"":100,""preinsert_reached"":50,""released"":94,""reoriented"":84,""settled"":85}",{},"{""dropped_during_reorientation"":2,""insertion_jam"":1,""insertion_misalignment"":20,""none"":65,""timeout"":9,""transfer_failure"":3}","{""drop_in_REORIENT"":2,""drop_in_TRANSFER"":1,""final_orientation"":20,""none"":65,""not_settled"":9,""preinsert_not_reached"":2,""slip_after_receptacle_contact"":1}",NOT_DOCUMENTED,COUNTS_ONLY,PASS_COUNTS_IDENTITIES,FAIL_90_OF_100,44,100,data/records/replication/act_n100.jsonl.gz,NOT_PREDECLARED_FOR_THIS_RUN,UNMATCHED_SPEED_EVALUATION,False,data/records/replication/act_n100.jsonl.gz,692219bbbd96be21bb4791d1843e8fc571c77000bd52e965a25fa7a16d89a59e,101,200,,"[""experiments/paper/results/README.md"",""experiments/paper/results/act_demoscale_summary.json"",""experiments/paper/results/act_multiseed_summary.json""]",[],,outputs/paper/act_demoscale/eval/act_n100.jsonl,TRACKED_RELEASE_RECORD_SHA256_VERIFIED_AGAINST_GIT,"[""Git HEAD:data/records""]",data/records/expert_episodes.jsonl.gz,PASS_RECORDED_INITIAL_CONDITIONS,0,0,Tracked release is the archival authority for this parcel condition. Output copies and the ACT-A determinism rerun are excluded; no larger-N or performance tie-break is used.,0.65,0.5525444329688796,0.7363575175690247,PASS_HASH_COUNTS_UNIQUE_EPISODE_KEYS_STAGE_AND_TERMINAL_COUNTS,SUBJECT_TO_COMPARISON_AND_RATE_SUPPORT,VERIFIED_PAIRED,"All episode keys, recorded initial object poses, evaluation seed, jitter, corruption, action noise and physical configuration match. Legacy release has no indexed bank digest or initial joint-state serialization; verification is limited to recorded initial conditions and shared run metadata.",S183_r1.5,100,Paired expert-minus-learner difference and episode-pair bootstrap permitted; separate Wilson binomial intervals,experiments/paper/results/README.md
S186_r2,S186,parcel,act:subset100:model_seed0,ACT,0,outputs/paper/act_demoscale/act_n100/act_n100.pt,1d1e770441ee7b449d424b068fc6c8b6ffa8873daaa9ed4b2521a7e513328de3,legacy_path_mapped_to_release_manifest_NO_EXECUTION_DIGEST,[],outputs/paper/act_demoscale/demos_n100.pt,1223b95dbe671b1d1eb9a0692e15453816cf1f97047c2ec089e60d3825a04ea6,N/A,N/A,legacy_released_replication,"[""UNKNOWN_LEGACY_UNSTAMPED""]","[""UNKNOWN_NOT_RECORDED""]",[15345],2,100,44,44,100,"{""acquired"":100,""inserted"":87,""lifted_clear"":100,""preinsert_reached"":48,""released"":87,""reoriented"":68,""settled"":85}",{},"{""insertion_misalignment"":41,""none"":44,""timeout"":2,""transfer_failure"":13}","{""final_orientation"":41,""none"":44,""not_settled"":2,""preinsert_not_reached"":13}",NOT_DOCUMENTED,COUNTS_ONLY,PASS_COUNTS_IDENTITIES,FAIL_90_OF_100,44,100,data/records/replication/act_n100.jsonl.gz,NOT_PREDECLARED_FOR_THIS_RUN,UNMATCHED_SPEED_EVALUATION,False,data/records/replication/act_n100.jsonl.gz,692219bbbd96be21bb4791d1843e8fc571c77000bd52e965a25fa7a16d89a59e,201,300,,"[""experiments/paper/results/README.md"",""experiments/paper/results/act_demoscale_summary.json"",""experiments/paper/results/act_multiseed_summary.json""]",[],,outputs/paper/act_demoscale/eval/act_n100.jsonl,TRACKED_RELEASE_RECORD_SHA256_VERIFIED_AGAINST_GIT,"[""Git HEAD:data/records""]",data/records/expert_episodes.jsonl.gz,PASS_RECORDED_INITIAL_CONDITIONS,0,0,Tracked release is the archival authority for this parcel condition. Output copies and the ACT-A determinism rerun are excluded; no larger-N or performance tie-break is used.,0.44,0.34672026630160796,0.5377189534832302,PASS_HASH_COUNTS_UNIQUE_EPISODE_KEYS_STAGE_AND_TERMINAL_COUNTS,SUBJECT_TO_COMPARISON_AND_RATE_SUPPORT,VERIFIED_PAIRED,"All episode keys, recorded initial object poses, evaluation seed, jitter, corruption, action noise and physical configuration match. Legacy release has no indexed bank digest or initial joint-state serialization; verification is limited to recorded initial conditions and shared run metadata.",S183_r2,100,Paired expert-minus-learner difference and episode-pair bootstrap permitted; separate Wilson binomial intervals,experiments/paper/results/README.md
S187_r1,S187,parcel,act:subset50:model_seed0,ACT,0,outputs/paper/act_demoscale/act_n50/act_n50.pt,63e28243b6eb764d014a981abadfdb4d123c769ac421e48dd06330ae77cedb12,legacy_path_mapped_to_release_manifest_NO_EXECUTION_DIGEST,[],outputs/paper/act_demoscale/demos_n50.pt,b9568372c4460961513917ac324f2cc8473c3aa80dd366a4f7a24f68591ab8e0,N/A,N/A,legacy_released_replication,"[""UNKNOWN_LEGACY_UNSTAMPED""]","[""UNKNOWN_NOT_RECORDED""]",[13345],1,100,27,27,100,"{""acquired"":100,""inserted"":79,""lifted_clear"":100,""preinsert_reached"":11,""released"":79,""reoriented"":77,""settled"":40}",{},"{""insertion_jam"":7,""insertion_misalignment"":13,""none"":27,""timeout"":39,""transfer_failure"":14}","{""final_orientation"":13,""none"":27,""not_settled"":39,""preinsert_not_reached"":14,""slip_after_receptacle_contact"":7}",NOT_DOCUMENTED,COUNTS_ONLY,PASS_COUNTS_IDENTITIES,FAIL_90_OF_100,27,100,data/records/replication/act_n50.jsonl.gz,NOT_PREDECLARED_FOR_THIS_RUN,UNMATCHED_SPEED_EVALUATION,False,data/records/replication/act_n50.jsonl.gz,a314fe7b97fa888f29727f1805a9ce0e452ab6a2d2db8df19e66654f13d24715,1,100,,"[""experiments/paper/results/README.md"",""experiments/paper/results/act_demoscale_summary.json"",""experiments/paper/results/act_multiseed_summary.json""]",[],,outputs/paper/act_demoscale/eval/act_n50.jsonl,TRACKED_RELEASE_RECORD_SHA256_VERIFIED_AGAINST_GIT,"[""Git HEAD:data/records""]",data/records/expert_episodes.jsonl.gz,PASS_RECORDED_INITIAL_CONDITIONS,0,0,Tracked release is the archival authority for this parcel condition. Output copies and the ACT-A determinism rerun are excluded; no larger-N or performance tie-break is used.,0.27,0.1926958414957634,0.36432116767944994,PASS_HASH_COUNTS_UNIQUE_EPISODE_KEYS_STAGE_AND_TERMINAL_COUNTS,SUBJECT_TO_COMPARISON_AND_RATE_SUPPORT,VERIFIED_PAIRED,"All episode keys, recorded initial object poses, evaluation seed, jitter, corruption, action noise and physical configuration match. Legacy release has no indexed bank digest or initial joint-state serialization; verification is limited to recorded initial conditions and shared run metadata.",S183_r1,100,Paired expert-minus-learner difference and episode-pair bootstrap permitted; separate Wilson binomial intervals,experiments/paper/results/README.md
S187_r1.5,S187,parcel,act:subset50:model_seed0,ACT,0,outputs/paper/act_demoscale/act_n50/act_n50.pt,63e28243b6eb764d014a981abadfdb4d123c769ac421e48dd06330ae77cedb12,legacy_path_mapped_to_release_manifest_NO_EXECUTION_DIGEST,[],outputs/paper/act_demoscale/demos_n50.pt,b9568372c4460961513917ac324f2cc8473c3aa80dd366a4f7a24f68591ab8e0,N/A,N/A,legacy_released_replication,"[""UNKNOWN_LEGACY_UNSTAMPED""]","[""UNKNOWN_NOT_RECORDED""]",[14345],1.5,100,23,27,100,"{""acquired"":100,""inserted"":93,""lifted_clear"":100,""preinsert_reached"":7,""released"":93,""reoriented"":73,""settled"":58}",{},"{""insertion_jam"":3,""insertion_misalignment"":35,""none"":23,""timeout"":35,""transfer_failure"":4}","{""drop_in_TRANSFER"":1,""final_orientation"":35,""none"":23,""not_settled"":35,""preinsert_not_reached"":3,""slip_after_receptacle_contact"":3}",NOT_DOCUMENTED,COUNTS_ONLY,PASS_COUNTS_IDENTITIES,FAIL_90_OF_100,27,100,data/records/replication/act_n50.jsonl.gz,NOT_PREDECLARED_FOR_THIS_RUN,UNMATCHED_SPEED_EVALUATION,False,data/records/replication/act_n50.jsonl.gz,a314fe7b97fa888f29727f1805a9ce0e452ab6a2d2db8df19e66654f13d24715,101,200,,"[""experiments/paper/results/README.md"",""experiments/paper/results/act_demoscale_summary.json"",""experiments/paper/results/act_multiseed_summary.json""]",[],,outputs/paper/act_demoscale/eval/act_n50.jsonl,TRACKED_RELEASE_RECORD_SHA256_VERIFIED_AGAINST_GIT,"[""Git HEAD:data/records""]",data/records/expert_episodes.jsonl.gz,PASS_RECORDED_INITIAL_CONDITIONS,0,0,Tracked release is the archival authority for this parcel condition. Output copies and the ACT-A determinism rerun are excluded; no larger-N or performance tie-break is used.,0.23,0.15843265880303448,0.3215438302287378,PASS_HASH_COUNTS_UNIQUE_EPISODE_KEYS_STAGE_AND_TERMINAL_COUNTS,SUBJECT_TO_COMPARISON_AND_RATE_SUPPORT,VERIFIED_PAIRED,"All episode keys, recorded initial object poses, evaluation seed, jitter, corruption, action noise and physical configuration match. Legacy release has no indexed bank digest or initial joint-state serialization; verification is limited to recorded initial conditions and shared run metadata.",S183_r1.5,100,Paired expert-minus-learner difference and episode-pair bootstrap permitted; separate Wilson binomial intervals,experiments/paper/results/README.md
S187_r2,S187,parcel,act:subset50:model_seed0,ACT,0,outputs/paper/act_demoscale/act_n50/act_n50.pt,63e28243b6eb764d014a981abadfdb4d123c769ac421e48dd06330ae77cedb12,legacy_path_mapped_to_release_manifest_NO_EXECUTION_DIGEST,[],outputs/paper/act_demoscale/demos_n50.pt,b9568372c4460961513917ac324f2cc8473c3aa80dd366a4f7a24f68591ab8e0,N/A,N/A,legacy_released_replication,"[""UNKNOWN_LEGACY_UNSTAMPED""]","[""UNKNOWN_NOT_RECORDED""]",[15345],2,100,46,27,100,"{""acquired"":98,""inserted"":92,""lifted_clear"":98,""preinsert_reached"":15,""released"":92,""reoriented"":74,""settled"":73}",{},"{""acquisition_failure"":2,""insertion_misalignment"":26,""none"":46,""other"":1,""timeout"":19,""transfer_failure"":6}","{""drop_in_TRANSFER"":1,""final_orientation"":26,""left_receptacle_after_settle"":1,""never_acquired"":2,""none"":46,""not_settled"":19,""preinsert_not_reached"":5}",NOT_DOCUMENTED,COUNTS_ONLY,PASS_COUNTS_IDENTITIES,FAIL_90_OF_100,27,100,data/records/replication/act_n50.jsonl.gz,NOT_PREDECLARED_FOR_THIS_RUN,UNMATCHED_SPEED_EVALUATION,False,data/records/replication/act_n50.jsonl.gz,a314fe7b97fa888f29727f1805a9ce0e452ab6a2d2db8df19e66654f13d24715,201,300,,"[""experiments/paper/results/README.md"",""experiments/paper/results/act_demoscale_summary.json"",""experiments/paper/results/act_multiseed_summary.json""]",[],,outputs/paper/act_demoscale/eval/act_n50.jsonl,TRACKED_RELEASE_RECORD_SHA256_VERIFIED_AGAINST_GIT,"[""Git HEAD:data/records""]",data/records/expert_episodes.jsonl.gz,PASS_RECORDED_INITIAL_CONDITIONS,0,0,Tracked release is the archival authority for this parcel condition. Output copies and the ACT-A determinism rerun are excluded; no larger-N or performance tie-break is used.,0.46,0.36560808309024106,0.5573513967663177,PASS_HASH_COUNTS_UNIQUE_EPISODE_KEYS_STAGE_AND_TERMINAL_COUNTS,SUBJECT_TO_COMPARISON_AND_RATE_SUPPORT,VERIFIED_PAIRED,"All episode keys, recorded initial object poses, evaluation seed, jitter, corruption, action noise and physical configuration match. Legacy release has no indexed bank digest or initial joint-state serialization; verification is limited to recorded initial conditions and shared run metadata.",S183_r2,100,Paired expert-minus-learner difference and episode-pair bootstrap permitted; separate Wilson binomial intervals,experiments/paper/results/README.md
S189_r1,S189,parcel,act:ACT-B:model_seed1,ACT,1,outputs/paper/act_multiseed/act_seed2/act_seed2.pt,062e0d175e498f287a1e47487347e2f4ca68699765acfb366785f874e4105c25,legacy_path_mapped_to_release_manifest_NO_EXECUTION_DIGEST,[],outputs/paper/demos/expert_episodes.pt,5c443c62d21471897edad0132dbc46bc24f19ea63d77fd2b8f9c6e53bd605fa2,N/A,N/A,legacy_released_replication,"[""UNKNOWN_LEGACY_UNSTAMPED""]","[""UNKNOWN_NOT_RECORDED""]",[13345],1,100,70,70,100,"{""acquired"":100,""inserted"":97,""lifted_clear"":100,""preinsert_reached"":72,""released"":97,""reoriented"":87,""settled"":97}",{},"{""insertion_misalignment"":27,""none"":70,""transfer_failure"":3}","{""drop_in_TRANSFER"":1,""final_orientation"":27,""none"":70,""preinsert_not_reached"":2}",NOT_DOCUMENTED,COUNTS_ONLY,PASS_COUNTS_IDENTITIES,FAIL_90_OF_100,70,100,data/records/replication/act_seed2.jsonl.gz,NOT_PREDECLARED_FOR_THIS_RUN,UNMATCHED_SPEED_EVALUATION,False,data/records/replication/act_seed2.jsonl.gz,b675daf7b0c3ab6efacc8ec0594b4296fd390aa32ea5129e292fc5ebd0588046,1,100,,"[""experiments/paper/results/README.md"",""experiments/paper/results/act_demoscale_summary.json"",""experiments/paper/results/act_multiseed_summary.json""]",[],,outputs/paper/act_multiseed/eval/act_seed2.jsonl,TRACKED_RELEASE_RECORD_SHA256_VERIFIED_AGAINST_GIT,"[""Git HEAD:data/records""]",data/records/expert_episodes.jsonl.gz,PASS_RECORDED_INITIAL_CONDITIONS,0,0,Tracked release is the archival authority for this parcel condition. Output copies and the ACT-A determinism rerun are excluded; no larger-N or performance tie-break is used.,0.7,0.6041514536665332,0.7810511470506724,PASS_HASH_COUNTS_UNIQUE_EPISODE_KEYS_STAGE_AND_TERMINAL_COUNTS,SUBJECT_TO_COMPARISON_AND_RATE_SUPPORT,VERIFIED_PAIRED,"All episode keys, recorded initial object poses, evaluation seed, jitter, corruption, action noise and physical configuration match. Legacy release has no indexed bank digest or initial joint-state serialization; verification is limited to recorded initial conditions and shared run metadata.",S183_r1,100,Paired expert-minus-learner difference and episode-pair bootstrap permitted; separate Wilson binomial intervals,experiments/paper/results/README.md
S189_r1.5,S189,parcel,act:ACT-B:model_seed1,ACT,1,outputs/paper/act_multiseed/act_seed2/act_seed2.pt,062e0d175e498f287a1e47487347e2f4ca68699765acfb366785f874e4105c25,legacy_path_mapped_to_release_manifest_NO_EXECUTION_DIGEST,[],outputs/paper/demos/expert_episodes.pt,5c443c62d21471897edad0132dbc46bc24f19ea63d77fd2b8f9c6e53bd605fa2,N/A,N/A,legacy_released_replication,"[""UNKNOWN_LEGACY_UNSTAMPED""]","[""UNKNOWN_NOT_RECORDED""]",[14345],1.5,100,58,70,100,"{""acquired"":98,""inserted"":94,""lifted_clear"":98,""preinsert_reached"":66,""released"":94,""reoriented"":82,""settled"":94}",{},"{""acquisition_failure"":2,""dropped_during_reorientation"":4,""insertion_misalignment"":36,""none"":58}","{""drop_in_REORIENT"":4,""final_orientation"":36,""never_acquired"":2,""none"":58}",NOT_DOCUMENTED,COUNTS_ONLY,PASS_COUNTS_IDENTITIES,FAIL_90_OF_100,70,100,data/records/replication/act_seed2.jsonl.gz,NOT_PREDECLARED_FOR_THIS_RUN,UNMATCHED_SPEED_EVALUATION,False,data/records/replication/act_seed2.jsonl.gz,b675daf7b0c3ab6efacc8ec0594b4296fd390aa32ea5129e292fc5ebd0588046,101,200,,"[""experiments/paper/results/README.md"",""experiments/paper/results/act_demoscale_summary.json"",""experiments/paper/results/act_multiseed_summary.json""]",[],,outputs/paper/act_multiseed/eval/act_seed2.jsonl,TRACKED_RELEASE_RECORD_SHA256_VERIFIED_AGAINST_GIT,"[""Git HEAD:data/records""]",data/records/expert_episodes.jsonl.gz,PASS_RECORDED_INITIAL_CONDITIONS,0,0,Tracked release is the archival authority for this parcel condition. Output copies and the ACT-A determinism rerun are excluded; no larger-N or performance tie-break is used.,0.58,0.4820648670304296,0.6720161732564526,PASS_HASH_COUNTS_UNIQUE_EPISODE_KEYS_STAGE_AND_TERMINAL_COUNTS,SUBJECT_TO_COMPARISON_AND_RATE_SUPPORT,VERIFIED_PAIRED,"All episode keys, recorded initial object poses, evaluation seed, jitter, corruption, action noise and physical configuration match. Legacy release has no indexed bank digest or initial joint-state serialization; verification is limited to recorded initial conditions and shared run metadata.",S183_r1.5,100,Paired expert-minus-learner difference and episode-pair bootstrap permitted; separate Wilson binomial intervals,experiments/paper/results/README.md
S189_r2,S189,parcel,act:ACT-B:model_seed1,ACT,1,outputs/paper/act_multiseed/act_seed2/act_seed2.pt,062e0d175e498f287a1e47487347e2f4ca68699765acfb366785f874e4105c25,legacy_path_mapped_to_release_manifest_NO_EXECUTION_DIGEST,[],outputs/paper/demos/expert_episodes.pt,5c443c62d21471897edad0132dbc46bc24f19ea63d77fd2b8f9c6e53bd605fa2,N/A,N/A,legacy_released_replication,"[""UNKNOWN_LEGACY_UNSTAMPED""]","[""UNKNOWN_NOT_RECORDED""]",[15345],2,100,36,70,100,"{""acquired"":100,""inserted"":88,""lifted_clear"":100,""preinsert_reached"":72,""released"":88,""reoriented"":80,""settled"":88}",{},"{""dropped_during_reorientation"":1,""insertion_jam"":11,""insertion_misalignment"":52,""none"":36}","{""drop_in_REORIENT"":1,""final_orientation"":52,""none"":36,""slip_after_receptacle_contact"":11}",NOT_DOCUMENTED,COUNTS_ONLY,PASS_COUNTS_IDENTITIES,FAIL_90_OF_100,70,100,data/records/replication/act_seed2.jsonl.gz,NOT_PREDECLARED_FOR_THIS_RUN,UNMATCHED_SPEED_EVALUATION,False,data/records/replication/act_seed2.jsonl.gz,b675daf7b0c3ab6efacc8ec0594b4296fd390aa32ea5129e292fc5ebd0588046,201,300,,"[""experiments/paper/results/README.md"",""experiments/paper/results/act_demoscale_summary.json"",""experiments/paper/results/act_multiseed_summary.json""]",[],,outputs/paper/act_multiseed/eval/act_seed2.jsonl,TRACKED_RELEASE_RECORD_SHA256_VERIFIED_AGAINST_GIT,"[""Git HEAD:data/records""]",data/records/expert_episodes.jsonl.gz,PASS_RECORDED_INITIAL_CONDITIONS,0,0,Tracked release is the archival authority for this parcel condition. Output copies and the ACT-A determinism rerun are excluded; no larger-N or performance tie-break is used.,0.36,0.2727122040140433,0.4576459754839126,PASS_HASH_COUNTS_UNIQUE_EPISODE_KEYS_STAGE_AND_TERMINAL_COUNTS,SUBJECT_TO_COMPARISON_AND_RATE_SUPPORT,VERIFIED_PAIRED,"All episode keys, recorded initial object poses, evaluation seed, jitter, corruption, action noise and physical configuration match. Legacy release has no indexed bank digest or initial joint-state serialization; verification is limited to recorded initial conditions and shared run metadata.",S183_r2,100,Paired expert-minus-learner difference and episode-pair bootstrap permitted; separate Wilson binomial intervals,experiments/paper/results/README.md
S190_r1,S190,parcel,act:ACT-C:model_seed2,ACT,2,outputs/paper/act_multiseed/act_seed3/act_seed3.pt,8dfcc8afc622ba09b52ab4d4360be17c89325115e7dd5b6df16267be6127b593,legacy_path_mapped_to_release_manifest_NO_EXECUTION_DIGEST,[],outputs/paper/demos/expert_episodes.pt,5c443c62d21471897edad0132dbc46bc24f19ea63d77fd2b8f9c6e53bd605fa2,N/A,N/A,legacy_released_replication,"[""UNKNOWN_LEGACY_UNSTAMPED""]","[""UNKNOWN_NOT_RECORDED""]",[13345],1,100,62,62,100,"{""acquired"":100,""inserted"":99,""lifted_clear"":100,""preinsert_reached"":87,""released"":99,""reoriented"":91,""settled"":99}",{},"{""insertion_jam"":1,""insertion_misalignment"":37,""none"":62}","{""final_orientation"":37,""none"":62,""slip_after_receptacle_contact"":1}",NOT_DOCUMENTED,COUNTS_ONLY,PASS_COUNTS_IDENTITIES,FAIL_90_OF_100,62,100,data/records/replication/act_seed3.jsonl.gz,NOT_PREDECLARED_FOR_THIS_RUN,UNMATCHED_SPEED_EVALUATION,False,data/records/replication/act_seed3.jsonl.gz,6ec5732b6d3998b1bb93f032bc4cb0580c068870c1495007efcbf9eac0988d05,1,100,,"[""experiments/paper/results/README.md"",""experiments/paper/results/act_demoscale_summary.json"",""experiments/paper/results/act_multiseed_summary.json""]",[],,outputs/paper/act_multiseed/eval/act_seed3.jsonl,TRACKED_RELEASE_RECORD_SHA256_VERIFIED_AGAINST_GIT,"[""Git HEAD:data/records""]",data/records/expert_episodes.jsonl.gz,PASS_RECORDED_INITIAL_CONDITIONS,0,0,Tracked release is the archival authority for this parcel condition. Output copies and the ACT-A determinism rerun are excluded; no larger-N or performance tie-break is used.,0.62,0.5220975529551107,0.7090240074752127,PASS_HASH_COUNTS_UNIQUE_EPISODE_KEYS_STAGE_AND_TERMINAL_COUNTS,SUBJECT_TO_COMPARISON_AND_RATE_SUPPORT,VERIFIED_PAIRED,"All episode keys, recorded initial object poses, evaluation seed, jitter, corruption, action noise and physical configuration match. Legacy release has no indexed bank digest or initial joint-state serialization; verification is limited to recorded initial conditions and shared run metadata.",S183_r1,100,Paired expert-minus-learner difference and episode-pair bootstrap permitted; separate Wilson binomial intervals,experiments/paper/results/README.md
S190_r1.5,S190,parcel,act:ACT-C:model_seed2,ACT,2,outputs/paper/act_multiseed/act_seed3/act_seed3.pt,8dfcc8afc622ba09b52ab4d4360be17c89325115e7dd5b6df16267be6127b593,legacy_path_mapped_to_release_manifest_NO_EXECUTION_DIGEST,[],outputs/paper/demos/expert_episodes.pt,5c443c62d21471897edad0132dbc46bc24f19ea63d77fd2b8f9c6e53bd605fa2,N/A,N/A,legacy_released_replication,"[""UNKNOWN_LEGACY_UNSTAMPED""]","[""UNKNOWN_NOT_RECORDED""]",[14345],1.5,100,44,62,100,"{""acquired"":100,""inserted"":82,""lifted_clear"":100,""preinsert_reached"":71,""released"":82,""reoriented"":71,""settled"":82}",{},"{""excessive_inhand_slip"":1,""insertion_jam"":17,""insertion_misalignment"":38,""none"":44}","{""final_orientation"":38,""none"":44,""slip_after_receptacle_contact"":17,""slip_before_receptacle_contact"":1}",NOT_DOCUMENTED,COUNTS_ONLY,PASS_COUNTS_IDENTITIES,FAIL_90_OF_100,62,100,data/records/replication/act_seed3.jsonl.gz,NOT_PREDECLARED_FOR_THIS_RUN,UNMATCHED_SPEED_EVALUATION,False,data/records/replication/act_seed3.jsonl.gz,6ec5732b6d3998b1bb93f032bc4cb0580c068870c1495007efcbf9eac0988d05,101,200,,"[""experiments/paper/results/README.md"",""experiments/paper/results/act_demoscale_summary.json"",""experiments/paper/results/act_multiseed_summary.json""]",[],,outputs/paper/act_multiseed/eval/act_seed3.jsonl,TRACKED_RELEASE_RECORD_SHA256_VERIFIED_AGAINST_GIT,"[""Git HEAD:data/records""]",data/records/expert_episodes.jsonl.gz,PASS_RECORDED_INITIAL_CONDITIONS,0,0,Tracked release is the archival authority for this parcel condition. Output copies and the ACT-A determinism rerun are excluded; no larger-N or performance tie-break is used.,0.44,0.34672026630160796,0.5377189534832302,PASS_HASH_COUNTS_UNIQUE_EPISODE_KEYS_STAGE_AND_TERMINAL_COUNTS,SUBJECT_TO_COMPARISON_AND_RATE_SUPPORT,VERIFIED_PAIRED,"All episode keys, recorded initial object poses, evaluation seed, jitter, corruption, action noise and physical configuration match. Legacy release has no indexed bank digest or initial joint-state serialization; verification is limited to recorded initial conditions and shared run metadata.",S183_r1.5,100,Paired expert-minus-learner difference and episode-pair bootstrap permitted; separate Wilson binomial intervals,experiments/paper/results/README.md
S190_r2,S190,parcel,act:ACT-C:model_seed2,ACT,2,outputs/paper/act_multiseed/act_seed3/act_seed3.pt,8dfcc8afc622ba09b52ab4d4360be17c89325115e7dd5b6df16267be6127b593,legacy_path_mapped_to_release_manifest_NO_EXECUTION_DIGEST,[],outputs/paper/demos/expert_episodes.pt,5c443c62d21471897edad0132dbc46bc24f19ea63d77fd2b8f9c6e53bd605fa2,N/A,N/A,legacy_released_replication,"[""UNKNOWN_LEGACY_UNSTAMPED""]","[""UNKNOWN_NOT_RECORDED""]",[15345],2,100,14,62,100,"{""acquired"":100,""inserted"":64,""lifted_clear"":100,""preinsert_reached"":61,""released"":64,""reoriented"":60,""settled"":58}",{},"{""excessive_inhand_slip"":2,""insertion_jam"":29,""insertion_misalignment"":44,""none"":14,""timeout"":6,""transfer_failure"":5}","{""final_orientation"":44,""none"":14,""not_settled"":6,""preinsert_not_reached"":5,""slip_after_receptacle_contact"":29,""slip_before_receptacle_contact"":2}",NOT_DOCUMENTED,COUNTS_ONLY,PASS_COUNTS_IDENTITIES,FAIL_90_OF_100,62,100,data/records/replication/act_seed3.jsonl.gz,NOT_PREDECLARED_FOR_THIS_RUN,UNMATCHED_SPEED_EVALUATION,False,data/records/replication/act_seed3.jsonl.gz,6ec5732b6d3998b1bb93f032bc4cb0580c068870c1495007efcbf9eac0988d05,201,300,,"[""experiments/paper/results/README.md"",""experiments/paper/results/act_demoscale_summary.json"",""experiments/paper/results/act_multiseed_summary.json""]",[],,outputs/paper/act_multiseed/eval/act_seed3.jsonl,TRACKED_RELEASE_RECORD_SHA256_VERIFIED_AGAINST_GIT,"[""Git HEAD:data/records""]",data/records/expert_episodes.jsonl.gz,PASS_RECORDED_INITIAL_CONDITIONS,0,0,Tracked release is the archival authority for this parcel condition. Output copies and the ACT-A determinism rerun are excluded; no larger-N or performance tie-break is used.,0.14,0.08526343659939134,0.22137188210963837,PASS_HASH_COUNTS_UNIQUE_EPISODE_KEYS_STAGE_AND_TERMINAL_COUNTS,SUBJECT_TO_COMPARISON_AND_RATE_SUPPORT,VERIFIED_PAIRED,"All episode keys, recorded initial object poses, evaluation seed, jitter, corruption, action noise and physical configuration match. Legacy release has no indexed bank digest or initial joint-state serialization; verification is limited to recorded initial conditions and shared run metadata.",S183_r2,100,Paired expert-minus-learner difference and episode-pair bootstrap permitted; separate Wilson binomial intervals,experiments/paper/results/README.md
