pairing_key,learner_condition_id,expert_condition_id,task,actor,method,task_rate,expert_source,expert_source_sha256,learner_source,learner_source_sha256,expert_episode_count,learner_episode_count,paired_episode_count,mismatched_episode_count,mismatched_episode_ids,mismatch_fields,pairing_status,distribution_match_status,pairing_unavailable_reason,pairing_validation_scope,permitted_statistical_treatment,expert_minus_learner_difference,both_success,expert_only_success,learner_only_success,both_failure
"peg|rate=0.5|seed=[73001]|bank=[""5bdd95631544534a6510a49e11da1731724d8e92ee8d8f20bc6f7c53717ce62b""]|episode_key=initial_condition_id",S116_r0.5,S155_r0.5,peg,act:seed1:epoch2000,ACT,0.5,outputs/iclr_dp_three_task_20260919/raw/final/peg/expert_protocol-1.jsonl,b9796915292914e4b50802178a1312d73ccc2f65456001836998197942ca1566,outputs/act_comparability/peg/seed-1/final/act_protocol-descriptive-20260911.jsonl,4d1de4c564ad88349e0b7fa7fcbf3a1bcbe2b76bf517f3f1c6a3df4434dc63f0,200,200,200,0,[],{},VERIFIED_PAIRED,SAME_RECORDED_EPISODES,N/A_VERIFIED_FOR_FULL_CONDITION,"All episode keys, recorded initial object poses, evaluation seed, jitter, corruption, action noise and physical configuration match. Bank hash, logical initial-condition IDs and final-bank metadata also match.",Paired expert-minus-learner difference and episode-pair bootstrap permitted; separate Wilson binomial intervals,0.34,125,70,2,3
"peg|rate=0.75|seed=[74001]|bank=[""62c7911bf934c52a8bd330d0ad8073c435c548e96e4353484c413e64e669110e""]|episode_key=initial_condition_id",S116_r0.75,S155_r0.75,peg,act:seed1:epoch2000,ACT,0.75,outputs/iclr_dp_three_task_20260919/raw/final/peg/expert_protocol-1.jsonl,b9796915292914e4b50802178a1312d73ccc2f65456001836998197942ca1566,outputs/act_comparability/peg/seed-1/final/act_protocol-descriptive-20260911.jsonl,4d1de4c564ad88349e0b7fa7fcbf3a1bcbe2b76bf517f3f1c6a3df4434dc63f0,200,200,200,0,[],{},VERIFIED_PAIRED,SAME_RECORDED_EPISODES,N/A_VERIFIED_FOR_FULL_CONDITION,"All episode keys, recorded initial object poses, evaluation seed, jitter, corruption, action noise and physical configuration match. Bank hash, logical initial-condition IDs and final-bank metadata also match.",Paired expert-minus-learner difference and episode-pair bootstrap permitted; separate Wilson binomial intervals,0.265,144,54,1,1
"peg|rate=1|seed=[75001]|bank=[""773c5b540cb396bae894da308a3e8345c8a308e7c38d3646a0e0286bb6f77890""]|episode_key=initial_condition_id",S116_r1,S155_r1,peg,act:seed1:epoch2000,ACT,1,outputs/iclr_dp_three_task_20260919/raw/final/peg/expert_protocol-1.jsonl,b9796915292914e4b50802178a1312d73ccc2f65456001836998197942ca1566,outputs/act_comparability/peg/seed-1/final/act_protocol-descriptive-20260911.jsonl,4d1de4c564ad88349e0b7fa7fcbf3a1bcbe2b76bf517f3f1c6a3df4434dc63f0,200,200,200,0,[],{},VERIFIED_PAIRED,SAME_RECORDED_EPISODES,N/A_VERIFIED_FOR_FULL_CONDITION,"All episode keys, recorded initial object poses, evaluation seed, jitter, corruption, action noise and physical configuration match. Bank hash, logical initial-condition IDs and final-bank metadata also match.",Paired expert-minus-learner difference and episode-pair bootstrap permitted; separate Wilson binomial intervals,0.015,163,19,16,2
"peg|rate=1.25|seed=[76001]|bank=[""769c0c5299d8c1965d73974ebc4dc1b9865478ec19f2d5aefa44a1698fcdde73""]|episode_key=initial_condition_id",S116_r1.25,S155_r1.25,peg,act:seed1:epoch2000,ACT,1.25,outputs/iclr_dp_three_task_20260919/raw/final/peg/expert_protocol-1.jsonl,b9796915292914e4b50802178a1312d73ccc2f65456001836998197942ca1566,outputs/act_comparability/peg/seed-1/final/act_protocol-descriptive-20260911.jsonl,4d1de4c564ad88349e0b7fa7fcbf3a1bcbe2b76bf517f3f1c6a3df4434dc63f0,200,200,200,0,[],{},VERIFIED_PAIRED,SAME_RECORDED_EPISODES,N/A_VERIFIED_FOR_FULL_CONDITION,"All episode keys, recorded initial object poses, evaluation seed, jitter, corruption, action noise and physical configuration match. Bank hash, logical initial-condition IDs and final-bank metadata also match.",Paired expert-minus-learner difference and episode-pair bootstrap permitted; separate Wilson binomial intervals,0.14,129,47,19,5
"peg|rate=1.5|seed=[77001]|bank=[""99d0f18b359ec6b1e6719c13e85be185725430242777bd0bac40efd09b2417e9""]|episode_key=initial_condition_id",S116_r1.5,S155_r1.5,peg,act:seed1:epoch2000,ACT,1.5,outputs/iclr_dp_three_task_20260919/raw/final/peg/expert_protocol-1.jsonl,b9796915292914e4b50802178a1312d73ccc2f65456001836998197942ca1566,outputs/act_comparability/peg/seed-1/final/act_protocol-descriptive-20260911.jsonl,4d1de4c564ad88349e0b7fa7fcbf3a1bcbe2b76bf517f3f1c6a3df4434dc63f0,200,200,200,0,[],{},VERIFIED_PAIRED,SAME_RECORDED_EPISODES,N/A_VERIFIED_FOR_FULL_CONDITION,"All episode keys, recorded initial object poses, evaluation seed, jitter, corruption, action noise and physical configuration match. Bank hash, logical initial-condition IDs and final-bank metadata also match.",Paired expert-minus-learner difference and episode-pair bootstrap permitted; separate Wilson binomial intervals,0.75,0,150,0,50
"peg|rate=1.75|seed=[78001]|bank=[""8cb85e15482868092b26c9ee46d971afe82a9df62c35e3b32d79f76066476970""]|episode_key=initial_condition_id",S116_r1.75,S155_r1.75,peg,act:seed1:epoch2000,ACT,1.75,outputs/iclr_dp_three_task_20260919/raw/final/peg/expert_protocol-1.jsonl,b9796915292914e4b50802178a1312d73ccc2f65456001836998197942ca1566,outputs/act_comparability/peg/seed-1/final/act_protocol-descriptive-20260911.jsonl,4d1de4c564ad88349e0b7fa7fcbf3a1bcbe2b76bf517f3f1c6a3df4434dc63f0,200,200,200,0,[],{},VERIFIED_PAIRED,SAME_RECORDED_EPISODES,N/A_VERIFIED_FOR_FULL_CONDITION,"All episode keys, recorded initial object poses, evaluation seed, jitter, corruption, action noise and physical configuration match. Bank hash, logical initial-condition IDs and final-bank metadata also match.",Paired expert-minus-learner difference and episode-pair bootstrap permitted; separate Wilson binomial intervals,0.815,0,163,0,37
"peg|rate=2|seed=[79001]|bank=[""80170a6d88af32eca89839c0391aebb59eb22cf4afce2d0b0b2cc0b7ab8cbe7e""]|episode_key=initial_condition_id",S116_r2,S155_r2,peg,act:seed1:epoch2000,ACT,2,outputs/iclr_dp_three_task_20260919/raw/final/peg/expert_protocol-1.jsonl,b9796915292914e4b50802178a1312d73ccc2f65456001836998197942ca1566,outputs/act_comparability/peg/seed-1/final/act_protocol-descriptive-20260911.jsonl,4d1de4c564ad88349e0b7fa7fcbf3a1bcbe2b76bf517f3f1c6a3df4434dc63f0,200,200,200,0,[],{},VERIFIED_PAIRED,SAME_RECORDED_EPISODES,N/A_VERIFIED_FOR_FULL_CONDITION,"All episode keys, recorded initial object poses, evaluation seed, jitter, corruption, action noise and physical configuration match. Bank hash, logical initial-condition IDs and final-bank metadata also match.",Paired expert-minus-learner difference and episode-pair bootstrap permitted; separate Wilson binomial intervals,0.86,0,172,0,28
"peg|rate=2.5|seed=[80001]|bank=[""431b44e40964e858b4e3ee6c0717c019203c6738a84b5e7f674d218bbe1f5b37""]|episode_key=initial_condition_id",S116_r2.5,S155_r2.5,peg,act:seed1:epoch2000,ACT,2.5,outputs/iclr_dp_three_task_20260919/raw/final/peg/expert_protocol-1.jsonl,b9796915292914e4b50802178a1312d73ccc2f65456001836998197942ca1566,outputs/act_comparability/peg/seed-1/final/act_protocol-descriptive-20260911.jsonl,4d1de4c564ad88349e0b7fa7fcbf3a1bcbe2b76bf517f3f1c6a3df4434dc63f0,200,200,200,0,[],{},VERIFIED_PAIRED,SAME_RECORDED_EPISODES,N/A_VERIFIED_FOR_FULL_CONDITION,"All episode keys, recorded initial object poses, evaluation seed, jitter, corruption, action noise and physical configuration match. Bank hash, logical initial-condition IDs and final-bank metadata also match.",Paired expert-minus-learner difference and episode-pair bootstrap permitted; separate Wilson binomial intervals,0.87,0,174,0,26
"peg|rate=0.5|seed=[73001]|bank=[""5bdd95631544534a6510a49e11da1731724d8e92ee8d8f20bc6f7c53717ce62b""]|episode_key=initial_condition_id",S123_r0.5,S155_r0.5,peg,act:seed2:epoch1600,ACT,0.5,outputs/iclr_dp_three_task_20260919/raw/final/peg/expert_protocol-1.jsonl,b9796915292914e4b50802178a1312d73ccc2f65456001836998197942ca1566,outputs/act_comparability/peg/seed-2/final/act_protocol-descriptive-20260911.jsonl,4afd0c2084bcee32d38f983b8b1c6edff12fe0183429a194bc8ae9bd8530df4f,200,200,200,0,[],{},VERIFIED_PAIRED,SAME_RECORDED_EPISODES,N/A_VERIFIED_FOR_FULL_CONDITION,"All episode keys, recorded initial object poses, evaluation seed, jitter, corruption, action noise and physical configuration match. Bank hash, logical initial-condition IDs and final-bank metadata also match.",Paired expert-minus-learner difference and episode-pair bootstrap permitted; separate Wilson binomial intervals,-0.02,194,1,5,0
"peg|rate=0.75|seed=[74001]|bank=[""62c7911bf934c52a8bd330d0ad8073c435c548e96e4353484c413e64e669110e""]|episode_key=initial_condition_id",S123_r0.75,S155_r0.75,peg,act:seed2:epoch1600,ACT,0.75,outputs/iclr_dp_three_task_20260919/raw/final/peg/expert_protocol-1.jsonl,b9796915292914e4b50802178a1312d73ccc2f65456001836998197942ca1566,outputs/act_comparability/peg/seed-2/final/act_protocol-descriptive-20260911.jsonl,4afd0c2084bcee32d38f983b8b1c6edff12fe0183429a194bc8ae9bd8530df4f,200,200,200,0,[],{},VERIFIED_PAIRED,SAME_RECORDED_EPISODES,N/A_VERIFIED_FOR_FULL_CONDITION,"All episode keys, recorded initial object poses, evaluation seed, jitter, corruption, action noise and physical configuration match. Bank hash, logical initial-condition IDs and final-bank metadata also match.",Paired expert-minus-learner difference and episode-pair bootstrap permitted; separate Wilson binomial intervals,0.015,193,5,2,0
"peg|rate=1|seed=[75001]|bank=[""773c5b540cb396bae894da308a3e8345c8a308e7c38d3646a0e0286bb6f77890""]|episode_key=initial_condition_id",S123_r1,S155_r1,peg,act:seed2:epoch1600,ACT,1,outputs/iclr_dp_three_task_20260919/raw/final/peg/expert_protocol-1.jsonl,b9796915292914e4b50802178a1312d73ccc2f65456001836998197942ca1566,outputs/act_comparability/peg/seed-2/final/act_protocol-descriptive-20260911.jsonl,4afd0c2084bcee32d38f983b8b1c6edff12fe0183429a194bc8ae9bd8530df4f,200,200,200,0,[],{},VERIFIED_PAIRED,SAME_RECORDED_EPISODES,N/A_VERIFIED_FOR_FULL_CONDITION,"All episode keys, recorded initial object poses, evaluation seed, jitter, corruption, action noise and physical configuration match. Bank hash, logical initial-condition IDs and final-bank metadata also match.",Paired expert-minus-learner difference and episode-pair bootstrap permitted; separate Wilson binomial intervals,-0.075,179,3,18,0
"peg|rate=1.25|seed=[76001]|bank=[""769c0c5299d8c1965d73974ebc4dc1b9865478ec19f2d5aefa44a1698fcdde73""]|episode_key=initial_condition_id",S123_r1.25,S155_r1.25,peg,act:seed2:epoch1600,ACT,1.25,outputs/iclr_dp_three_task_20260919/raw/final/peg/expert_protocol-1.jsonl,b9796915292914e4b50802178a1312d73ccc2f65456001836998197942ca1566,outputs/act_comparability/peg/seed-2/final/act_protocol-descriptive-20260911.jsonl,4afd0c2084bcee32d38f983b8b1c6edff12fe0183429a194bc8ae9bd8530df4f,200,200,200,0,[],{},VERIFIED_PAIRED,SAME_RECORDED_EPISODES,N/A_VERIFIED_FOR_FULL_CONDITION,"All episode keys, recorded initial object poses, evaluation seed, jitter, corruption, action noise and physical configuration match. Bank hash, logical initial-condition IDs and final-bank metadata also match.",Paired expert-minus-learner difference and episode-pair bootstrap permitted; separate Wilson binomial intervals,-0.05,163,13,23,1
"peg|rate=1.5|seed=[77001]|bank=[""99d0f18b359ec6b1e6719c13e85be185725430242777bd0bac40efd09b2417e9""]|episode_key=initial_condition_id",S123_r1.5,S155_r1.5,peg,act:seed2:epoch1600,ACT,1.5,outputs/iclr_dp_three_task_20260919/raw/final/peg/expert_protocol-1.jsonl,b9796915292914e4b50802178a1312d73ccc2f65456001836998197942ca1566,outputs/act_comparability/peg/seed-2/final/act_protocol-descriptive-20260911.jsonl,4afd0c2084bcee32d38f983b8b1c6edff12fe0183429a194bc8ae9bd8530df4f,200,200,200,0,[],{},VERIFIED_PAIRED,SAME_RECORDED_EPISODES,N/A_VERIFIED_FOR_FULL_CONDITION,"All episode keys, recorded initial object poses, evaluation seed, jitter, corruption, action noise and physical configuration match. Bank hash, logical initial-condition IDs and final-bank metadata also match.",Paired expert-minus-learner difference and episode-pair bootstrap permitted; separate Wilson binomial intervals,0.75,0,150,0,50
"peg|rate=1.75|seed=[78001]|bank=[""8cb85e15482868092b26c9ee46d971afe82a9df62c35e3b32d79f76066476970""]|episode_key=initial_condition_id",S123_r1.75,S155_r1.75,peg,act:seed2:epoch1600,ACT,1.75,outputs/iclr_dp_three_task_20260919/raw/final/peg/expert_protocol-1.jsonl,b9796915292914e4b50802178a1312d73ccc2f65456001836998197942ca1566,outputs/act_comparability/peg/seed-2/final/act_protocol-descriptive-20260911.jsonl,4afd0c2084bcee32d38f983b8b1c6edff12fe0183429a194bc8ae9bd8530df4f,200,200,200,0,[],{},VERIFIED_PAIRED,SAME_RECORDED_EPISODES,N/A_VERIFIED_FOR_FULL_CONDITION,"All episode keys, recorded initial object poses, evaluation seed, jitter, corruption, action noise and physical configuration match. Bank hash, logical initial-condition IDs and final-bank metadata also match.",Paired expert-minus-learner difference and episode-pair bootstrap permitted; separate Wilson binomial intervals,0.815,0,163,0,37
"peg|rate=2|seed=[79001]|bank=[""80170a6d88af32eca89839c0391aebb59eb22cf4afce2d0b0b2cc0b7ab8cbe7e""]|episode_key=initial_condition_id",S123_r2,S155_r2,peg,act:seed2:epoch1600,ACT,2,outputs/iclr_dp_three_task_20260919/raw/final/peg/expert_protocol-1.jsonl,b9796915292914e4b50802178a1312d73ccc2f65456001836998197942ca1566,outputs/act_comparability/peg/seed-2/final/act_protocol-descriptive-20260911.jsonl,4afd0c2084bcee32d38f983b8b1c6edff12fe0183429a194bc8ae9bd8530df4f,200,200,200,0,[],{},VERIFIED_PAIRED,SAME_RECORDED_EPISODES,N/A_VERIFIED_FOR_FULL_CONDITION,"All episode keys, recorded initial object poses, evaluation seed, jitter, corruption, action noise and physical configuration match. Bank hash, logical initial-condition IDs and final-bank metadata also match.",Paired expert-minus-learner difference and episode-pair bootstrap permitted; separate Wilson binomial intervals,0.86,0,172,0,28
"peg|rate=2.5|seed=[80001]|bank=[""431b44e40964e858b4e3ee6c0717c019203c6738a84b5e7f674d218bbe1f5b37""]|episode_key=initial_condition_id",S123_r2.5,S155_r2.5,peg,act:seed2:epoch1600,ACT,2.5,outputs/iclr_dp_three_task_20260919/raw/final/peg/expert_protocol-1.jsonl,b9796915292914e4b50802178a1312d73ccc2f65456001836998197942ca1566,outputs/act_comparability/peg/seed-2/final/act_protocol-descriptive-20260911.jsonl,4afd0c2084bcee32d38f983b8b1c6edff12fe0183429a194bc8ae9bd8530df4f,200,200,200,0,[],{},VERIFIED_PAIRED,SAME_RECORDED_EPISODES,N/A_VERIFIED_FOR_FULL_CONDITION,"All episode keys, recorded initial object poses, evaluation seed, jitter, corruption, action noise and physical configuration match. Bank hash, logical initial-condition IDs and final-bank metadata also match.",Paired expert-minus-learner difference and episode-pair bootstrap permitted; separate Wilson binomial intervals,0.87,0,174,0,26
"upright|rate=0.5|seed=[73001]|bank=[""5bdd95631544534a6510a49e11da1731724d8e92ee8d8f20bc6f7c53717ce62b""]|episode_key=initial_condition_id",S144_r0.5,S158_r0.5,upright,act:seed1:epoch1600,ACT,0.5,outputs/iclr_dp_three_task_20260919/raw/final/upright/expert_protocol-1.jsonl,922e653dc7e459643c079536cfc0f79ec61991f4becf5a30c27a13f279b00733,outputs/act_comparability/upright/seed-1/final/act_protocol-descriptive-20260911.jsonl,394d985aee70448118bd8b0fe5ac5ec8fdb816e61745d9e0992a174d839c736c,200,200,200,0,[],{},VERIFIED_PAIRED,SAME_RECORDED_EPISODES,N/A_VERIFIED_FOR_FULL_CONDITION,"All episode keys, recorded initial object poses, evaluation seed, jitter, corruption, action noise and physical configuration match. Bank hash, logical initial-condition IDs and final-bank metadata also match.",Paired expert-minus-learner difference and episode-pair bootstrap permitted; separate Wilson binomial intervals,0.355,91,85,14,10
"upright|rate=0.75|seed=[74001]|bank=[""62c7911bf934c52a8bd330d0ad8073c435c548e96e4353484c413e64e669110e""]|episode_key=initial_condition_id",S144_r0.75,S158_r0.75,upright,act:seed1:epoch1600,ACT,0.75,outputs/iclr_dp_three_task_20260919/raw/final/upright/expert_protocol-1.jsonl,922e653dc7e459643c079536cfc0f79ec61991f4becf5a30c27a13f279b00733,outputs/act_comparability/upright/seed-1/final/act_protocol-descriptive-20260911.jsonl,394d985aee70448118bd8b0fe5ac5ec8fdb816e61745d9e0992a174d839c736c,200,200,200,0,[],{},VERIFIED_PAIRED,SAME_RECORDED_EPISODES,N/A_VERIFIED_FOR_FULL_CONDITION,"All episode keys, recorded initial object poses, evaluation seed, jitter, corruption, action noise and physical configuration match. Bank hash, logical initial-condition IDs and final-bank metadata also match.",Paired expert-minus-learner difference and episode-pair bootstrap permitted; separate Wilson binomial intervals,0.06,170,21,9,0
"upright|rate=1|seed=[75001]|bank=[""773c5b540cb396bae894da308a3e8345c8a308e7c38d3646a0e0286bb6f77890""]|episode_key=initial_condition_id",S144_r1,S158_r1,upright,act:seed1:epoch1600,ACT,1,outputs/iclr_dp_three_task_20260919/raw/final/upright/expert_protocol-1.jsonl,922e653dc7e459643c079536cfc0f79ec61991f4becf5a30c27a13f279b00733,outputs/act_comparability/upright/seed-1/final/act_protocol-descriptive-20260911.jsonl,394d985aee70448118bd8b0fe5ac5ec8fdb816e61745d9e0992a174d839c736c,200,200,200,0,[],{},VERIFIED_PAIRED,SAME_RECORDED_EPISODES,N/A_VERIFIED_FOR_FULL_CONDITION,"All episode keys, recorded initial object poses, evaluation seed, jitter, corruption, action noise and physical configuration match. Bank hash, logical initial-condition IDs and final-bank metadata also match.",Paired expert-minus-learner difference and episode-pair bootstrap permitted; separate Wilson binomial intervals,-0.045,180,5,14,1
"upright|rate=1.25|seed=[76001]|bank=[""769c0c5299d8c1965d73974ebc4dc1b9865478ec19f2d5aefa44a1698fcdde73""]|episode_key=initial_condition_id",S144_r1.25,S158_r1.25,upright,act:seed1:epoch1600,ACT,1.25,outputs/iclr_dp_three_task_20260919/raw/final/upright/expert_protocol-1.jsonl,922e653dc7e459643c079536cfc0f79ec61991f4becf5a30c27a13f279b00733,outputs/act_comparability/upright/seed-1/final/act_protocol-descriptive-20260911.jsonl,394d985aee70448118bd8b0fe5ac5ec8fdb816e61745d9e0992a174d839c736c,200,200,200,0,[],{},VERIFIED_PAIRED,SAME_RECORDED_EPISODES,N/A_VERIFIED_FOR_FULL_CONDITION,"All episode keys, recorded initial object poses, evaluation seed, jitter, corruption, action noise and physical configuration match. Bank hash, logical initial-condition IDs and final-bank metadata also match.",Paired expert-minus-learner difference and episode-pair bootstrap permitted; separate Wilson binomial intervals,-0.03,194,0,6,0
"upright|rate=1.5|seed=[77001]|bank=[""99d0f18b359ec6b1e6719c13e85be185725430242777bd0bac40efd09b2417e9""]|episode_key=initial_condition_id",S144_r1.5,S158_r1.5,upright,act:seed1:epoch1600,ACT,1.5,outputs/iclr_dp_three_task_20260919/raw/final/upright/expert_protocol-1.jsonl,922e653dc7e459643c079536cfc0f79ec61991f4becf5a30c27a13f279b00733,outputs/act_comparability/upright/seed-1/final/act_protocol-descriptive-20260911.jsonl,394d985aee70448118bd8b0fe5ac5ec8fdb816e61745d9e0992a174d839c736c,200,200,200,0,[],{},VERIFIED_PAIRED,SAME_RECORDED_EPISODES,N/A_VERIFIED_FOR_FULL_CONDITION,"All episode keys, recorded initial object poses, evaluation seed, jitter, corruption, action noise and physical configuration match. Bank hash, logical initial-condition IDs and final-bank metadata also match.",Paired expert-minus-learner difference and episode-pair bootstrap permitted; separate Wilson binomial intervals,-0.025,191,2,7,0
"upright|rate=1.75|seed=[78001]|bank=[""8cb85e15482868092b26c9ee46d971afe82a9df62c35e3b32d79f76066476970""]|episode_key=initial_condition_id",S144_r1.75,S158_r1.75,upright,act:seed1:epoch1600,ACT,1.75,outputs/iclr_dp_three_task_20260919/raw/final/upright/expert_protocol-1.jsonl,922e653dc7e459643c079536cfc0f79ec61991f4becf5a30c27a13f279b00733,outputs/act_comparability/upright/seed-1/final/act_protocol-descriptive-20260911.jsonl,394d985aee70448118bd8b0fe5ac5ec8fdb816e61745d9e0992a174d839c736c,200,200,200,0,[],{},VERIFIED_PAIRED,SAME_RECORDED_EPISODES,N/A_VERIFIED_FOR_FULL_CONDITION,"All episode keys, recorded initial object poses, evaluation seed, jitter, corruption, action noise and physical configuration match. Bank hash, logical initial-condition IDs and final-bank metadata also match.",Paired expert-minus-learner difference and episode-pair bootstrap permitted; separate Wilson binomial intervals,-0.075,183,1,16,0
"upright|rate=2|seed=[79001]|bank=[""80170a6d88af32eca89839c0391aebb59eb22cf4afce2d0b0b2cc0b7ab8cbe7e""]|episode_key=initial_condition_id",S144_r2,S158_r2,upright,act:seed1:epoch1600,ACT,2,outputs/iclr_dp_three_task_20260919/raw/final/upright/expert_protocol-1.jsonl,922e653dc7e459643c079536cfc0f79ec61991f4becf5a30c27a13f279b00733,outputs/act_comparability/upright/seed-1/final/act_protocol-descriptive-20260911.jsonl,394d985aee70448118bd8b0fe5ac5ec8fdb816e61745d9e0992a174d839c736c,200,200,200,0,[],{},VERIFIED_PAIRED,SAME_RECORDED_EPISODES,N/A_VERIFIED_FOR_FULL_CONDITION,"All episode keys, recorded initial object poses, evaluation seed, jitter, corruption, action noise and physical configuration match. Bank hash, logical initial-condition IDs and final-bank metadata also match.",Paired expert-minus-learner difference and episode-pair bootstrap permitted; separate Wilson binomial intervals,0.035,54,51,44,51
"upright|rate=2.5|seed=[80001]|bank=[""431b44e40964e858b4e3ee6c0717c019203c6738a84b5e7f674d218bbe1f5b37""]|episode_key=initial_condition_id",S144_r2.5,S158_r2.5,upright,act:seed1:epoch1600,ACT,2.5,outputs/iclr_dp_three_task_20260919/raw/final/upright/expert_protocol-1.jsonl,922e653dc7e459643c079536cfc0f79ec61991f4becf5a30c27a13f279b00733,outputs/act_comparability/upright/seed-1/final/act_protocol-descriptive-20260911.jsonl,394d985aee70448118bd8b0fe5ac5ec8fdb816e61745d9e0992a174d839c736c,200,200,200,0,[],{},VERIFIED_PAIRED,SAME_RECORDED_EPISODES,N/A_VERIFIED_FOR_FULL_CONDITION,"All episode keys, recorded initial object poses, evaluation seed, jitter, corruption, action noise and physical configuration match. Bank hash, logical initial-condition IDs and final-bank metadata also match.",Paired expert-minus-learner difference and episode-pair bootstrap permitted; separate Wilson binomial intervals,0.01,0,2,0,198
"upright|rate=0.5|seed=[73001]|bank=[""5bdd95631544534a6510a49e11da1731724d8e92ee8d8f20bc6f7c53717ce62b""]|episode_key=initial_condition_id",S151_r0.5,S158_r0.5,upright,act:seed2:epoch1300,ACT,0.5,outputs/iclr_dp_three_task_20260919/raw/final/upright/expert_protocol-1.jsonl,922e653dc7e459643c079536cfc0f79ec61991f4becf5a30c27a13f279b00733,outputs/act_comparability/upright/seed-2/final/act_protocol-descriptive-20260911.jsonl,a5e42ceecde971367cefdc940ba68768830a3b2788082aa8ba423925e6e6f97a,200,200,200,0,[],{},VERIFIED_PAIRED,SAME_RECORDED_EPISODES,N/A_VERIFIED_FOR_FULL_CONDITION,"All episode keys, recorded initial object poses, evaluation seed, jitter, corruption, action noise and physical configuration match. Bank hash, logical initial-condition IDs and final-bank metadata also match.",Paired expert-minus-learner difference and episode-pair bootstrap permitted; separate Wilson binomial intervals,0.095,144,32,13,11
"upright|rate=0.75|seed=[74001]|bank=[""62c7911bf934c52a8bd330d0ad8073c435c548e96e4353484c413e64e669110e""]|episode_key=initial_condition_id",S151_r0.75,S158_r0.75,upright,act:seed2:epoch1300,ACT,0.75,outputs/iclr_dp_three_task_20260919/raw/final/upright/expert_protocol-1.jsonl,922e653dc7e459643c079536cfc0f79ec61991f4becf5a30c27a13f279b00733,outputs/act_comparability/upright/seed-2/final/act_protocol-descriptive-20260911.jsonl,a5e42ceecde971367cefdc940ba68768830a3b2788082aa8ba423925e6e6f97a,200,200,200,0,[],{},VERIFIED_PAIRED,SAME_RECORDED_EPISODES,N/A_VERIFIED_FOR_FULL_CONDITION,"All episode keys, recorded initial object poses, evaluation seed, jitter, corruption, action noise and physical configuration match. Bank hash, logical initial-condition IDs and final-bank metadata also match.",Paired expert-minus-learner difference and episode-pair bootstrap permitted; separate Wilson binomial intervals,0.19,144,47,9,0
"upright|rate=1|seed=[75001]|bank=[""773c5b540cb396bae894da308a3e8345c8a308e7c38d3646a0e0286bb6f77890""]|episode_key=initial_condition_id",S151_r1,S158_r1,upright,act:seed2:epoch1300,ACT,1,outputs/iclr_dp_three_task_20260919/raw/final/upright/expert_protocol-1.jsonl,922e653dc7e459643c079536cfc0f79ec61991f4becf5a30c27a13f279b00733,outputs/act_comparability/upright/seed-2/final/act_protocol-descriptive-20260911.jsonl,a5e42ceecde971367cefdc940ba68768830a3b2788082aa8ba423925e6e6f97a,200,200,200,0,[],{},VERIFIED_PAIRED,SAME_RECORDED_EPISODES,N/A_VERIFIED_FOR_FULL_CONDITION,"All episode keys, recorded initial object poses, evaluation seed, jitter, corruption, action noise and physical configuration match. Bank hash, logical initial-condition IDs and final-bank metadata also match.",Paired expert-minus-learner difference and episode-pair bootstrap permitted; separate Wilson binomial intervals,0.015,168,17,14,1
"upright|rate=1.25|seed=[76001]|bank=[""769c0c5299d8c1965d73974ebc4dc1b9865478ec19f2d5aefa44a1698fcdde73""]|episode_key=initial_condition_id",S151_r1.25,S158_r1.25,upright,act:seed2:epoch1300,ACT,1.25,outputs/iclr_dp_three_task_20260919/raw/final/upright/expert_protocol-1.jsonl,922e653dc7e459643c079536cfc0f79ec61991f4becf5a30c27a13f279b00733,outputs/act_comparability/upright/seed-2/final/act_protocol-descriptive-20260911.jsonl,a5e42ceecde971367cefdc940ba68768830a3b2788082aa8ba423925e6e6f97a,200,200,200,0,[],{},VERIFIED_PAIRED,SAME_RECORDED_EPISODES,N/A_VERIFIED_FOR_FULL_CONDITION,"All episode keys, recorded initial object poses, evaluation seed, jitter, corruption, action noise and physical configuration match. Bank hash, logical initial-condition IDs and final-bank metadata also match.",Paired expert-minus-learner difference and episode-pair bootstrap permitted; separate Wilson binomial intervals,0.105,169,25,4,2
"upright|rate=1.5|seed=[77001]|bank=[""99d0f18b359ec6b1e6719c13e85be185725430242777bd0bac40efd09b2417e9""]|episode_key=initial_condition_id",S151_r1.5,S158_r1.5,upright,act:seed2:epoch1300,ACT,1.5,outputs/iclr_dp_three_task_20260919/raw/final/upright/expert_protocol-1.jsonl,922e653dc7e459643c079536cfc0f79ec61991f4becf5a30c27a13f279b00733,outputs/act_comparability/upright/seed-2/final/act_protocol-descriptive-20260911.jsonl,a5e42ceecde971367cefdc940ba68768830a3b2788082aa8ba423925e6e6f97a,200,200,200,0,[],{},VERIFIED_PAIRED,SAME_RECORDED_EPISODES,N/A_VERIFIED_FOR_FULL_CONDITION,"All episode keys, recorded initial object poses, evaluation seed, jitter, corruption, action noise and physical configuration match. Bank hash, logical initial-condition IDs and final-bank metadata also match.",Paired expert-minus-learner difference and episode-pair bootstrap permitted; separate Wilson binomial intervals,0.08,171,22,6,1
"upright|rate=1.75|seed=[78001]|bank=[""8cb85e15482868092b26c9ee46d971afe82a9df62c35e3b32d79f76066476970""]|episode_key=initial_condition_id",S151_r1.75,S158_r1.75,upright,act:seed2:epoch1300,ACT,1.75,outputs/iclr_dp_three_task_20260919/raw/final/upright/expert_protocol-1.jsonl,922e653dc7e459643c079536cfc0f79ec61991f4becf5a30c27a13f279b00733,outputs/act_comparability/upright/seed-2/final/act_protocol-descriptive-20260911.jsonl,a5e42ceecde971367cefdc940ba68768830a3b2788082aa8ba423925e6e6f97a,200,200,200,0,[],{},VERIFIED_PAIRED,SAME_RECORDED_EPISODES,N/A_VERIFIED_FOR_FULL_CONDITION,"All episode keys, recorded initial object poses, evaluation seed, jitter, corruption, action noise and physical configuration match. Bank hash, logical initial-condition IDs and final-bank metadata also match.",Paired expert-minus-learner difference and episode-pair bootstrap permitted; separate Wilson binomial intervals,0.115,146,38,15,1
"upright|rate=2|seed=[79001]|bank=[""80170a6d88af32eca89839c0391aebb59eb22cf4afce2d0b0b2cc0b7ab8cbe7e""]|episode_key=initial_condition_id",S151_r2,S158_r2,upright,act:seed2:epoch1300,ACT,2,outputs/iclr_dp_three_task_20260919/raw/final/upright/expert_protocol-1.jsonl,922e653dc7e459643c079536cfc0f79ec61991f4becf5a30c27a13f279b00733,outputs/act_comparability/upright/seed-2/final/act_protocol-descriptive-20260911.jsonl,a5e42ceecde971367cefdc940ba68768830a3b2788082aa8ba423925e6e6f97a,200,200,200,0,[],{},VERIFIED_PAIRED,SAME_RECORDED_EPISODES,N/A_VERIFIED_FOR_FULL_CONDITION,"All episode keys, recorded initial object poses, evaluation seed, jitter, corruption, action noise and physical configuration match. Bank hash, logical initial-condition IDs and final-bank metadata also match.",Paired expert-minus-learner difference and episode-pair bootstrap permitted; separate Wilson binomial intervals,0.185,38,67,30,65
"upright|rate=2.5|seed=[80001]|bank=[""431b44e40964e858b4e3ee6c0717c019203c6738a84b5e7f674d218bbe1f5b37""]|episode_key=initial_condition_id",S151_r2.5,S158_r2.5,upright,act:seed2:epoch1300,ACT,2.5,outputs/iclr_dp_three_task_20260919/raw/final/upright/expert_protocol-1.jsonl,922e653dc7e459643c079536cfc0f79ec61991f4becf5a30c27a13f279b00733,outputs/act_comparability/upright/seed-2/final/act_protocol-descriptive-20260911.jsonl,a5e42ceecde971367cefdc940ba68768830a3b2788082aa8ba423925e6e6f97a,200,200,200,0,[],{},VERIFIED_PAIRED,SAME_RECORDED_EPISODES,N/A_VERIFIED_FOR_FULL_CONDITION,"All episode keys, recorded initial object poses, evaluation seed, jitter, corruption, action noise and physical configuration match. Bank hash, logical initial-condition IDs and final-bank metadata also match.",Paired expert-minus-learner difference and episode-pair bootstrap permitted; separate Wilson binomial intervals,0.01,0,2,0,198
"peg|rate=0.5|seed=[73001]|bank=[""5bdd95631544534a6510a49e11da1731724d8e92ee8d8f20bc6f7c53717ce62b""]|episode_key=initial_condition_id",S153_r0.5,S155_r0.5,peg,act:seed0:epoch1400,ACT,0.5,outputs/iclr_dp_three_task_20260919/raw/final/peg/expert_protocol-1.jsonl,b9796915292914e4b50802178a1312d73ccc2f65456001836998197942ca1566,outputs/iclr_dp_three_task_20260919/raw/final/peg/act_protocol-1.jsonl,fda3baafafb259c02ed143d98e8707bd52be525b74c480af5c10023662968427,200,200,200,0,[],{},VERIFIED_PAIRED,SAME_RECORDED_EPISODES,N/A_VERIFIED_FOR_FULL_CONDITION,"All episode keys, recorded initial object poses, evaluation seed, jitter, corruption, action noise and physical configuration match. Bank hash, logical initial-condition IDs and final-bank metadata also match.",Paired expert-minus-learner difference and episode-pair bootstrap permitted; separate Wilson binomial intervals,0.145,162,33,4,1
"peg|rate=0.75|seed=[74001]|bank=[""62c7911bf934c52a8bd330d0ad8073c435c548e96e4353484c413e64e669110e""]|episode_key=initial_condition_id",S153_r0.75,S155_r0.75,peg,act:seed0:epoch1400,ACT,0.75,outputs/iclr_dp_three_task_20260919/raw/final/peg/expert_protocol-1.jsonl,b9796915292914e4b50802178a1312d73ccc2f65456001836998197942ca1566,outputs/iclr_dp_three_task_20260919/raw/final/peg/act_protocol-1.jsonl,fda3baafafb259c02ed143d98e8707bd52be525b74c480af5c10023662968427,200,200,200,0,[],{},VERIFIED_PAIRED,SAME_RECORDED_EPISODES,N/A_VERIFIED_FOR_FULL_CONDITION,"All episode keys, recorded initial object poses, evaluation seed, jitter, corruption, action noise and physical configuration match. Bank hash, logical initial-condition IDs and final-bank metadata also match.",Paired expert-minus-learner difference and episode-pair bootstrap permitted; separate Wilson binomial intervals,0.135,169,29,2,0
"peg|rate=1|seed=[75001]|bank=[""773c5b540cb396bae894da308a3e8345c8a308e7c38d3646a0e0286bb6f77890""]|episode_key=initial_condition_id",S153_r1,S155_r1,peg,act:seed0:epoch1400,ACT,1,outputs/iclr_dp_three_task_20260919/raw/final/peg/expert_protocol-1.jsonl,b9796915292914e4b50802178a1312d73ccc2f65456001836998197942ca1566,outputs/iclr_dp_three_task_20260919/raw/final/peg/act_protocol-1.jsonl,fda3baafafb259c02ed143d98e8707bd52be525b74c480af5c10023662968427,200,200,200,0,[],{},VERIFIED_PAIRED,SAME_RECORDED_EPISODES,N/A_VERIFIED_FOR_FULL_CONDITION,"All episode keys, recorded initial object poses, evaluation seed, jitter, corruption, action noise and physical configuration match. Bank hash, logical initial-condition IDs and final-bank metadata also match.",Paired expert-minus-learner difference and episode-pair bootstrap permitted; separate Wilson binomial intervals,-0.045,174,8,17,1
"peg|rate=1.25|seed=[76001]|bank=[""769c0c5299d8c1965d73974ebc4dc1b9865478ec19f2d5aefa44a1698fcdde73""]|episode_key=initial_condition_id",S153_r1.25,S155_r1.25,peg,act:seed0:epoch1400,ACT,1.25,outputs/iclr_dp_three_task_20260919/raw/final/peg/expert_protocol-1.jsonl,b9796915292914e4b50802178a1312d73ccc2f65456001836998197942ca1566,outputs/iclr_dp_three_task_20260919/raw/final/peg/act_protocol-1.jsonl,fda3baafafb259c02ed143d98e8707bd52be525b74c480af5c10023662968427,200,200,200,0,[],{},VERIFIED_PAIRED,SAME_RECORDED_EPISODES,N/A_VERIFIED_FOR_FULL_CONDITION,"All episode keys, recorded initial object poses, evaluation seed, jitter, corruption, action noise and physical configuration match. Bank hash, logical initial-condition IDs and final-bank metadata also match.",Paired expert-minus-learner difference and episode-pair bootstrap permitted; separate Wilson binomial intervals,0.02,153,23,19,5
"peg|rate=1.5|seed=[77001]|bank=[""99d0f18b359ec6b1e6719c13e85be185725430242777bd0bac40efd09b2417e9""]|episode_key=initial_condition_id",S153_r1.5,S155_r1.5,peg,act:seed0:epoch1400,ACT,1.5,outputs/iclr_dp_three_task_20260919/raw/final/peg/expert_protocol-1.jsonl,b9796915292914e4b50802178a1312d73ccc2f65456001836998197942ca1566,outputs/iclr_dp_three_task_20260919/raw/final/peg/act_protocol-1.jsonl,fda3baafafb259c02ed143d98e8707bd52be525b74c480af5c10023662968427,200,200,200,0,[],{},VERIFIED_PAIRED,SAME_RECORDED_EPISODES,N/A_VERIFIED_FOR_FULL_CONDITION,"All episode keys, recorded initial object poses, evaluation seed, jitter, corruption, action noise and physical configuration match. Bank hash, logical initial-condition IDs and final-bank metadata also match.",Paired expert-minus-learner difference and episode-pair bootstrap permitted; separate Wilson binomial intervals,0.735,3,147,0,50
"peg|rate=1.75|seed=[78001]|bank=[""8cb85e15482868092b26c9ee46d971afe82a9df62c35e3b32d79f76066476970""]|episode_key=initial_condition_id",S153_r1.75,S155_r1.75,peg,act:seed0:epoch1400,ACT,1.75,outputs/iclr_dp_three_task_20260919/raw/final/peg/expert_protocol-1.jsonl,b9796915292914e4b50802178a1312d73ccc2f65456001836998197942ca1566,outputs/iclr_dp_three_task_20260919/raw/final/peg/act_protocol-1.jsonl,fda3baafafb259c02ed143d98e8707bd52be525b74c480af5c10023662968427,200,200,200,0,[],{},VERIFIED_PAIRED,SAME_RECORDED_EPISODES,N/A_VERIFIED_FOR_FULL_CONDITION,"All episode keys, recorded initial object poses, evaluation seed, jitter, corruption, action noise and physical configuration match. Bank hash, logical initial-condition IDs and final-bank metadata also match.",Paired expert-minus-learner difference and episode-pair bootstrap permitted; separate Wilson binomial intervals,0.815,0,163,0,37
"peg|rate=2|seed=[79001]|bank=[""80170a6d88af32eca89839c0391aebb59eb22cf4afce2d0b0b2cc0b7ab8cbe7e""]|episode_key=initial_condition_id",S153_r2,S155_r2,peg,act:seed0:epoch1400,ACT,2,outputs/iclr_dp_three_task_20260919/raw/final/peg/expert_protocol-1.jsonl,b9796915292914e4b50802178a1312d73ccc2f65456001836998197942ca1566,outputs/iclr_dp_three_task_20260919/raw/final/peg/act_protocol-1.jsonl,fda3baafafb259c02ed143d98e8707bd52be525b74c480af5c10023662968427,200,200,200,0,[],{},VERIFIED_PAIRED,SAME_RECORDED_EPISODES,N/A_VERIFIED_FOR_FULL_CONDITION,"All episode keys, recorded initial object poses, evaluation seed, jitter, corruption, action noise and physical configuration match. Bank hash, logical initial-condition IDs and final-bank metadata also match.",Paired expert-minus-learner difference and episode-pair bootstrap permitted; separate Wilson binomial intervals,0.86,0,172,0,28
"peg|rate=2.5|seed=[80001]|bank=[""431b44e40964e858b4e3ee6c0717c019203c6738a84b5e7f674d218bbe1f5b37""]|episode_key=initial_condition_id",S153_r2.5,S155_r2.5,peg,act:seed0:epoch1400,ACT,2.5,outputs/iclr_dp_three_task_20260919/raw/final/peg/expert_protocol-1.jsonl,b9796915292914e4b50802178a1312d73ccc2f65456001836998197942ca1566,outputs/iclr_dp_three_task_20260919/raw/final/peg/act_protocol-1.jsonl,fda3baafafb259c02ed143d98e8707bd52be525b74c480af5c10023662968427,200,200,200,0,[],{},VERIFIED_PAIRED,SAME_RECORDED_EPISODES,N/A_VERIFIED_FOR_FULL_CONDITION,"All episode keys, recorded initial object poses, evaluation seed, jitter, corruption, action noise and physical configuration match. Bank hash, logical initial-condition IDs and final-bank metadata also match.",Paired expert-minus-learner difference and episode-pair bootstrap permitted; separate Wilson binomial intervals,0.87,0,174,0,26
"peg|rate=0.5|seed=[73001]|bank=[""5bdd95631544534a6510a49e11da1731724d8e92ee8d8f20bc6f7c53717ce62b""]|episode_key=initial_condition_id",S154_r0.5,S155_r0.5,peg,dp:seed42:epoch300,Diffusion Policy,0.5,outputs/iclr_dp_three_task_20260919/raw/final/peg/expert_protocol-1.jsonl,b9796915292914e4b50802178a1312d73ccc2f65456001836998197942ca1566,outputs/iclr_dp_three_task_20260919/raw/final/peg/dp_protocol-1.jsonl,b340595f6e70b0a6264f52591386f33bf6789bb136e94ff5ed18f6d0da0e6212,200,200,200,0,[],{},VERIFIED_PAIRED,SAME_RECORDED_EPISODES,N/A_VERIFIED_FOR_FULL_CONDITION,"All episode keys, recorded initial object poses, evaluation seed, jitter, corruption, action noise and physical configuration match. Bank hash, logical initial-condition IDs and final-bank metadata also match.",Paired expert-minus-learner difference and episode-pair bootstrap permitted; separate Wilson binomial intervals,0.51,91,104,2,3
"peg|rate=0.75|seed=[74001]|bank=[""62c7911bf934c52a8bd330d0ad8073c435c548e96e4353484c413e64e669110e""]|episode_key=initial_condition_id",S154_r0.75,S155_r0.75,peg,dp:seed42:epoch300,Diffusion Policy,0.75,outputs/iclr_dp_three_task_20260919/raw/final/peg/expert_protocol-1.jsonl,b9796915292914e4b50802178a1312d73ccc2f65456001836998197942ca1566,outputs/iclr_dp_three_task_20260919/raw/final/peg/dp_protocol-1.jsonl,b340595f6e70b0a6264f52591386f33bf6789bb136e94ff5ed18f6d0da0e6212,200,200,200,0,[],{},VERIFIED_PAIRED,SAME_RECORDED_EPISODES,N/A_VERIFIED_FOR_FULL_CONDITION,"All episode keys, recorded initial object poses, evaluation seed, jitter, corruption, action noise and physical configuration match. Bank hash, logical initial-condition IDs and final-bank metadata also match.",Paired expert-minus-learner difference and episode-pair bootstrap permitted; separate Wilson binomial intervals,0.495,97,101,2,0
"peg|rate=1|seed=[75001]|bank=[""773c5b540cb396bae894da308a3e8345c8a308e7c38d3646a0e0286bb6f77890""]|episode_key=initial_condition_id",S154_r1,S155_r1,peg,dp:seed42:epoch300,Diffusion Policy,1,outputs/iclr_dp_three_task_20260919/raw/final/peg/expert_protocol-1.jsonl,b9796915292914e4b50802178a1312d73ccc2f65456001836998197942ca1566,outputs/iclr_dp_three_task_20260919/raw/final/peg/dp_protocol-1.jsonl,b340595f6e70b0a6264f52591386f33bf6789bb136e94ff5ed18f6d0da0e6212,200,200,200,0,[],{},VERIFIED_PAIRED,SAME_RECORDED_EPISODES,N/A_VERIFIED_FOR_FULL_CONDITION,"All episode keys, recorded initial object poses, evaluation seed, jitter, corruption, action noise and physical configuration match. Bank hash, logical initial-condition IDs and final-bank metadata also match.",Paired expert-minus-learner difference and episode-pair bootstrap permitted; separate Wilson binomial intervals,0.435,86,96,9,9
"peg|rate=1.25|seed=[76001]|bank=[""769c0c5299d8c1965d73974ebc4dc1b9865478ec19f2d5aefa44a1698fcdde73""]|episode_key=initial_condition_id",S154_r1.25,S155_r1.25,peg,dp:seed42:epoch300,Diffusion Policy,1.25,outputs/iclr_dp_three_task_20260919/raw/final/peg/expert_protocol-1.jsonl,b9796915292914e4b50802178a1312d73ccc2f65456001836998197942ca1566,outputs/iclr_dp_three_task_20260919/raw/final/peg/dp_protocol-1.jsonl,b340595f6e70b0a6264f52591386f33bf6789bb136e94ff5ed18f6d0da0e6212,200,200,200,0,[],{},VERIFIED_PAIRED,SAME_RECORDED_EPISODES,N/A_VERIFIED_FOR_FULL_CONDITION,"All episode keys, recorded initial object poses, evaluation seed, jitter, corruption, action noise and physical configuration match. Bank hash, logical initial-condition IDs and final-bank metadata also match.",Paired expert-minus-learner difference and episode-pair bootstrap permitted; separate Wilson binomial intervals,0.28,108,68,12,12
"peg|rate=1.5|seed=[77001]|bank=[""99d0f18b359ec6b1e6719c13e85be185725430242777bd0bac40efd09b2417e9""]|episode_key=initial_condition_id",S154_r1.5,S155_r1.5,peg,dp:seed42:epoch300,Diffusion Policy,1.5,outputs/iclr_dp_three_task_20260919/raw/final/peg/expert_protocol-1.jsonl,b9796915292914e4b50802178a1312d73ccc2f65456001836998197942ca1566,outputs/iclr_dp_three_task_20260919/raw/final/peg/dp_protocol-1.jsonl,b340595f6e70b0a6264f52591386f33bf6789bb136e94ff5ed18f6d0da0e6212,200,200,200,0,[],{},VERIFIED_PAIRED,SAME_RECORDED_EPISODES,N/A_VERIFIED_FOR_FULL_CONDITION,"All episode keys, recorded initial object poses, evaluation seed, jitter, corruption, action noise and physical configuration match. Bank hash, logical initial-condition IDs and final-bank metadata also match.",Paired expert-minus-learner difference and episode-pair bootstrap permitted; separate Wilson binomial intervals,0.625,18,132,7,43
"peg|rate=1.75|seed=[78001]|bank=[""8cb85e15482868092b26c9ee46d971afe82a9df62c35e3b32d79f76066476970""]|episode_key=initial_condition_id",S154_r1.75,S155_r1.75,peg,dp:seed42:epoch300,Diffusion Policy,1.75,outputs/iclr_dp_three_task_20260919/raw/final/peg/expert_protocol-1.jsonl,b9796915292914e4b50802178a1312d73ccc2f65456001836998197942ca1566,outputs/iclr_dp_three_task_20260919/raw/final/peg/dp_protocol-1.jsonl,b340595f6e70b0a6264f52591386f33bf6789bb136e94ff5ed18f6d0da0e6212,200,200,200,0,[],{},VERIFIED_PAIRED,SAME_RECORDED_EPISODES,N/A_VERIFIED_FOR_FULL_CONDITION,"All episode keys, recorded initial object poses, evaluation seed, jitter, corruption, action noise and physical configuration match. Bank hash, logical initial-condition IDs and final-bank metadata also match.",Paired expert-minus-learner difference and episode-pair bootstrap permitted; separate Wilson binomial intervals,0.815,0,163,0,37
"peg|rate=2|seed=[79001]|bank=[""80170a6d88af32eca89839c0391aebb59eb22cf4afce2d0b0b2cc0b7ab8cbe7e""]|episode_key=initial_condition_id",S154_r2,S155_r2,peg,dp:seed42:epoch300,Diffusion Policy,2,outputs/iclr_dp_three_task_20260919/raw/final/peg/expert_protocol-1.jsonl,b9796915292914e4b50802178a1312d73ccc2f65456001836998197942ca1566,outputs/iclr_dp_three_task_20260919/raw/final/peg/dp_protocol-1.jsonl,b340595f6e70b0a6264f52591386f33bf6789bb136e94ff5ed18f6d0da0e6212,200,200,200,0,[],{},VERIFIED_PAIRED,SAME_RECORDED_EPISODES,N/A_VERIFIED_FOR_FULL_CONDITION,"All episode keys, recorded initial object poses, evaluation seed, jitter, corruption, action noise and physical configuration match. Bank hash, logical initial-condition IDs and final-bank metadata also match.",Paired expert-minus-learner difference and episode-pair bootstrap permitted; separate Wilson binomial intervals,0.86,0,172,0,28
"peg|rate=2.5|seed=[80001]|bank=[""431b44e40964e858b4e3ee6c0717c019203c6738a84b5e7f674d218bbe1f5b37""]|episode_key=initial_condition_id",S154_r2.5,S155_r2.5,peg,dp:seed42:epoch300,Diffusion Policy,2.5,outputs/iclr_dp_three_task_20260919/raw/final/peg/expert_protocol-1.jsonl,b9796915292914e4b50802178a1312d73ccc2f65456001836998197942ca1566,outputs/iclr_dp_three_task_20260919/raw/final/peg/dp_protocol-1.jsonl,b340595f6e70b0a6264f52591386f33bf6789bb136e94ff5ed18f6d0da0e6212,200,200,200,0,[],{},VERIFIED_PAIRED,SAME_RECORDED_EPISODES,N/A_VERIFIED_FOR_FULL_CONDITION,"All episode keys, recorded initial object poses, evaluation seed, jitter, corruption, action noise and physical configuration match. Bank hash, logical initial-condition IDs and final-bank metadata also match.",Paired expert-minus-learner difference and episode-pair bootstrap permitted; separate Wilson binomial intervals,0.87,0,174,0,26
"upright|rate=0.5|seed=[73001]|bank=[""5bdd95631544534a6510a49e11da1731724d8e92ee8d8f20bc6f7c53717ce62b""]|episode_key=initial_condition_id",S156_r0.5,S158_r0.5,upright,act:seed0:epoch2000,ACT,0.5,outputs/iclr_dp_three_task_20260919/raw/final/upright/expert_protocol-1.jsonl,922e653dc7e459643c079536cfc0f79ec61991f4becf5a30c27a13f279b00733,outputs/iclr_dp_three_task_20260919/raw/final/upright/act_protocol-1.jsonl,4d6c3fc672731156fab2545f25003e88cedd3744f6f648250cf09955f3839a38,200,200,200,0,[],{},VERIFIED_PAIRED,SAME_RECORDED_EPISODES,N/A_VERIFIED_FOR_FULL_CONDITION,"All episode keys, recorded initial object poses, evaluation seed, jitter, corruption, action noise and physical configuration match. Bank hash, logical initial-condition IDs and final-bank metadata also match.",Paired expert-minus-learner difference and episode-pair bootstrap permitted; separate Wilson binomial intervals,0.105,140,36,15,9
"upright|rate=0.75|seed=[74001]|bank=[""62c7911bf934c52a8bd330d0ad8073c435c548e96e4353484c413e64e669110e""]|episode_key=initial_condition_id",S156_r0.75,S158_r0.75,upright,act:seed0:epoch2000,ACT,0.75,outputs/iclr_dp_three_task_20260919/raw/final/upright/expert_protocol-1.jsonl,922e653dc7e459643c079536cfc0f79ec61991f4becf5a30c27a13f279b00733,outputs/iclr_dp_three_task_20260919/raw/final/upright/act_protocol-1.jsonl,4d6c3fc672731156fab2545f25003e88cedd3744f6f648250cf09955f3839a38,200,200,200,0,[],{},VERIFIED_PAIRED,SAME_RECORDED_EPISODES,N/A_VERIFIED_FOR_FULL_CONDITION,"All episode keys, recorded initial object poses, evaluation seed, jitter, corruption, action noise and physical configuration match. Bank hash, logical initial-condition IDs and final-bank metadata also match.",Paired expert-minus-learner difference and episode-pair bootstrap permitted; separate Wilson binomial intervals,0.045,173,18,9,0
"upright|rate=1|seed=[75001]|bank=[""773c5b540cb396bae894da308a3e8345c8a308e7c38d3646a0e0286bb6f77890""]|episode_key=initial_condition_id",S156_r1,S158_r1,upright,act:seed0:epoch2000,ACT,1,outputs/iclr_dp_three_task_20260919/raw/final/upright/expert_protocol-1.jsonl,922e653dc7e459643c079536cfc0f79ec61991f4becf5a30c27a13f279b00733,outputs/iclr_dp_three_task_20260919/raw/final/upright/act_protocol-1.jsonl,4d6c3fc672731156fab2545f25003e88cedd3744f6f648250cf09955f3839a38,200,200,200,0,[],{},VERIFIED_PAIRED,SAME_RECORDED_EPISODES,N/A_VERIFIED_FOR_FULL_CONDITION,"All episode keys, recorded initial object poses, evaluation seed, jitter, corruption, action noise and physical configuration match. Bank hash, logical initial-condition IDs and final-bank metadata also match.",Paired expert-minus-learner difference and episode-pair bootstrap permitted; separate Wilson binomial intervals,-0.045,179,6,15,0
"upright|rate=1.25|seed=[76001]|bank=[""769c0c5299d8c1965d73974ebc4dc1b9865478ec19f2d5aefa44a1698fcdde73""]|episode_key=initial_condition_id",S156_r1.25,S158_r1.25,upright,act:seed0:epoch2000,ACT,1.25,outputs/iclr_dp_three_task_20260919/raw/final/upright/expert_protocol-1.jsonl,922e653dc7e459643c079536cfc0f79ec61991f4becf5a30c27a13f279b00733,outputs/iclr_dp_three_task_20260919/raw/final/upright/act_protocol-1.jsonl,4d6c3fc672731156fab2545f25003e88cedd3744f6f648250cf09955f3839a38,200,200,200,0,[],{},VERIFIED_PAIRED,SAME_RECORDED_EPISODES,N/A_VERIFIED_FOR_FULL_CONDITION,"All episode keys, recorded initial object poses, evaluation seed, jitter, corruption, action noise and physical configuration match. Bank hash, logical initial-condition IDs and final-bank metadata also match.",Paired expert-minus-learner difference and episode-pair bootstrap permitted; separate Wilson binomial intervals,-0.025,193,1,6,0
"upright|rate=1.5|seed=[77001]|bank=[""99d0f18b359ec6b1e6719c13e85be185725430242777bd0bac40efd09b2417e9""]|episode_key=initial_condition_id",S156_r1.5,S158_r1.5,upright,act:seed0:epoch2000,ACT,1.5,outputs/iclr_dp_three_task_20260919/raw/final/upright/expert_protocol-1.jsonl,922e653dc7e459643c079536cfc0f79ec61991f4becf5a30c27a13f279b00733,outputs/iclr_dp_three_task_20260919/raw/final/upright/act_protocol-1.jsonl,4d6c3fc672731156fab2545f25003e88cedd3744f6f648250cf09955f3839a38,200,200,200,0,[],{},VERIFIED_PAIRED,SAME_RECORDED_EPISODES,N/A_VERIFIED_FOR_FULL_CONDITION,"All episode keys, recorded initial object poses, evaluation seed, jitter, corruption, action noise and physical configuration match. Bank hash, logical initial-condition IDs and final-bank metadata also match.",Paired expert-minus-learner difference and episode-pair bootstrap permitted; separate Wilson binomial intervals,-0.025,191,2,7,0
"upright|rate=1.75|seed=[78001]|bank=[""8cb85e15482868092b26c9ee46d971afe82a9df62c35e3b32d79f76066476970""]|episode_key=initial_condition_id",S156_r1.75,S158_r1.75,upright,act:seed0:epoch2000,ACT,1.75,outputs/iclr_dp_three_task_20260919/raw/final/upright/expert_protocol-1.jsonl,922e653dc7e459643c079536cfc0f79ec61991f4becf5a30c27a13f279b00733,outputs/iclr_dp_three_task_20260919/raw/final/upright/act_protocol-1.jsonl,4d6c3fc672731156fab2545f25003e88cedd3744f6f648250cf09955f3839a38,200,200,200,0,[],{},VERIFIED_PAIRED,SAME_RECORDED_EPISODES,N/A_VERIFIED_FOR_FULL_CONDITION,"All episode keys, recorded initial object poses, evaluation seed, jitter, corruption, action noise and physical configuration match. Bank hash, logical initial-condition IDs and final-bank metadata also match.",Paired expert-minus-learner difference and episode-pair bootstrap permitted; separate Wilson binomial intervals,-0.05,178,6,16,0
"upright|rate=2|seed=[79001]|bank=[""80170a6d88af32eca89839c0391aebb59eb22cf4afce2d0b0b2cc0b7ab8cbe7e""]|episode_key=initial_condition_id",S156_r2,S158_r2,upright,act:seed0:epoch2000,ACT,2,outputs/iclr_dp_three_task_20260919/raw/final/upright/expert_protocol-1.jsonl,922e653dc7e459643c079536cfc0f79ec61991f4becf5a30c27a13f279b00733,outputs/iclr_dp_three_task_20260919/raw/final/upright/act_protocol-1.jsonl,4d6c3fc672731156fab2545f25003e88cedd3744f6f648250cf09955f3839a38,200,200,200,0,[],{},VERIFIED_PAIRED,SAME_RECORDED_EPISODES,N/A_VERIFIED_FOR_FULL_CONDITION,"All episode keys, recorded initial object poses, evaluation seed, jitter, corruption, action noise and physical configuration match. Bank hash, logical initial-condition IDs and final-bank metadata also match.",Paired expert-minus-learner difference and episode-pair bootstrap permitted; separate Wilson binomial intervals,0.405,12,93,12,83
"upright|rate=2.5|seed=[80001]|bank=[""431b44e40964e858b4e3ee6c0717c019203c6738a84b5e7f674d218bbe1f5b37""]|episode_key=initial_condition_id",S156_r2.5,S158_r2.5,upright,act:seed0:epoch2000,ACT,2.5,outputs/iclr_dp_three_task_20260919/raw/final/upright/expert_protocol-1.jsonl,922e653dc7e459643c079536cfc0f79ec61991f4becf5a30c27a13f279b00733,outputs/iclr_dp_three_task_20260919/raw/final/upright/act_protocol-1.jsonl,4d6c3fc672731156fab2545f25003e88cedd3744f6f648250cf09955f3839a38,200,200,200,0,[],{},VERIFIED_PAIRED,SAME_RECORDED_EPISODES,N/A_VERIFIED_FOR_FULL_CONDITION,"All episode keys, recorded initial object poses, evaluation seed, jitter, corruption, action noise and physical configuration match. Bank hash, logical initial-condition IDs and final-bank metadata also match.",Paired expert-minus-learner difference and episode-pair bootstrap permitted; separate Wilson binomial intervals,0.01,0,2,0,198
"upright|rate=0.5|seed=[73001]|bank=[""5bdd95631544534a6510a49e11da1731724d8e92ee8d8f20bc6f7c53717ce62b""]|episode_key=initial_condition_id",S157_r0.5,S158_r0.5,upright,dp:seed42:epoch300,Diffusion Policy,0.5,outputs/iclr_dp_three_task_20260919/raw/final/upright/expert_protocol-1.jsonl,922e653dc7e459643c079536cfc0f79ec61991f4becf5a30c27a13f279b00733,outputs/iclr_dp_three_task_20260919/raw/final/upright/dp_protocol-1.jsonl,20e670302d7b372e6faec238ad4d0abbb56767fea5eb4c9882a57727504b5fc2,200,200,200,0,[],{},VERIFIED_PAIRED,SAME_RECORDED_EPISODES,N/A_VERIFIED_FOR_FULL_CONDITION,"All episode keys, recorded initial object poses, evaluation seed, jitter, corruption, action noise and physical configuration match. Bank hash, logical initial-condition IDs and final-bank metadata also match.",Paired expert-minus-learner difference and episode-pair bootstrap permitted; separate Wilson binomial intervals,0.105,139,37,16,8
"upright|rate=0.75|seed=[74001]|bank=[""62c7911bf934c52a8bd330d0ad8073c435c548e96e4353484c413e64e669110e""]|episode_key=initial_condition_id",S157_r0.75,S158_r0.75,upright,dp:seed42:epoch300,Diffusion Policy,0.75,outputs/iclr_dp_three_task_20260919/raw/final/upright/expert_protocol-1.jsonl,922e653dc7e459643c079536cfc0f79ec61991f4becf5a30c27a13f279b00733,outputs/iclr_dp_three_task_20260919/raw/final/upright/dp_protocol-1.jsonl,20e670302d7b372e6faec238ad4d0abbb56767fea5eb4c9882a57727504b5fc2,200,200,200,0,[],{},VERIFIED_PAIRED,SAME_RECORDED_EPISODES,N/A_VERIFIED_FOR_FULL_CONDITION,"All episode keys, recorded initial object poses, evaluation seed, jitter, corruption, action noise and physical configuration match. Bank hash, logical initial-condition IDs and final-bank metadata also match.",Paired expert-minus-learner difference and episode-pair bootstrap permitted; separate Wilson binomial intervals,0.205,142,49,8,1
"upright|rate=1|seed=[75001]|bank=[""773c5b540cb396bae894da308a3e8345c8a308e7c38d3646a0e0286bb6f77890""]|episode_key=initial_condition_id",S157_r1,S158_r1,upright,dp:seed42:epoch300,Diffusion Policy,1,outputs/iclr_dp_three_task_20260919/raw/final/upright/expert_protocol-1.jsonl,922e653dc7e459643c079536cfc0f79ec61991f4becf5a30c27a13f279b00733,outputs/iclr_dp_three_task_20260919/raw/final/upright/dp_protocol-1.jsonl,20e670302d7b372e6faec238ad4d0abbb56767fea5eb4c9882a57727504b5fc2,200,200,200,0,[],{},VERIFIED_PAIRED,SAME_RECORDED_EPISODES,N/A_VERIFIED_FOR_FULL_CONDITION,"All episode keys, recorded initial object poses, evaluation seed, jitter, corruption, action noise and physical configuration match. Bank hash, logical initial-condition IDs and final-bank metadata also match.",Paired expert-minus-learner difference and episode-pair bootstrap permitted; separate Wilson binomial intervals,0.02,168,17,13,2
"upright|rate=1.25|seed=[76001]|bank=[""769c0c5299d8c1965d73974ebc4dc1b9865478ec19f2d5aefa44a1698fcdde73""]|episode_key=initial_condition_id",S157_r1.25,S158_r1.25,upright,dp:seed42:epoch300,Diffusion Policy,1.25,outputs/iclr_dp_three_task_20260919/raw/final/upright/expert_protocol-1.jsonl,922e653dc7e459643c079536cfc0f79ec61991f4becf5a30c27a13f279b00733,outputs/iclr_dp_three_task_20260919/raw/final/upright/dp_protocol-1.jsonl,20e670302d7b372e6faec238ad4d0abbb56767fea5eb4c9882a57727504b5fc2,200,200,200,0,[],{},VERIFIED_PAIRED,SAME_RECORDED_EPISODES,N/A_VERIFIED_FOR_FULL_CONDITION,"All episode keys, recorded initial object poses, evaluation seed, jitter, corruption, action noise and physical configuration match. Bank hash, logical initial-condition IDs and final-bank metadata also match.",Paired expert-minus-learner difference and episode-pair bootstrap permitted; separate Wilson binomial intervals,0.1,169,25,5,1
"upright|rate=1.5|seed=[77001]|bank=[""99d0f18b359ec6b1e6719c13e85be185725430242777bd0bac40efd09b2417e9""]|episode_key=initial_condition_id",S157_r1.5,S158_r1.5,upright,dp:seed42:epoch300,Diffusion Policy,1.5,outputs/iclr_dp_three_task_20260919/raw/final/upright/expert_protocol-1.jsonl,922e653dc7e459643c079536cfc0f79ec61991f4becf5a30c27a13f279b00733,outputs/iclr_dp_three_task_20260919/raw/final/upright/dp_protocol-1.jsonl,20e670302d7b372e6faec238ad4d0abbb56767fea5eb4c9882a57727504b5fc2,200,200,200,0,[],{},VERIFIED_PAIRED,SAME_RECORDED_EPISODES,N/A_VERIFIED_FOR_FULL_CONDITION,"All episode keys, recorded initial object poses, evaluation seed, jitter, corruption, action noise and physical configuration match. Bank hash, logical initial-condition IDs and final-bank metadata also match.",Paired expert-minus-learner difference and episode-pair bootstrap permitted; separate Wilson binomial intervals,0.065,174,19,6,1
"upright|rate=1.75|seed=[78001]|bank=[""8cb85e15482868092b26c9ee46d971afe82a9df62c35e3b32d79f76066476970""]|episode_key=initial_condition_id",S157_r1.75,S158_r1.75,upright,dp:seed42:epoch300,Diffusion Policy,1.75,outputs/iclr_dp_three_task_20260919/raw/final/upright/expert_protocol-1.jsonl,922e653dc7e459643c079536cfc0f79ec61991f4becf5a30c27a13f279b00733,outputs/iclr_dp_three_task_20260919/raw/final/upright/dp_protocol-1.jsonl,20e670302d7b372e6faec238ad4d0abbb56767fea5eb4c9882a57727504b5fc2,200,200,200,0,[],{},VERIFIED_PAIRED,SAME_RECORDED_EPISODES,N/A_VERIFIED_FOR_FULL_CONDITION,"All episode keys, recorded initial object poses, evaluation seed, jitter, corruption, action noise and physical configuration match. Bank hash, logical initial-condition IDs and final-bank metadata also match.",Paired expert-minus-learner difference and episode-pair bootstrap permitted; separate Wilson binomial intervals,0.06,157,27,15,1
"upright|rate=2|seed=[79001]|bank=[""80170a6d88af32eca89839c0391aebb59eb22cf4afce2d0b0b2cc0b7ab8cbe7e""]|episode_key=initial_condition_id",S157_r2,S158_r2,upright,dp:seed42:epoch300,Diffusion Policy,2,outputs/iclr_dp_three_task_20260919/raw/final/upright/expert_protocol-1.jsonl,922e653dc7e459643c079536cfc0f79ec61991f4becf5a30c27a13f279b00733,outputs/iclr_dp_three_task_20260919/raw/final/upright/dp_protocol-1.jsonl,20e670302d7b372e6faec238ad4d0abbb56767fea5eb4c9882a57727504b5fc2,200,200,200,0,[],{},VERIFIED_PAIRED,SAME_RECORDED_EPISODES,N/A_VERIFIED_FOR_FULL_CONDITION,"All episode keys, recorded initial object poses, evaluation seed, jitter, corruption, action noise and physical configuration match. Bank hash, logical initial-condition IDs and final-bank metadata also match.",Paired expert-minus-learner difference and episode-pair bootstrap permitted; separate Wilson binomial intervals,0.24,31,74,26,69
"upright|rate=2.5|seed=[80001]|bank=[""431b44e40964e858b4e3ee6c0717c019203c6738a84b5e7f674d218bbe1f5b37""]|episode_key=initial_condition_id",S157_r2.5,S158_r2.5,upright,dp:seed42:epoch300,Diffusion Policy,2.5,outputs/iclr_dp_three_task_20260919/raw/final/upright/expert_protocol-1.jsonl,922e653dc7e459643c079536cfc0f79ec61991f4becf5a30c27a13f279b00733,outputs/iclr_dp_three_task_20260919/raw/final/upright/dp_protocol-1.jsonl,20e670302d7b372e6faec238ad4d0abbb56767fea5eb4c9882a57727504b5fc2,200,200,200,0,[],{},VERIFIED_PAIRED,SAME_RECORDED_EPISODES,N/A_VERIFIED_FOR_FULL_CONDITION,"All episode keys, recorded initial object poses, evaluation seed, jitter, corruption, action noise and physical configuration match. Bank hash, logical initial-condition IDs and final-bank metadata also match.",Paired expert-minus-learner difference and episode-pair bootstrap permitted; separate Wilson binomial intervals,0,0,2,2,196
"peg|rate=0.5|seed=[73001]|bank=[""5bdd95631544534a6510a49e11da1731724d8e92ee8d8f20bc6f7c53717ce62b""]|episode_key=initial_condition_id",S161_r0.5,S155_r0.5,peg,dagger:final_round4,DAgger,0.5,outputs/iclr_dp_three_task_20260919/raw/final/peg/expert_protocol-1.jsonl,b9796915292914e4b50802178a1312d73ccc2f65456001836998197942ca1566,outputs/iclr_dagger_three_task/final/peg/dagger_protocol-1.jsonl,e64d7011b60a5b2246d0afabc5dbbf7f5f3339ac88b88b134d712fa0163ae210,200,200,200,0,[],{},VERIFIED_PAIRED,SAME_RECORDED_EPISODES,N/A_VERIFIED_FOR_FULL_CONDITION,"All episode keys, recorded initial object poses, evaluation seed, jitter, corruption, action noise and physical configuration match. Bank hash, logical initial-condition IDs and final-bank metadata also match.","Paired expert-minus-learner difference and episode-pair bootstrap permitted; separate Wilson binomial intervals; nominal failure characterization only, no execution-speed degradation claim",0.975,0,195,0,5
"peg|rate=0.75|seed=[74001]|bank=[""62c7911bf934c52a8bd330d0ad8073c435c548e96e4353484c413e64e669110e""]|episode_key=initial_condition_id",S161_r0.75,S155_r0.75,peg,dagger:final_round4,DAgger,0.75,outputs/iclr_dp_three_task_20260919/raw/final/peg/expert_protocol-1.jsonl,b9796915292914e4b50802178a1312d73ccc2f65456001836998197942ca1566,outputs/iclr_dagger_three_task/final/peg/dagger_protocol-1.jsonl,e64d7011b60a5b2246d0afabc5dbbf7f5f3339ac88b88b134d712fa0163ae210,200,200,200,0,[],{},VERIFIED_PAIRED,SAME_RECORDED_EPISODES,N/A_VERIFIED_FOR_FULL_CONDITION,"All episode keys, recorded initial object poses, evaluation seed, jitter, corruption, action noise and physical configuration match. Bank hash, logical initial-condition IDs and final-bank metadata also match.","Paired expert-minus-learner difference and episode-pair bootstrap permitted; separate Wilson binomial intervals; nominal failure characterization only, no execution-speed degradation claim",0.99,0,198,0,2
"peg|rate=1|seed=[75001]|bank=[""773c5b540cb396bae894da308a3e8345c8a308e7c38d3646a0e0286bb6f77890""]|episode_key=initial_condition_id",S161_r1,S155_r1,peg,dagger:final_round4,DAgger,1,outputs/iclr_dp_three_task_20260919/raw/final/peg/expert_protocol-1.jsonl,b9796915292914e4b50802178a1312d73ccc2f65456001836998197942ca1566,outputs/iclr_dagger_three_task/final/peg/dagger_protocol-1.jsonl,e64d7011b60a5b2246d0afabc5dbbf7f5f3339ac88b88b134d712fa0163ae210,200,200,200,0,[],{},VERIFIED_PAIRED,SAME_RECORDED_EPISODES,N/A_VERIFIED_FOR_FULL_CONDITION,"All episode keys, recorded initial object poses, evaluation seed, jitter, corruption, action noise and physical configuration match. Bank hash, logical initial-condition IDs and final-bank metadata also match.","Paired expert-minus-learner difference and episode-pair bootstrap permitted; separate Wilson binomial intervals; nominal failure characterization only, no execution-speed degradation claim",0.91,0,182,0,18
"peg|rate=1.25|seed=[76001]|bank=[""769c0c5299d8c1965d73974ebc4dc1b9865478ec19f2d5aefa44a1698fcdde73""]|episode_key=initial_condition_id",S161_r1.25,S155_r1.25,peg,dagger:final_round4,DAgger,1.25,outputs/iclr_dp_three_task_20260919/raw/final/peg/expert_protocol-1.jsonl,b9796915292914e4b50802178a1312d73ccc2f65456001836998197942ca1566,outputs/iclr_dagger_three_task/final/peg/dagger_protocol-1.jsonl,e64d7011b60a5b2246d0afabc5dbbf7f5f3339ac88b88b134d712fa0163ae210,200,200,200,0,[],{},VERIFIED_PAIRED,SAME_RECORDED_EPISODES,N/A_VERIFIED_FOR_FULL_CONDITION,"All episode keys, recorded initial object poses, evaluation seed, jitter, corruption, action noise and physical configuration match. Bank hash, logical initial-condition IDs and final-bank metadata also match.","Paired expert-minus-learner difference and episode-pair bootstrap permitted; separate Wilson binomial intervals; nominal failure characterization only, no execution-speed degradation claim",0.875,1,175,0,24
"peg|rate=1.5|seed=[77001]|bank=[""99d0f18b359ec6b1e6719c13e85be185725430242777bd0bac40efd09b2417e9""]|episode_key=initial_condition_id",S161_r1.5,S155_r1.5,peg,dagger:final_round4,DAgger,1.5,outputs/iclr_dp_three_task_20260919/raw/final/peg/expert_protocol-1.jsonl,b9796915292914e4b50802178a1312d73ccc2f65456001836998197942ca1566,outputs/iclr_dagger_three_task/final/peg/dagger_protocol-1.jsonl,e64d7011b60a5b2246d0afabc5dbbf7f5f3339ac88b88b134d712fa0163ae210,200,200,200,0,[],{},VERIFIED_PAIRED,SAME_RECORDED_EPISODES,N/A_VERIFIED_FOR_FULL_CONDITION,"All episode keys, recorded initial object poses, evaluation seed, jitter, corruption, action noise and physical configuration match. Bank hash, logical initial-condition IDs and final-bank metadata also match.","Paired expert-minus-learner difference and episode-pair bootstrap permitted; separate Wilson binomial intervals; nominal failure characterization only, no execution-speed degradation claim",0.75,0,150,0,50
"peg|rate=1.75|seed=[78001]|bank=[""8cb85e15482868092b26c9ee46d971afe82a9df62c35e3b32d79f76066476970""]|episode_key=initial_condition_id",S161_r1.75,S155_r1.75,peg,dagger:final_round4,DAgger,1.75,outputs/iclr_dp_three_task_20260919/raw/final/peg/expert_protocol-1.jsonl,b9796915292914e4b50802178a1312d73ccc2f65456001836998197942ca1566,outputs/iclr_dagger_three_task/final/peg/dagger_protocol-1.jsonl,e64d7011b60a5b2246d0afabc5dbbf7f5f3339ac88b88b134d712fa0163ae210,200,200,200,0,[],{},VERIFIED_PAIRED,SAME_RECORDED_EPISODES,N/A_VERIFIED_FOR_FULL_CONDITION,"All episode keys, recorded initial object poses, evaluation seed, jitter, corruption, action noise and physical configuration match. Bank hash, logical initial-condition IDs and final-bank metadata also match.","Paired expert-minus-learner difference and episode-pair bootstrap permitted; separate Wilson binomial intervals; nominal failure characterization only, no execution-speed degradation claim",0.815,0,163,0,37
"peg|rate=2|seed=[79001]|bank=[""80170a6d88af32eca89839c0391aebb59eb22cf4afce2d0b0b2cc0b7ab8cbe7e""]|episode_key=initial_condition_id",S161_r2,S155_r2,peg,dagger:final_round4,DAgger,2,outputs/iclr_dp_three_task_20260919/raw/final/peg/expert_protocol-1.jsonl,b9796915292914e4b50802178a1312d73ccc2f65456001836998197942ca1566,outputs/iclr_dagger_three_task/final/peg/dagger_protocol-1.jsonl,e64d7011b60a5b2246d0afabc5dbbf7f5f3339ac88b88b134d712fa0163ae210,200,200,200,0,[],{},VERIFIED_PAIRED,SAME_RECORDED_EPISODES,N/A_VERIFIED_FOR_FULL_CONDITION,"All episode keys, recorded initial object poses, evaluation seed, jitter, corruption, action noise and physical configuration match. Bank hash, logical initial-condition IDs and final-bank metadata also match.","Paired expert-minus-learner difference and episode-pair bootstrap permitted; separate Wilson binomial intervals; nominal failure characterization only, no execution-speed degradation claim",0.86,0,172,0,28
"peg|rate=2.5|seed=[80001]|bank=[""431b44e40964e858b4e3ee6c0717c019203c6738a84b5e7f674d218bbe1f5b37""]|episode_key=initial_condition_id",S161_r2.5,S155_r2.5,peg,dagger:final_round4,DAgger,2.5,outputs/iclr_dp_three_task_20260919/raw/final/peg/expert_protocol-1.jsonl,b9796915292914e4b50802178a1312d73ccc2f65456001836998197942ca1566,outputs/iclr_dagger_three_task/final/peg/dagger_protocol-1.jsonl,e64d7011b60a5b2246d0afabc5dbbf7f5f3339ac88b88b134d712fa0163ae210,200,200,200,0,[],{},VERIFIED_PAIRED,SAME_RECORDED_EPISODES,N/A_VERIFIED_FOR_FULL_CONDITION,"All episode keys, recorded initial object poses, evaluation seed, jitter, corruption, action noise and physical configuration match. Bank hash, logical initial-condition IDs and final-bank metadata also match.","Paired expert-minus-learner difference and episode-pair bootstrap permitted; separate Wilson binomial intervals; nominal failure characterization only, no execution-speed degradation claim",0.87,0,174,0,26
"upright|rate=0.5|seed=[73001]|bank=[""5bdd95631544534a6510a49e11da1731724d8e92ee8d8f20bc6f7c53717ce62b""]|episode_key=initial_condition_id",S162_r0.5,S158_r0.5,upright,dagger:final_round4,DAgger,0.5,outputs/iclr_dp_three_task_20260919/raw/final/upright/expert_protocol-1.jsonl,922e653dc7e459643c079536cfc0f79ec61991f4becf5a30c27a13f279b00733,outputs/iclr_dagger_three_task/final/upright/dagger_protocol-1.jsonl,a57fbd6e42520a5285f1ba579e6667eeb259d83010c63d78706096ac5e780f4b,200,200,200,0,[],{},VERIFIED_PAIRED,SAME_RECORDED_EPISODES,N/A_VERIFIED_FOR_FULL_CONDITION,"All episode keys, recorded initial object poses, evaluation seed, jitter, corruption, action noise and physical configuration match. Bank hash, logical initial-condition IDs and final-bank metadata also match.","Paired expert-minus-learner difference and episode-pair bootstrap permitted; separate Wilson binomial intervals; nominal failure characterization only, no execution-speed degradation claim",0.875,1,175,0,24
"upright|rate=0.75|seed=[74001]|bank=[""62c7911bf934c52a8bd330d0ad8073c435c548e96e4353484c413e64e669110e""]|episode_key=initial_condition_id",S162_r0.75,S158_r0.75,upright,dagger:final_round4,DAgger,0.75,outputs/iclr_dp_three_task_20260919/raw/final/upright/expert_protocol-1.jsonl,922e653dc7e459643c079536cfc0f79ec61991f4becf5a30c27a13f279b00733,outputs/iclr_dagger_three_task/final/upright/dagger_protocol-1.jsonl,a57fbd6e42520a5285f1ba579e6667eeb259d83010c63d78706096ac5e780f4b,200,200,200,0,[],{},VERIFIED_PAIRED,SAME_RECORDED_EPISODES,N/A_VERIFIED_FOR_FULL_CONDITION,"All episode keys, recorded initial object poses, evaluation seed, jitter, corruption, action noise and physical configuration match. Bank hash, logical initial-condition IDs and final-bank metadata also match.","Paired expert-minus-learner difference and episode-pair bootstrap permitted; separate Wilson binomial intervals; nominal failure characterization only, no execution-speed degradation claim",0.955,0,191,0,9
"upright|rate=1|seed=[75001]|bank=[""773c5b540cb396bae894da308a3e8345c8a308e7c38d3646a0e0286bb6f77890""]|episode_key=initial_condition_id",S162_r1,S158_r1,upright,dagger:final_round4,DAgger,1,outputs/iclr_dp_three_task_20260919/raw/final/upright/expert_protocol-1.jsonl,922e653dc7e459643c079536cfc0f79ec61991f4becf5a30c27a13f279b00733,outputs/iclr_dagger_three_task/final/upright/dagger_protocol-1.jsonl,a57fbd6e42520a5285f1ba579e6667eeb259d83010c63d78706096ac5e780f4b,200,200,200,0,[],{},VERIFIED_PAIRED,SAME_RECORDED_EPISODES,N/A_VERIFIED_FOR_FULL_CONDITION,"All episode keys, recorded initial object poses, evaluation seed, jitter, corruption, action noise and physical configuration match. Bank hash, logical initial-condition IDs and final-bank metadata also match.","Paired expert-minus-learner difference and episode-pair bootstrap permitted; separate Wilson binomial intervals; nominal failure characterization only, no execution-speed degradation claim",0.92,1,184,0,15
"upright|rate=1.25|seed=[76001]|bank=[""769c0c5299d8c1965d73974ebc4dc1b9865478ec19f2d5aefa44a1698fcdde73""]|episode_key=initial_condition_id",S162_r1.25,S158_r1.25,upright,dagger:final_round4,DAgger,1.25,outputs/iclr_dp_three_task_20260919/raw/final/upright/expert_protocol-1.jsonl,922e653dc7e459643c079536cfc0f79ec61991f4becf5a30c27a13f279b00733,outputs/iclr_dagger_three_task/final/upright/dagger_protocol-1.jsonl,a57fbd6e42520a5285f1ba579e6667eeb259d83010c63d78706096ac5e780f4b,200,200,200,0,[],{},VERIFIED_PAIRED,SAME_RECORDED_EPISODES,N/A_VERIFIED_FOR_FULL_CONDITION,"All episode keys, recorded initial object poses, evaluation seed, jitter, corruption, action noise and physical configuration match. Bank hash, logical initial-condition IDs and final-bank metadata also match.","Paired expert-minus-learner difference and episode-pair bootstrap permitted; separate Wilson binomial intervals; nominal failure characterization only, no execution-speed degradation claim",0.97,0,194,0,6
"upright|rate=1.5|seed=[77001]|bank=[""99d0f18b359ec6b1e6719c13e85be185725430242777bd0bac40efd09b2417e9""]|episode_key=initial_condition_id",S162_r1.5,S158_r1.5,upright,dagger:final_round4,DAgger,1.5,outputs/iclr_dp_three_task_20260919/raw/final/upright/expert_protocol-1.jsonl,922e653dc7e459643c079536cfc0f79ec61991f4becf5a30c27a13f279b00733,outputs/iclr_dagger_three_task/final/upright/dagger_protocol-1.jsonl,a57fbd6e42520a5285f1ba579e6667eeb259d83010c63d78706096ac5e780f4b,200,200,200,0,[],{},VERIFIED_PAIRED,SAME_RECORDED_EPISODES,N/A_VERIFIED_FOR_FULL_CONDITION,"All episode keys, recorded initial object poses, evaluation seed, jitter, corruption, action noise and physical configuration match. Bank hash, logical initial-condition IDs and final-bank metadata also match.","Paired expert-minus-learner difference and episode-pair bootstrap permitted; separate Wilson binomial intervals; nominal failure characterization only, no execution-speed degradation claim",0.96,1,192,0,7
"upright|rate=1.75|seed=[78001]|bank=[""8cb85e15482868092b26c9ee46d971afe82a9df62c35e3b32d79f76066476970""]|episode_key=initial_condition_id",S162_r1.75,S158_r1.75,upright,dagger:final_round4,DAgger,1.75,outputs/iclr_dp_three_task_20260919/raw/final/upright/expert_protocol-1.jsonl,922e653dc7e459643c079536cfc0f79ec61991f4becf5a30c27a13f279b00733,outputs/iclr_dagger_three_task/final/upright/dagger_protocol-1.jsonl,a57fbd6e42520a5285f1ba579e6667eeb259d83010c63d78706096ac5e780f4b,200,200,200,0,[],{},VERIFIED_PAIRED,SAME_RECORDED_EPISODES,N/A_VERIFIED_FOR_FULL_CONDITION,"All episode keys, recorded initial object poses, evaluation seed, jitter, corruption, action noise and physical configuration match. Bank hash, logical initial-condition IDs and final-bank metadata also match.","Paired expert-minus-learner difference and episode-pair bootstrap permitted; separate Wilson binomial intervals; nominal failure characterization only, no execution-speed degradation claim",0.92,0,184,0,16
"upright|rate=2|seed=[79001]|bank=[""80170a6d88af32eca89839c0391aebb59eb22cf4afce2d0b0b2cc0b7ab8cbe7e""]|episode_key=initial_condition_id",S162_r2,S158_r2,upright,dagger:final_round4,DAgger,2,outputs/iclr_dp_three_task_20260919/raw/final/upright/expert_protocol-1.jsonl,922e653dc7e459643c079536cfc0f79ec61991f4becf5a30c27a13f279b00733,outputs/iclr_dagger_three_task/final/upright/dagger_protocol-1.jsonl,a57fbd6e42520a5285f1ba579e6667eeb259d83010c63d78706096ac5e780f4b,200,200,200,0,[],{},VERIFIED_PAIRED,SAME_RECORDED_EPISODES,N/A_VERIFIED_FOR_FULL_CONDITION,"All episode keys, recorded initial object poses, evaluation seed, jitter, corruption, action noise and physical configuration match. Bank hash, logical initial-condition IDs and final-bank metadata also match.","Paired expert-minus-learner difference and episode-pair bootstrap permitted; separate Wilson binomial intervals; nominal failure characterization only, no execution-speed degradation claim",0.515,2,103,0,95
"upright|rate=2.5|seed=[80001]|bank=[""431b44e40964e858b4e3ee6c0717c019203c6738a84b5e7f674d218bbe1f5b37""]|episode_key=initial_condition_id",S162_r2.5,S158_r2.5,upright,dagger:final_round4,DAgger,2.5,outputs/iclr_dp_three_task_20260919/raw/final/upright/expert_protocol-1.jsonl,922e653dc7e459643c079536cfc0f79ec61991f4becf5a30c27a13f279b00733,outputs/iclr_dagger_three_task/final/upright/dagger_protocol-1.jsonl,a57fbd6e42520a5285f1ba579e6667eeb259d83010c63d78706096ac5e780f4b,200,200,200,0,[],{},VERIFIED_PAIRED,SAME_RECORDED_EPISODES,N/A_VERIFIED_FOR_FULL_CONDITION,"All episode keys, recorded initial object poses, evaluation seed, jitter, corruption, action noise and physical configuration match. Bank hash, logical initial-condition IDs and final-bank metadata also match.","Paired expert-minus-learner difference and episode-pair bootstrap permitted; separate Wilson binomial intervals; nominal failure characterization only, no execution-speed degradation claim",-0.01,0,2,4,194
"parcel|rate=0.5|seed=[12345]|bank=[""UNKNOWN_NOT_RECORDED""]|episode_key=episode",S180_r0.5,S183_r0.5,parcel,act:ACT-A:model_seed0,ACT,0.5,data/records/expert_episodes.jsonl.gz,72a3132a06b464548c01a80b53a2950fb67ee7e949311f35c2fc505d221bccca,data/records/act_episodes.jsonl.gz,6efe0d529fb7289244588a3f22e06407a488fcdd8ca44cde9e8c69181ce93c5f,100,100,100,0,[],{},VERIFIED_PAIRED,SAME_RECORDED_EPISODES,N/A_VERIFIED_FOR_FULL_CONDITION,"All episode keys, recorded initial object poses, evaluation seed, jitter, corruption, action noise and physical configuration match. Legacy release has no indexed bank digest or initial joint-state serialization; verification is limited to recorded initial conditions and shared run metadata.",Paired expert-minus-learner difference and episode-pair bootstrap permitted; separate Wilson binomial intervals,0.16,84,16,0,0
"parcel|rate=1|seed=[13345]|bank=[""UNKNOWN_NOT_RECORDED""]|episode_key=episode",S180_r1,S183_r1,parcel,act:ACT-A:model_seed0,ACT,1,data/records/expert_episodes.jsonl.gz,72a3132a06b464548c01a80b53a2950fb67ee7e949311f35c2fc505d221bccca,data/records/act_episodes.jsonl.gz,6efe0d529fb7289244588a3f22e06407a488fcdd8ca44cde9e8c69181ce93c5f,100,100,100,0,[],{},VERIFIED_PAIRED,SAME_RECORDED_EPISODES,N/A_VERIFIED_FOR_FULL_CONDITION,"All episode keys, recorded initial object poses, evaluation seed, jitter, corruption, action noise and physical configuration match. Legacy release has no indexed bank digest or initial joint-state serialization; verification is limited to recorded initial conditions and shared run metadata.",Paired expert-minus-learner difference and episode-pair bootstrap permitted; separate Wilson binomial intervals,0,100,0,0,0
"parcel|rate=1.5|seed=[14345]|bank=[""UNKNOWN_NOT_RECORDED""]|episode_key=episode",S180_r1.5,S183_r1.5,parcel,act:ACT-A:model_seed0,ACT,1.5,data/records/expert_episodes.jsonl.gz,72a3132a06b464548c01a80b53a2950fb67ee7e949311f35c2fc505d221bccca,data/records/act_episodes.jsonl.gz,6efe0d529fb7289244588a3f22e06407a488fcdd8ca44cde9e8c69181ce93c5f,100,100,100,0,[],{},VERIFIED_PAIRED,SAME_RECORDED_EPISODES,N/A_VERIFIED_FOR_FULL_CONDITION,"All episode keys, recorded initial object poses, evaluation seed, jitter, corruption, action noise and physical configuration match. Legacy release has no indexed bank digest or initial joint-state serialization; verification is limited to recorded initial conditions and shared run metadata.",Paired expert-minus-learner difference and episode-pair bootstrap permitted; separate Wilson binomial intervals,0.08,90,9,1,0
"parcel|rate=2|seed=[15345]|bank=[""UNKNOWN_NOT_RECORDED""]|episode_key=episode",S180_r2,S183_r2,parcel,act:ACT-A:model_seed0,ACT,2,data/records/expert_episodes.jsonl.gz,72a3132a06b464548c01a80b53a2950fb67ee7e949311f35c2fc505d221bccca,data/records/act_episodes.jsonl.gz,6efe0d529fb7289244588a3f22e06407a488fcdd8ca44cde9e8c69181ce93c5f,100,100,100,0,[],{},VERIFIED_PAIRED,SAME_RECORDED_EPISODES,N/A_VERIFIED_FOR_FULL_CONDITION,"All episode keys, recorded initial object poses, evaluation seed, jitter, corruption, action noise and physical configuration match. Legacy release has no indexed bank digest or initial joint-state serialization; verification is limited to recorded initial conditions and shared run metadata.",Paired expert-minus-learner difference and episode-pair bootstrap permitted; separate Wilson binomial intervals,0.31,42,42,11,5
"parcel|rate=2.25|seed=[16345]|bank=[""UNKNOWN_NOT_RECORDED""]|episode_key=episode",S180_r2.25,S183_r2.25,parcel,act:ACT-A:model_seed0,ACT,2.25,data/records/expert_episodes.jsonl.gz,72a3132a06b464548c01a80b53a2950fb67ee7e949311f35c2fc505d221bccca,data/records/act_episodes.jsonl.gz,6efe0d529fb7289244588a3f22e06407a488fcdd8ca44cde9e8c69181ce93c5f,100,100,100,0,[],{},VERIFIED_PAIRED,SAME_RECORDED_EPISODES,N/A_VERIFIED_FOR_FULL_CONDITION,"All episode keys, recorded initial object poses, evaluation seed, jitter, corruption, action noise and physical configuration match. Legacy release has no indexed bank digest or initial joint-state serialization; verification is limited to recorded initial conditions and shared run metadata.",Paired expert-minus-learner difference and episode-pair bootstrap permitted; separate Wilson binomial intervals,0.44,33,47,3,17
"parcel|rate=2.5|seed=[17345]|bank=[""UNKNOWN_NOT_RECORDED""]|episode_key=episode",S180_r2.5,S183_r2.5,parcel,act:ACT-A:model_seed0,ACT,2.5,data/records/expert_episodes.jsonl.gz,72a3132a06b464548c01a80b53a2950fb67ee7e949311f35c2fc505d221bccca,data/records/act_episodes.jsonl.gz,6efe0d529fb7289244588a3f22e06407a488fcdd8ca44cde9e8c69181ce93c5f,100,100,100,0,[],{},VERIFIED_PAIRED,SAME_RECORDED_EPISODES,N/A_VERIFIED_FOR_FULL_CONDITION,"All episode keys, recorded initial object poses, evaluation seed, jitter, corruption, action noise and physical configuration match. Legacy release has no indexed bank digest or initial joint-state serialization; verification is limited to recorded initial conditions and shared run metadata.",Paired expert-minus-learner difference and episode-pair bootstrap permitted; separate Wilson binomial intervals,0.29,0,29,0,71
"parcel|rate=3|seed=[18345]|bank=[""UNKNOWN_NOT_RECORDED""]|episode_key=episode",S180_r3,S183_r3,parcel,act:ACT-A:model_seed0,ACT,3,data/records/expert_episodes.jsonl.gz,72a3132a06b464548c01a80b53a2950fb67ee7e949311f35c2fc505d221bccca,data/records/act_episodes.jsonl.gz,6efe0d529fb7289244588a3f22e06407a488fcdd8ca44cde9e8c69181ce93c5f,100,100,100,0,[],{},VERIFIED_PAIRED,SAME_RECORDED_EPISODES,N/A_VERIFIED_FOR_FULL_CONDITION,"All episode keys, recorded initial object poses, evaluation seed, jitter, corruption, action noise and physical configuration match. Legacy release has no indexed bank digest or initial joint-state serialization; verification is limited to recorded initial conditions and shared run metadata.",Paired expert-minus-learner difference and episode-pair bootstrap permitted; separate Wilson binomial intervals,0,0,0,0,100
"parcel|rate=0.5|seed=[12345]|bank=[""UNKNOWN_NOT_RECORDED""]|episode_key=episode",S181_r0.5,S183_r0.5,parcel,dagger:released_final,DAgger,0.5,data/records/expert_episodes.jsonl.gz,72a3132a06b464548c01a80b53a2950fb67ee7e949311f35c2fc505d221bccca,data/records/dagger_episodes.jsonl.gz,24978d8cfea82d9970c9d11b07ed79b8e8d251fa5829cc710b89238e3cfbc18a,100,100,100,0,[],{},VERIFIED_PAIRED,SAME_RECORDED_EPISODES,N/A_VERIFIED_FOR_FULL_CONDITION,"All episode keys, recorded initial object poses, evaluation seed, jitter, corruption, action noise and physical configuration match. Legacy release has no indexed bank digest or initial joint-state serialization; verification is limited to recorded initial conditions and shared run metadata.","Paired expert-minus-learner difference and episode-pair bootstrap permitted; separate Wilson binomial intervals; nominal failure characterization only, no execution-speed degradation claim",0.98,2,98,0,0
"parcel|rate=1|seed=[13345]|bank=[""UNKNOWN_NOT_RECORDED""]|episode_key=episode",S181_r1,S183_r1,parcel,dagger:released_final,DAgger,1,data/records/expert_episodes.jsonl.gz,72a3132a06b464548c01a80b53a2950fb67ee7e949311f35c2fc505d221bccca,data/records/dagger_episodes.jsonl.gz,24978d8cfea82d9970c9d11b07ed79b8e8d251fa5829cc710b89238e3cfbc18a,100,100,100,0,[],{},VERIFIED_PAIRED,SAME_RECORDED_EPISODES,N/A_VERIFIED_FOR_FULL_CONDITION,"All episode keys, recorded initial object poses, evaluation seed, jitter, corruption, action noise and physical configuration match. Legacy release has no indexed bank digest or initial joint-state serialization; verification is limited to recorded initial conditions and shared run metadata.","Paired expert-minus-learner difference and episode-pair bootstrap permitted; separate Wilson binomial intervals; nominal failure characterization only, no execution-speed degradation claim",0.97,3,97,0,0
"parcel|rate=1.5|seed=[14345]|bank=[""UNKNOWN_NOT_RECORDED""]|episode_key=episode",S181_r1.5,S183_r1.5,parcel,dagger:released_final,DAgger,1.5,data/records/expert_episodes.jsonl.gz,72a3132a06b464548c01a80b53a2950fb67ee7e949311f35c2fc505d221bccca,data/records/dagger_episodes.jsonl.gz,24978d8cfea82d9970c9d11b07ed79b8e8d251fa5829cc710b89238e3cfbc18a,100,100,100,0,[],{},VERIFIED_PAIRED,SAME_RECORDED_EPISODES,N/A_VERIFIED_FOR_FULL_CONDITION,"All episode keys, recorded initial object poses, evaluation seed, jitter, corruption, action noise and physical configuration match. Legacy release has no indexed bank digest or initial joint-state serialization; verification is limited to recorded initial conditions and shared run metadata.","Paired expert-minus-learner difference and episode-pair bootstrap permitted; separate Wilson binomial intervals; nominal failure characterization only, no execution-speed degradation claim",0.98,1,98,0,1
"parcel|rate=2|seed=[15345]|bank=[""UNKNOWN_NOT_RECORDED""]|episode_key=episode",S181_r2,S183_r2,parcel,dagger:released_final,DAgger,2,data/records/expert_episodes.jsonl.gz,72a3132a06b464548c01a80b53a2950fb67ee7e949311f35c2fc505d221bccca,data/records/dagger_episodes.jsonl.gz,24978d8cfea82d9970c9d11b07ed79b8e8d251fa5829cc710b89238e3cfbc18a,100,100,97,3,"[96,97,98]","{""initial_object_pose"":3}",STANDALONE_DISTRIBUTION_NOT_ESTABLISHED,NOT_ESTABLISHED_FULL_RESET_LAW,"3/100 episode keys fail initial-condition/configuration equality: {""initial_object_pose"":3}. Equal recorded jitter/noise/physical settings do not verify the full joint reset distribution. Legacy bank digest and initial joint states are absent; recorded execution commit 6669c05be78a4ecf08c18793219d1c3106eb4b5a is unavailable in this repository. Neither full-condition pairing nor matched-distribution comparison is established. Do not select the matching subset or rematch by nearest pose.","3/100 episode keys fail initial-condition/configuration equality: {""initial_object_pose"":3}. Equal recorded jitter/noise/physical settings do not verify the full joint reset distribution. Legacy bank digest and initial joint states are absent; recorded execution commit 6669c05be78a4ecf08c18793219d1c3106eb4b5a is unavailable in this repository. Neither full-condition pairing nor matched-distribution comparison is established. Do not select the matching subset or rematch by nearest pose.","Standalone success rate with Wilson binomial interval only; no expert-minus-learner difference; nominal failure characterization only, no execution-speed degradation claim",,,,,
"parcel|rate=2.25|seed=[16345]|bank=[""UNKNOWN_NOT_RECORDED""]|episode_key=episode",S181_r2.25,S183_r2.25,parcel,dagger:released_final,DAgger,2.25,data/records/expert_episodes.jsonl.gz,72a3132a06b464548c01a80b53a2950fb67ee7e949311f35c2fc505d221bccca,data/records/dagger_episodes.jsonl.gz,24978d8cfea82d9970c9d11b07ed79b8e8d251fa5829cc710b89238e3cfbc18a,100,100,100,0,[],{},VERIFIED_PAIRED,SAME_RECORDED_EPISODES,N/A_VERIFIED_FOR_FULL_CONDITION,"All episode keys, recorded initial object poses, evaluation seed, jitter, corruption, action noise and physical configuration match. Legacy release has no indexed bank digest or initial joint-state serialization; verification is limited to recorded initial conditions and shared run metadata.","Paired expert-minus-learner difference and episode-pair bootstrap permitted; separate Wilson binomial intervals; nominal failure characterization only, no execution-speed degradation claim",0.79,1,79,0,20
"parcel|rate=2.5|seed=[17345]|bank=[""UNKNOWN_NOT_RECORDED""]|episode_key=episode",S181_r2.5,S183_r2.5,parcel,dagger:released_final,DAgger,2.5,data/records/expert_episodes.jsonl.gz,72a3132a06b464548c01a80b53a2950fb67ee7e949311f35c2fc505d221bccca,data/records/dagger_episodes.jsonl.gz,24978d8cfea82d9970c9d11b07ed79b8e8d251fa5829cc710b89238e3cfbc18a,100,100,23,77,"[0,1,2,3,4,5,6,7,8,32,33,34,35,36,37,38,39,40,41,42,43,44,45,46,47,48,49,50,51,52,53,54,55,56,57,58,59,60,61,62,63,64,65,66,67,68,69,70,71,72,73,74,75,76,77,78,79,80,81,82,83,84,85,86,87,88,89,90,91,92,93,94,95,96,97,98,99]","{""initial_object_pose"":77}",STANDALONE_DISTRIBUTION_NOT_ESTABLISHED,NOT_ESTABLISHED_FULL_RESET_LAW,"77/100 episode keys fail initial-condition/configuration equality: {""initial_object_pose"":77}. Equal recorded jitter/noise/physical settings do not verify the full joint reset distribution. Legacy bank digest and initial joint states are absent; recorded execution commit 6669c05be78a4ecf08c18793219d1c3106eb4b5a is unavailable in this repository. Neither full-condition pairing nor matched-distribution comparison is established. Do not select the matching subset or rematch by nearest pose.","77/100 episode keys fail initial-condition/configuration equality: {""initial_object_pose"":77}. Equal recorded jitter/noise/physical settings do not verify the full joint reset distribution. Legacy bank digest and initial joint states are absent; recorded execution commit 6669c05be78a4ecf08c18793219d1c3106eb4b5a is unavailable in this repository. Neither full-condition pairing nor matched-distribution comparison is established. Do not select the matching subset or rematch by nearest pose.","Standalone success rate with Wilson binomial interval only; no expert-minus-learner difference; nominal failure characterization only, no execution-speed degradation claim",,,,,
"parcel|rate=3|seed=[18345]|bank=[""UNKNOWN_NOT_RECORDED""]|episode_key=episode",S181_r3,S183_r3,parcel,dagger:released_final,DAgger,3,data/records/expert_episodes.jsonl.gz,72a3132a06b464548c01a80b53a2950fb67ee7e949311f35c2fc505d221bccca,data/records/dagger_episodes.jsonl.gz,24978d8cfea82d9970c9d11b07ed79b8e8d251fa5829cc710b89238e3cfbc18a,100,100,100,0,[],{},VERIFIED_PAIRED,SAME_RECORDED_EPISODES,N/A_VERIFIED_FOR_FULL_CONDITION,"All episode keys, recorded initial object poses, evaluation seed, jitter, corruption, action noise and physical configuration match. Legacy release has no indexed bank digest or initial joint-state serialization; verification is limited to recorded initial conditions and shared run metadata.","Paired expert-minus-learner difference and episode-pair bootstrap permitted; separate Wilson binomial intervals; nominal failure characterization only, no execution-speed degradation claim",0,0,0,0,100
"parcel|rate=0.5|seed=[12345]|bank=[""UNKNOWN_NOT_RECORDED""]|episode_key=episode",S182_r0.5,S183_r0.5,parcel,dp,Diffusion Policy,0.5,data/records/expert_episodes.jsonl.gz,72a3132a06b464548c01a80b53a2950fb67ee7e949311f35c2fc505d221bccca,data/records/dp_episodes.jsonl.gz,abfc48a31a16421ac6f8b1e6cb0fb1c0060d9fabc1296bfcbeced0e271e25e36,100,100,32,68,"[32,33,34,35,36,37,38,39,40,41,42,43,44,45,46,47,48,49,50,51,52,53,54,55,56,57,58,59,60,61,62,63,64,65,66,67,68,69,70,71,72,73,74,75,76,77,78,79,80,81,82,83,84,85,86,87,88,89,90,91,92,93,94,95,96,97,98,99]","{""initial_object_pose"":68}",STANDALONE_DISTRIBUTION_NOT_ESTABLISHED,NOT_ESTABLISHED_FULL_RESET_LAW,"68/100 episode keys fail initial-condition/configuration equality: {""initial_object_pose"":68}. Equal recorded jitter/noise/physical settings do not verify the full joint reset distribution. Legacy bank digest and initial joint states are absent; recorded execution commit 6669c05be78a4ecf08c18793219d1c3106eb4b5a is unavailable in this repository. Neither full-condition pairing nor matched-distribution comparison is established. Do not select the matching subset or rematch by nearest pose.","68/100 episode keys fail initial-condition/configuration equality: {""initial_object_pose"":68}. Equal recorded jitter/noise/physical settings do not verify the full joint reset distribution. Legacy bank digest and initial joint states are absent; recorded execution commit 6669c05be78a4ecf08c18793219d1c3106eb4b5a is unavailable in this repository. Neither full-condition pairing nor matched-distribution comparison is established. Do not select the matching subset or rematch by nearest pose.",Standalone success rate with Wilson binomial interval only; no expert-minus-learner difference,,,,,
"parcel|rate=1|seed=[13345]|bank=[""UNKNOWN_NOT_RECORDED""]|episode_key=episode",S182_r1,S183_r1,parcel,dp,Diffusion Policy,1,data/records/expert_episodes.jsonl.gz,72a3132a06b464548c01a80b53a2950fb67ee7e949311f35c2fc505d221bccca,data/records/dp_episodes.jsonl.gz,abfc48a31a16421ac6f8b1e6cb0fb1c0060d9fabc1296bfcbeced0e271e25e36,100,100,32,68,"[32,33,34,35,36,37,38,39,40,41,42,43,44,45,46,47,48,49,50,51,52,53,54,55,56,57,58,59,60,61,62,63,64,65,66,67,68,69,70,71,72,73,74,75,76,77,78,79,80,81,82,83,84,85,86,87,88,89,90,91,92,93,94,95,96,97,98,99]","{""initial_object_pose"":68}",STANDALONE_DISTRIBUTION_NOT_ESTABLISHED,NOT_ESTABLISHED_FULL_RESET_LAW,"68/100 episode keys fail initial-condition/configuration equality: {""initial_object_pose"":68}. Equal recorded jitter/noise/physical settings do not verify the full joint reset distribution. Legacy bank digest and initial joint states are absent; recorded execution commit 6669c05be78a4ecf08c18793219d1c3106eb4b5a is unavailable in this repository. Neither full-condition pairing nor matched-distribution comparison is established. Do not select the matching subset or rematch by nearest pose.","68/100 episode keys fail initial-condition/configuration equality: {""initial_object_pose"":68}. Equal recorded jitter/noise/physical settings do not verify the full joint reset distribution. Legacy bank digest and initial joint states are absent; recorded execution commit 6669c05be78a4ecf08c18793219d1c3106eb4b5a is unavailable in this repository. Neither full-condition pairing nor matched-distribution comparison is established. Do not select the matching subset or rematch by nearest pose.",Standalone success rate with Wilson binomial interval only; no expert-minus-learner difference,,,,,
"parcel|rate=1.5|seed=[14345]|bank=[""UNKNOWN_NOT_RECORDED""]|episode_key=episode",S182_r1.5,S183_r1.5,parcel,dp,Diffusion Policy,1.5,data/records/expert_episodes.jsonl.gz,72a3132a06b464548c01a80b53a2950fb67ee7e949311f35c2fc505d221bccca,data/records/dp_episodes.jsonl.gz,abfc48a31a16421ac6f8b1e6cb0fb1c0060d9fabc1296bfcbeced0e271e25e36,100,100,32,68,"[32,33,34,35,36,37,38,39,40,41,42,43,44,45,46,47,48,49,50,51,52,53,54,55,56,57,58,59,60,61,62,63,64,65,66,67,68,69,70,71,72,73,74,75,76,77,78,79,80,81,82,83,84,85,86,87,88,89,90,91,92,93,94,95,96,97,98,99]","{""initial_object_pose"":68}",STANDALONE_DISTRIBUTION_NOT_ESTABLISHED,NOT_ESTABLISHED_FULL_RESET_LAW,"68/100 episode keys fail initial-condition/configuration equality: {""initial_object_pose"":68}. Equal recorded jitter/noise/physical settings do not verify the full joint reset distribution. Legacy bank digest and initial joint states are absent; recorded execution commit 6669c05be78a4ecf08c18793219d1c3106eb4b5a is unavailable in this repository. Neither full-condition pairing nor matched-distribution comparison is established. Do not select the matching subset or rematch by nearest pose.","68/100 episode keys fail initial-condition/configuration equality: {""initial_object_pose"":68}. Equal recorded jitter/noise/physical settings do not verify the full joint reset distribution. Legacy bank digest and initial joint states are absent; recorded execution commit 6669c05be78a4ecf08c18793219d1c3106eb4b5a is unavailable in this repository. Neither full-condition pairing nor matched-distribution comparison is established. Do not select the matching subset or rematch by nearest pose.",Standalone success rate with Wilson binomial interval only; no expert-minus-learner difference,,,,,
"parcel|rate=2|seed=[15345]|bank=[""UNKNOWN_NOT_RECORDED""]|episode_key=episode",S182_r2,S183_r2,parcel,dp,Diffusion Policy,2,data/records/expert_episodes.jsonl.gz,72a3132a06b464548c01a80b53a2950fb67ee7e949311f35c2fc505d221bccca,data/records/dp_episodes.jsonl.gz,abfc48a31a16421ac6f8b1e6cb0fb1c0060d9fabc1296bfcbeced0e271e25e36,100,100,32,68,"[32,33,34,35,36,37,38,39,40,41,42,43,44,45,46,47,48,49,50,51,52,53,54,55,56,57,58,59,60,61,62,63,64,65,66,67,68,69,70,71,72,73,74,75,76,77,78,79,80,81,82,83,84,85,86,87,88,89,90,91,92,93,94,95,96,97,98,99]","{""initial_object_pose"":68}",STANDALONE_DISTRIBUTION_NOT_ESTABLISHED,NOT_ESTABLISHED_FULL_RESET_LAW,"68/100 episode keys fail initial-condition/configuration equality: {""initial_object_pose"":68}. Equal recorded jitter/noise/physical settings do not verify the full joint reset distribution. Legacy bank digest and initial joint states are absent; recorded execution commit 6669c05be78a4ecf08c18793219d1c3106eb4b5a is unavailable in this repository. Neither full-condition pairing nor matched-distribution comparison is established. Do not select the matching subset or rematch by nearest pose.","68/100 episode keys fail initial-condition/configuration equality: {""initial_object_pose"":68}. Equal recorded jitter/noise/physical settings do not verify the full joint reset distribution. Legacy bank digest and initial joint states are absent; recorded execution commit 6669c05be78a4ecf08c18793219d1c3106eb4b5a is unavailable in this repository. Neither full-condition pairing nor matched-distribution comparison is established. Do not select the matching subset or rematch by nearest pose.",Standalone success rate with Wilson binomial interval only; no expert-minus-learner difference,,,,,
"parcel|rate=2.25|seed=[16345]|bank=[""UNKNOWN_NOT_RECORDED""]|episode_key=episode",S182_r2.25,S183_r2.25,parcel,dp,Diffusion Policy,2.25,data/records/expert_episodes.jsonl.gz,72a3132a06b464548c01a80b53a2950fb67ee7e949311f35c2fc505d221bccca,data/records/dp_episodes.jsonl.gz,abfc48a31a16421ac6f8b1e6cb0fb1c0060d9fabc1296bfcbeced0e271e25e36,100,100,32,68,"[32,33,34,35,36,37,38,39,40,41,42,43,44,45,46,47,48,49,50,51,52,53,54,55,56,57,58,59,60,61,62,63,64,65,66,67,68,69,70,71,72,73,74,75,76,77,78,79,80,81,82,83,84,85,86,87,88,89,90,91,92,93,94,95,96,97,98,99]","{""initial_object_pose"":68}",STANDALONE_DISTRIBUTION_NOT_ESTABLISHED,NOT_ESTABLISHED_FULL_RESET_LAW,"68/100 episode keys fail initial-condition/configuration equality: {""initial_object_pose"":68}. Equal recorded jitter/noise/physical settings do not verify the full joint reset distribution. Legacy bank digest and initial joint states are absent; recorded execution commit 6669c05be78a4ecf08c18793219d1c3106eb4b5a is unavailable in this repository. Neither full-condition pairing nor matched-distribution comparison is established. Do not select the matching subset or rematch by nearest pose.","68/100 episode keys fail initial-condition/configuration equality: {""initial_object_pose"":68}. Equal recorded jitter/noise/physical settings do not verify the full joint reset distribution. Legacy bank digest and initial joint states are absent; recorded execution commit 6669c05be78a4ecf08c18793219d1c3106eb4b5a is unavailable in this repository. Neither full-condition pairing nor matched-distribution comparison is established. Do not select the matching subset or rematch by nearest pose.",Standalone success rate with Wilson binomial interval only; no expert-minus-learner difference,,,,,
"parcel|rate=2.5|seed=[17345]|bank=[""UNKNOWN_NOT_RECORDED""]|episode_key=episode",S182_r2.5,S183_r2.5,parcel,dp,Diffusion Policy,2.5,data/records/expert_episodes.jsonl.gz,72a3132a06b464548c01a80b53a2950fb67ee7e949311f35c2fc505d221bccca,data/records/dp_episodes.jsonl.gz,abfc48a31a16421ac6f8b1e6cb0fb1c0060d9fabc1296bfcbeced0e271e25e36,100,100,32,68,"[32,33,34,35,36,37,38,39,40,41,42,43,44,45,46,47,48,49,50,51,52,53,54,55,56,57,58,59,60,61,62,63,64,65,66,67,68,69,70,71,72,73,74,75,76,77,78,79,80,81,82,83,84,85,86,87,88,89,90,91,92,93,94,95,96,97,98,99]","{""initial_object_pose"":68}",STANDALONE_DISTRIBUTION_NOT_ESTABLISHED,NOT_ESTABLISHED_FULL_RESET_LAW,"68/100 episode keys fail initial-condition/configuration equality: {""initial_object_pose"":68}. Equal recorded jitter/noise/physical settings do not verify the full joint reset distribution. Legacy bank digest and initial joint states are absent; recorded execution commit 6669c05be78a4ecf08c18793219d1c3106eb4b5a is unavailable in this repository. Neither full-condition pairing nor matched-distribution comparison is established. Do not select the matching subset or rematch by nearest pose.","68/100 episode keys fail initial-condition/configuration equality: {""initial_object_pose"":68}. Equal recorded jitter/noise/physical settings do not verify the full joint reset distribution. Legacy bank digest and initial joint states are absent; recorded execution commit 6669c05be78a4ecf08c18793219d1c3106eb4b5a is unavailable in this repository. Neither full-condition pairing nor matched-distribution comparison is established. Do not select the matching subset or rematch by nearest pose.",Standalone success rate with Wilson binomial interval only; no expert-minus-learner difference,,,,,
"parcel|rate=3|seed=[18345]|bank=[""UNKNOWN_NOT_RECORDED""]|episode_key=episode",S182_r3,S183_r3,parcel,dp,Diffusion Policy,3,data/records/expert_episodes.jsonl.gz,72a3132a06b464548c01a80b53a2950fb67ee7e949311f35c2fc505d221bccca,data/records/dp_episodes.jsonl.gz,abfc48a31a16421ac6f8b1e6cb0fb1c0060d9fabc1296bfcbeced0e271e25e36,100,100,32,68,"[32,33,34,35,36,37,38,39,40,41,42,43,44,45,46,47,48,49,50,51,52,53,54,55,56,57,58,59,60,61,62,63,64,65,66,67,68,69,70,71,72,73,74,75,76,77,78,79,80,81,82,83,84,85,86,87,88,89,90,91,92,93,94,95,96,97,98,99]","{""initial_object_pose"":68}",STANDALONE_DISTRIBUTION_NOT_ESTABLISHED,NOT_ESTABLISHED_FULL_RESET_LAW,"68/100 episode keys fail initial-condition/configuration equality: {""initial_object_pose"":68}. Equal recorded jitter/noise/physical settings do not verify the full joint reset distribution. Legacy bank digest and initial joint states are absent; recorded execution commit 6669c05be78a4ecf08c18793219d1c3106eb4b5a is unavailable in this repository. Neither full-condition pairing nor matched-distribution comparison is established. Do not select the matching subset or rematch by nearest pose.","68/100 episode keys fail initial-condition/configuration equality: {""initial_object_pose"":68}. Equal recorded jitter/noise/physical settings do not verify the full joint reset distribution. Legacy bank digest and initial joint states are absent; recorded execution commit 6669c05be78a4ecf08c18793219d1c3106eb4b5a is unavailable in this repository. Neither full-condition pairing nor matched-distribution comparison is established. Do not select the matching subset or rematch by nearest pose.",Standalone success rate with Wilson binomial interval only; no expert-minus-learner difference,,,,,
"parcel|rate=1|seed=[13345]|bank=[""UNKNOWN_NOT_RECORDED""]|episode_key=episode",S186_r1,S183_r1,parcel,act:subset100:model_seed0,ACT,1,data/records/expert_episodes.jsonl.gz,72a3132a06b464548c01a80b53a2950fb67ee7e949311f35c2fc505d221bccca,data/records/replication/act_n100.jsonl.gz,692219bbbd96be21bb4791d1843e8fc571c77000bd52e965a25fa7a16d89a59e,100,100,100,0,[],{},VERIFIED_PAIRED,SAME_RECORDED_EPISODES,N/A_VERIFIED_FOR_FULL_CONDITION,"All episode keys, recorded initial object poses, evaluation seed, jitter, corruption, action noise and physical configuration match. Legacy release has no indexed bank digest or initial joint-state serialization; verification is limited to recorded initial conditions and shared run metadata.",Paired expert-minus-learner difference and episode-pair bootstrap permitted; separate Wilson binomial intervals,0.56,44,56,0,0
"parcel|rate=1.5|seed=[14345]|bank=[""UNKNOWN_NOT_RECORDED""]|episode_key=episode",S186_r1.5,S183_r1.5,parcel,act:subset100:model_seed0,ACT,1.5,data/records/expert_episodes.jsonl.gz,72a3132a06b464548c01a80b53a2950fb67ee7e949311f35c2fc505d221bccca,data/records/replication/act_n100.jsonl.gz,692219bbbd96be21bb4791d1843e8fc571c77000bd52e965a25fa7a16d89a59e,100,100,100,0,[],{},VERIFIED_PAIRED,SAME_RECORDED_EPISODES,N/A_VERIFIED_FOR_FULL_CONDITION,"All episode keys, recorded initial object poses, evaluation seed, jitter, corruption, action noise and physical configuration match. Legacy release has no indexed bank digest or initial joint-state serialization; verification is limited to recorded initial conditions and shared run metadata.",Paired expert-minus-learner difference and episode-pair bootstrap permitted; separate Wilson binomial intervals,0.34,64,35,1,0
"parcel|rate=2|seed=[15345]|bank=[""UNKNOWN_NOT_RECORDED""]|episode_key=episode",S186_r2,S183_r2,parcel,act:subset100:model_seed0,ACT,2,data/records/expert_episodes.jsonl.gz,72a3132a06b464548c01a80b53a2950fb67ee7e949311f35c2fc505d221bccca,data/records/replication/act_n100.jsonl.gz,692219bbbd96be21bb4791d1843e8fc571c77000bd52e965a25fa7a16d89a59e,100,100,100,0,[],{},VERIFIED_PAIRED,SAME_RECORDED_EPISODES,N/A_VERIFIED_FOR_FULL_CONDITION,"All episode keys, recorded initial object poses, evaluation seed, jitter, corruption, action noise and physical configuration match. Legacy release has no indexed bank digest or initial joint-state serialization; verification is limited to recorded initial conditions and shared run metadata.",Paired expert-minus-learner difference and episode-pair bootstrap permitted; separate Wilson binomial intervals,0.4,36,48,8,8
"parcel|rate=1|seed=[13345]|bank=[""UNKNOWN_NOT_RECORDED""]|episode_key=episode",S187_r1,S183_r1,parcel,act:subset50:model_seed0,ACT,1,data/records/expert_episodes.jsonl.gz,72a3132a06b464548c01a80b53a2950fb67ee7e949311f35c2fc505d221bccca,data/records/replication/act_n50.jsonl.gz,a314fe7b97fa888f29727f1805a9ce0e452ab6a2d2db8df19e66654f13d24715,100,100,100,0,[],{},VERIFIED_PAIRED,SAME_RECORDED_EPISODES,N/A_VERIFIED_FOR_FULL_CONDITION,"All episode keys, recorded initial object poses, evaluation seed, jitter, corruption, action noise and physical configuration match. Legacy release has no indexed bank digest or initial joint-state serialization; verification is limited to recorded initial conditions and shared run metadata.",Paired expert-minus-learner difference and episode-pair bootstrap permitted; separate Wilson binomial intervals,0.73,27,73,0,0
"parcel|rate=1.5|seed=[14345]|bank=[""UNKNOWN_NOT_RECORDED""]|episode_key=episode",S187_r1.5,S183_r1.5,parcel,act:subset50:model_seed0,ACT,1.5,data/records/expert_episodes.jsonl.gz,72a3132a06b464548c01a80b53a2950fb67ee7e949311f35c2fc505d221bccca,data/records/replication/act_n50.jsonl.gz,a314fe7b97fa888f29727f1805a9ce0e452ab6a2d2db8df19e66654f13d24715,100,100,100,0,[],{},VERIFIED_PAIRED,SAME_RECORDED_EPISODES,N/A_VERIFIED_FOR_FULL_CONDITION,"All episode keys, recorded initial object poses, evaluation seed, jitter, corruption, action noise and physical configuration match. Legacy release has no indexed bank digest or initial joint-state serialization; verification is limited to recorded initial conditions and shared run metadata.",Paired expert-minus-learner difference and episode-pair bootstrap permitted; separate Wilson binomial intervals,0.76,23,76,0,1
"parcel|rate=2|seed=[15345]|bank=[""UNKNOWN_NOT_RECORDED""]|episode_key=episode",S187_r2,S183_r2,parcel,act:subset50:model_seed0,ACT,2,data/records/expert_episodes.jsonl.gz,72a3132a06b464548c01a80b53a2950fb67ee7e949311f35c2fc505d221bccca,data/records/replication/act_n50.jsonl.gz,a314fe7b97fa888f29727f1805a9ce0e452ab6a2d2db8df19e66654f13d24715,100,100,100,0,[],{},VERIFIED_PAIRED,SAME_RECORDED_EPISODES,N/A_VERIFIED_FOR_FULL_CONDITION,"All episode keys, recorded initial object poses, evaluation seed, jitter, corruption, action noise and physical configuration match. Legacy release has no indexed bank digest or initial joint-state serialization; verification is limited to recorded initial conditions and shared run metadata.",Paired expert-minus-learner difference and episode-pair bootstrap permitted; separate Wilson binomial intervals,0.38,34,50,12,4
"parcel|rate=1|seed=[13345]|bank=[""UNKNOWN_NOT_RECORDED""]|episode_key=episode",S189_r1,S183_r1,parcel,act:ACT-B:model_seed1,ACT,1,data/records/expert_episodes.jsonl.gz,72a3132a06b464548c01a80b53a2950fb67ee7e949311f35c2fc505d221bccca,data/records/replication/act_seed2.jsonl.gz,b675daf7b0c3ab6efacc8ec0594b4296fd390aa32ea5129e292fc5ebd0588046,100,100,100,0,[],{},VERIFIED_PAIRED,SAME_RECORDED_EPISODES,N/A_VERIFIED_FOR_FULL_CONDITION,"All episode keys, recorded initial object poses, evaluation seed, jitter, corruption, action noise and physical configuration match. Legacy release has no indexed bank digest or initial joint-state serialization; verification is limited to recorded initial conditions and shared run metadata.",Paired expert-minus-learner difference and episode-pair bootstrap permitted; separate Wilson binomial intervals,0.3,70,30,0,0
"parcel|rate=1.5|seed=[14345]|bank=[""UNKNOWN_NOT_RECORDED""]|episode_key=episode",S189_r1.5,S183_r1.5,parcel,act:ACT-B:model_seed1,ACT,1.5,data/records/expert_episodes.jsonl.gz,72a3132a06b464548c01a80b53a2950fb67ee7e949311f35c2fc505d221bccca,data/records/replication/act_seed2.jsonl.gz,b675daf7b0c3ab6efacc8ec0594b4296fd390aa32ea5129e292fc5ebd0588046,100,100,100,0,[],{},VERIFIED_PAIRED,SAME_RECORDED_EPISODES,N/A_VERIFIED_FOR_FULL_CONDITION,"All episode keys, recorded initial object poses, evaluation seed, jitter, corruption, action noise and physical configuration match. Legacy release has no indexed bank digest or initial joint-state serialization; verification is limited to recorded initial conditions and shared run metadata.",Paired expert-minus-learner difference and episode-pair bootstrap permitted; separate Wilson binomial intervals,0.41,57,42,1,0
"parcel|rate=2|seed=[15345]|bank=[""UNKNOWN_NOT_RECORDED""]|episode_key=episode",S189_r2,S183_r2,parcel,act:ACT-B:model_seed1,ACT,2,data/records/expert_episodes.jsonl.gz,72a3132a06b464548c01a80b53a2950fb67ee7e949311f35c2fc505d221bccca,data/records/replication/act_seed2.jsonl.gz,b675daf7b0c3ab6efacc8ec0594b4296fd390aa32ea5129e292fc5ebd0588046,100,100,100,0,[],{},VERIFIED_PAIRED,SAME_RECORDED_EPISODES,N/A_VERIFIED_FOR_FULL_CONDITION,"All episode keys, recorded initial object poses, evaluation seed, jitter, corruption, action noise and physical configuration match. Legacy release has no indexed bank digest or initial joint-state serialization; verification is limited to recorded initial conditions and shared run metadata.",Paired expert-minus-learner difference and episode-pair bootstrap permitted; separate Wilson binomial intervals,0.48,29,55,7,9
"parcel|rate=1|seed=[13345]|bank=[""UNKNOWN_NOT_RECORDED""]|episode_key=episode",S190_r1,S183_r1,parcel,act:ACT-C:model_seed2,ACT,1,data/records/expert_episodes.jsonl.gz,72a3132a06b464548c01a80b53a2950fb67ee7e949311f35c2fc505d221bccca,data/records/replication/act_seed3.jsonl.gz,6ec5732b6d3998b1bb93f032bc4cb0580c068870c1495007efcbf9eac0988d05,100,100,100,0,[],{},VERIFIED_PAIRED,SAME_RECORDED_EPISODES,N/A_VERIFIED_FOR_FULL_CONDITION,"All episode keys, recorded initial object poses, evaluation seed, jitter, corruption, action noise and physical configuration match. Legacy release has no indexed bank digest or initial joint-state serialization; verification is limited to recorded initial conditions and shared run metadata.",Paired expert-minus-learner difference and episode-pair bootstrap permitted; separate Wilson binomial intervals,0.38,62,38,0,0
"parcel|rate=1.5|seed=[14345]|bank=[""UNKNOWN_NOT_RECORDED""]|episode_key=episode",S190_r1.5,S183_r1.5,parcel,act:ACT-C:model_seed2,ACT,1.5,data/records/expert_episodes.jsonl.gz,72a3132a06b464548c01a80b53a2950fb67ee7e949311f35c2fc505d221bccca,data/records/replication/act_seed3.jsonl.gz,6ec5732b6d3998b1bb93f032bc4cb0580c068870c1495007efcbf9eac0988d05,100,100,100,0,[],{},VERIFIED_PAIRED,SAME_RECORDED_EPISODES,N/A_VERIFIED_FOR_FULL_CONDITION,"All episode keys, recorded initial object poses, evaluation seed, jitter, corruption, action noise and physical configuration match. Legacy release has no indexed bank digest or initial joint-state serialization; verification is limited to recorded initial conditions and shared run metadata.",Paired expert-minus-learner difference and episode-pair bootstrap permitted; separate Wilson binomial intervals,0.55,44,55,0,1
"parcel|rate=2|seed=[15345]|bank=[""UNKNOWN_NOT_RECORDED""]|episode_key=episode",S190_r2,S183_r2,parcel,act:ACT-C:model_seed2,ACT,2,data/records/expert_episodes.jsonl.gz,72a3132a06b464548c01a80b53a2950fb67ee7e949311f35c2fc505d221bccca,data/records/replication/act_seed3.jsonl.gz,6ec5732b6d3998b1bb93f032bc4cb0580c068870c1495007efcbf9eac0988d05,100,100,100,0,[],{},VERIFIED_PAIRED,SAME_RECORDED_EPISODES,N/A_VERIFIED_FOR_FULL_CONDITION,"All episode keys, recorded initial object poses, evaluation seed, jitter, corruption, action noise and physical configuration match. Legacy release has no indexed bank digest or initial joint-state serialization; verification is limited to recorded initial conditions and shared run metadata.",Paired expert-minus-learner difference and episode-pair bootstrap permitted; separate Wilson binomial intervals,0.7,13,71,1,15
